,timestamp,open,high,low,close,volume,jitta_stock_id
271,2018-12-31,54.280963,54.488643,53.973953,54.367336,217905.05093063,2572065
272,2019-01-02,53.685945,54.069827,53.273271,53.73393,284159.30364605,2572065
273,2019-01-03,53.753124,53.80111,52.946971,52.975763,169315.14399828,2572065
274,2019-01-04,53.666751,54.712926,53.446019,54.501695,123134.09873688,2572065
275,2019-01-07,54.415321,55.012067,54.300157,54.655248,2944282.521581345,2572065
276,2019-01-08,55.20228,55.279057,54.639317,55.221474,3963206.056041225,2572065
277,2019-01-09,55.509386,55.787701,55.36543,55.509386,535575.36327239,2572065
278,2019-01-10,55.307848,55.69173,55.125504,55.672536,103288.341568125,2572065
279,2019-01-11,55.43261,55.710924,55.250265,55.682133,122731.02228198,2572065
280,2019-01-14,55.307848,55.307848,54.991145,55.058324,142761.042972975,2572065
281,2019-01-15,55.20228,55.835686,55.144698,55.835686,128446.070588955,2572065
282,2019-01-16,55.883671,56.114001,55.701327,55.739715,73646.866839455,2572065
283,2019-01-17,55.624551,56.315539,55.624551,56.200374,112341.24680401,2572065
284,2019-01-18,56.584257,56.795392,56.219568,56.73781,88140.344510645,2572065
285,2019-01-22,56.315539,56.401913,55.979642,56.325136,224449.285087685,2572065
286,2019-01-23,56.478689,56.699421,55.950851,56.421107,58642.825658725,2572065
287,2019-01-24,56.296345,56.334733,55.682133,55.989239,213279.26875773,2572065
288,2019-01-25,56.142792,56.238763,55.92206,56.056418,149214.105074755,2572065
289,2019-01-28,55.710924,55.768507,55.317445,55.538177,119034.23536704,2572065
290,2019-01-29,55.557371,55.931657,55.557371,55.85488,1687775.16783911,2572065
291,2019-01-30,56.01803,56.554314,55.816492,56.392315,101837.266330485,2572065
292,2019-01-31,56.41151,57.198468,56.363524,57.102498,185970.838938255,2572065
293,2019-02-01,57.150483,57.373807,56.929751,57.236857,116340.341060125,2572065
294,2019-02-04,57.236857,57.236857,56.661033,57.150483,1376970.59111248,2572065
295,2019-02-05,57.217662,57.48638,57.102498,57.150483,190549.59552475,2572065
296,2019-02-06,57.112095,57.284842,56.965452,57.246454,112158.90269346,2572065
297,2019-02-07,57.016124,57.016124,56.459495,56.747407,293195.89388257,2572065
298,2019-02-08,56.584257,56.881765,56.459495,56.881765,94369.79515054,2572065
299,2019-02-11,56.804989,56.910557,56.573508,56.641839,80834.10391266,2572065
300,2019-02-12,56.987333,57.524768,56.968139,57.495977,100422.659914955,2572065
301,2019-02-13,57.495977,57.582351,57.246454,57.447992,70067.164037605,2572065
302,2019-02-14,57.438395,57.803083,57.32323,57.64953,117446.88189941,2572065
303,2019-02-15,58.090995,58.542057,58.052607,58.532459,34619.468946685,2572065
304,2019-02-19,58.340518,58.542057,58.340518,58.417295,73002.90421746,2572065
305,2019-02-20,58.254145,58.513265,58.196562,58.426892,50696.461262125,2572065
306,2019-02-21,58.282936,58.282936,57.726307,57.97583,101009.04018625,2572065
307,2019-02-22,58.023815,58.417295,57.937442,58.330921,29361.24062193,2572065
308,2019-02-25,58.695609,58.79158,58.494071,58.532459,187230.93271274,2572065
309,2019-02-26,58.436489,58.62843,58.365567,58.494071,86262.20017198,2572065
310,2019-02-27,58.340518,58.484474,58.139076,58.254145,61933.65700123,2572065
311,2019-02-28,58.177368,58.436489,58.119786,58.186965,168699.972551635,2572065
312,2019-03-01,58.542057,58.906745,58.494071,58.858759,38196.292631,2572065
313,2019-03-04,59.156268,59.156268,57.995024,58.369309,105929.452053565,2572065
314,2019-03-05,58.359712,58.609236,58.13898,58.436489,107372.849644445,2572065
315,2019-03-06,58.455683,58.455683,57.607399,57.783889,74549.9500396,2572065
316,2019-03-07,57.639933,57.745501,57.073707,57.188871,120632.145598965,2572065
317,2019-03-08,57.016124,57.208065,56.766601,57.208065,71409.79251476,2572065
318,2019-03-11,57.208065,57.725635,57.188871,57.678321,66410.684768155,2572065
319,2019-03-12,57.745501,58.129383,57.745501,57.966233,179540.809776755,2572065
320,2019-03-13,58.196562,58.705207,58.148577,58.62843,95758.489508255,2572065
321,2019-03-14,58.522862,58.648008,58.359712,58.494071,84048.158787565,2572065
322,2019-03-15,58.695609,58.945133,58.55578,58.877954,95499.368930105,2572065
323,2019-03-18,58.877954,58.906745,58.624111,58.772386,187841.30563016,2572065
324,2019-03-19,58.993118,59.348209,58.916342,59.204254,38214.527042055,2572065
325,2019-03-20,59.060298,59.24792,58.664323,58.935536,46014.05644437,2572065
326,2019-03-21,58.398101,59.055691,58.398101,58.993118,119071.663894995,2572065
327,2019-03-22,58.695609,58.76039,57.956636,57.956636,221082.636983425,2572065
328,2019-03-25,57.937442,58.014218,57.582351,57.97583,72555.68129369,2572065
329,2019-03-26,58.350115,58.700888,58.254145,58.378907,65339.653045135,2572065
330,2019-03-27,58.292533,58.446086,57.668724,57.985427,67276.339440345,2572065
331,2019-03-28,58.167771,58.27593,57.908651,58.158174,60246.49412572,2572065
332,2019-03-29,58.330921,58.762789,58.234951,58.638027,107687.633161605,2572065
333,2019-04-01,59.002715,59.002715,58.724401,58.801177,97305.535330395,2572065
334,2019-04-02,58.733998,58.858759,58.609236,58.79158,392296.079143115,2572065
335,2019-04-03,58.877954,58.964327,58.503668,58.714804,73155.497446815,2572065
336,2019-04-04,58.676415,58.676415,58.225354,58.503668,119005.44419169,2572065
337,2019-04-05,58.503668,58.839565,58.503668,58.79158,32914.07166012,2572065
338,2019-04-08,58.79158,58.810774,58.494071,58.714804,276485.49570943,2572065
339,2019-04-09,58.657221,58.762693,58.484474,58.618833,72372.377477295,2572065
340,2019-04-10,58.647624,58.733998,58.532459,58.62843,232478.184186955,2572065
341,2019-04-11,58.62843,58.676415,57.726307,57.995024,68149.671759295,2572065
342,2019-04-12,57.947039,57.947039,57.332827,57.371215,106769.19466794,2572065
343,2019-04-15,57.467186,57.611142,57.371215,57.591948,105746.14823717,2572065
344,2019-04-16,57.927845,58.062204,56.587328,56.593854,77058.62111843,2572065
345,2019-04-17,56.747407,56.747407,55.029533,55.279057,135648.66295568,2572065
346,2019-04-18,55.355833,55.480595,54.492098,55.125504,287543.22645552,2572065
347,2019-04-22,55.029533,55.470998,55.005349,55.163892,127260.83387038,2572065
348,2019-04-23,55.250265,56.066015,55.163892,55.864477,460967.83088209,2572065
349,2019-04-24,56.008433,56.01803,55.739715,55.902865,143531.68676651,2572065
350,2019-04-25,55.778104,56.439149,55.662939,56.363524,76730.40171944,2572065
351,2019-04-26,56.50748,56.948945,56.401913,56.929751,123180.16461744,2572065
352,2019-04-29,56.958542,57.12649,56.724374,57.006527,209049.845098815,2572065
353,2019-04-30,57.06411,57.265648,56.795392,57.188871,139496.123688285,2572065
354,2019-05-01,57.265648,57.398087,56.795392,56.90096,137361.737889005,2572065
355,2019-05-02,56.987333,57.260273,56.699421,57.16008,384104.98975604,2572065
356,2019-05-03,57.476783,57.678321,57.32323,57.678321,116309.630473085,2572065
357,2019-05-06,56.843377,57.889457,56.718615,57.803083,61986.440822705,2572065
358,2019-05-07,57.505574,57.678321,56.5618,56.891362,100271.98609729,2572065
359,2019-05-08,56.891362,57.236857,56.689824,57.083304,66915.490042625,2572065
360,2019-05-09,56.641839,56.987333,56.325136,56.891362,55959.488116105,2572065
361,2019-05-10,56.795392,57.044628,55.955745,56.90096,43047.605677475,2572065
362,2019-05-13,56.046821,56.16189,55.701327,55.874074,187812.51445481,2572065
363,2019-05-14,56.046821,56.469092,55.989239,56.123598,103862.245663435,2572065
364,2019-05-15,55.835686,56.442796,55.672632,56.277151,59308.861515155,2572065
365,2019-05-16,56.497883,57.150483,56.497883,56.776198,46727.117887205,2572065
366,2019-05-17,56.41151,57.035318,56.34433,56.689824,33604.100162675,2572065
367,2019-05-20,56.421107,56.709018,56.238763,56.661033,70495.192844475,2572065
368,2019-05-21,56.843377,57.198468,56.843377,56.987333,62690.864912935,2572065
369,2019-05-22,56.929751,57.428798,56.90096,57.371215,93672.089001225,2572065
370,2019-05-23,57.140886,57.294439,56.852974,57.217662,90778.57587855,2572065
371,2019-05-24,57.524768,57.668724,57.371215,57.543962,471863.371340375,2572065
372,2019-05-28,57.505574,57.735904,56.67063,56.73781,197365.42643594,2572065
373,2019-05-29,56.334733,56.334733,55.778104,56.190777,98643.365278325,2572065
374,2019-05-30,56.229165,56.41151,56.114001,56.392315,56511.31897698,2572065
375,2019-05-31,55.826089,56.142792,55.679734,56.008433,358341.686347015,2572065
376,2019-06-03,56.190777,56.593854,56.190777,56.363524,292208.356568065,2572065
377,2019-06-04,56.680227,57.112095,56.57466,57.016124,305034.82518649,2572065
378,2019-06-05,57.304036,57.438395,57.16008,57.361618,134422.15888577,2572065
379,2019-06-06,57.409604,57.918248,57.409604,57.620739,293153.66682539,2572065
380,2019-06-07,57.918248,58.37929,57.918248,58.254145,172045.507127305,2572065
381,2019-06-10,58.542057,58.609236,58.330921,58.503668,56067.93487659,2572065
382,2019-06-11,58.829968,58.916342,58.357121,58.474877,248342.121804805,2572065
383,2019-06-12,58.426892,58.714804,58.426892,58.695609,73930.939769575,2572065
384,2019-06-13,58.810774,58.810774,58.474877,58.705207,103658.788024295,2572065
385,2019-06-14,58.580445,58.714804,58.378907,58.455683,283735.11366256,2572065
386,2019-06-17,58.365986,58.667879,58.346634,58.656268,66007.169497356,2572065
387,2019-06-18,58.985254,59.410904,58.975578,59.265859,115621.160379056,2572065
388,2019-06-19,59.304564,59.865678,59.304564,59.836747,96447.082498768,2572065
389,2019-06-20,60.301198,60.523747,59.856099,60.078648,876664.462890152,2572065
390,2019-06-21,59.933507,60.175409,59.594845,60.059296,114735.801009836,2572065
391,2019-06-24,59.991564,60.068972,59.844875,59.972212,85609.896777168,2572065
392,2019-06-25,59.972212,60.214113,59.662578,59.739986,101983.723275464,2572065
393,2019-06-26,59.788367,59.788367,58.99493,59.149747,98216.83363134,2572065
394,2019-06-27,59.236831,59.517437,59.236831,59.440028,154084.461237924,2572065
395,2019-06-28,59.643226,59.749662,59.294984,59.710958,209310.566154024,2572065
396,2019-07-01,60.262493,60.262493,59.823297,59.962536,230673.368507728,2572065
397,2019-07-02,60.030268,60.291522,59.836747,60.252817,102147.248667156,2572065
398,2019-07-03,60.485043,60.799902,60.485043,60.746296,139781.311297148,2572065
399,2019-07-05,60.446339,60.610832,60.175409,60.310874,148611.682448516,2572065
400,2019-07-08,59.981888,59.991564,59.614198,59.846423,146024.304357484,2572065
401,2019-07-09,59.614198,59.914155,59.614198,59.894803,100887.42582702,2572065
402,2019-07-10,60.059296,60.223789,59.875451,60.107677,68562.616594744,2572065
403,2019-07-11,60.407634,60.407634,59.614198,59.875451,285057.656318668,2572065
404,2019-07-12,59.662578,59.672254,58.927197,59.198127,82261.980473888,2572065
405,2019-07-15,59.294888,59.527113,59.198127,59.507761,195744.731884664,2572065
406,2019-07-16,59.478733,59.478733,59.169196,59.188451,45771.627979872,2572065
407,2019-07-17,59.36262,59.517437,59.304564,59.323916,34816.394342376,2572065
408,2019-07-18,59.430352,59.788367,59.236734,59.769014,63768.129518804,2572065
409,2019-07-19,59.749662,59.749662,59.130395,59.130395,81699.80146458,2572065
410,2019-07-22,59.294888,59.294888,59.09169,59.101366,76993.366522628,2572065
411,2019-07-23,59.236831,59.517437,59.04331,59.401324,215277.79154198,2572065
412,2019-07-24,59.285212,59.469057,58.880752,59.469057,62899.21944934,2572065
413,2019-07-25,59.440028,59.488409,58.985254,59.033634,107853.220470752,2572065
414,2019-07-26,59.352944,59.488409,59.256183,59.469057,47136.91985962,2572065
415,2019-07-29,59.507761,59.701282,59.498085,59.672254,38499.102275984,2572065
416,2019-07-30,59.178775,59.372296,59.04331,59.304564,219701.685570476,2572065
417,2019-07-31,59.275535,59.516469,58.580698,58.830437,96829.286816628,2572065
418,2019-08-01,58.956226,59.575493,58.733966,59.120719,173522.695520176,2572065
419,2019-08-02,59.014282,59.082014,58.540155,58.927197,101953.727493556,2572065
420,2019-08-05,58.211169,58.354084,57.108098,57.504817,59621.938374424,2572065
421,2019-08-06,57.853155,58.104732,57.514493,58.017648,244561.415531132,2572065
422,2019-08-07,57.756394,58.35631,57.243563,58.249873,105786.414336704,2572065
423,2019-08-08,58.598211,59.130395,58.501451,59.082014,47068.219842992,2572065
424,2019-08-09,59.140071,59.482023,58.786895,59.236831,115176.061679776,2572065
425,2019-08-12,59.130395,59.217479,58.520803,58.714324,132720.691278352,2572065
426,2019-08-13,58.743352,59.594749,58.704648,59.488409,910050.735759624,2572065
427,2019-08-14,58.830437,59.052986,57.978944,57.978944,56306.920670656,2572065
428,2019-08-15,58.075704,58.269225,57.817063,58.143437,83859.497761956,2572065
429,2019-08-16,58.520803,58.897105,58.385338,58.820761,29840.96496912,2572065
430,2019-08-19,59.217479,59.304564,59.072338,59.178775,1172421.904897164,2572065
431,2019-08-20,59.36262,59.411,58.830437,58.898169,57444.825171424,2572065
432,2019-08-21,59.236831,59.449705,59.198127,59.323916,57683.82382082,2572065
433,2019-08-22,59.401324,59.498085,58.840113,59.033634,43839.319061476,2572065
434,2019-08-23,58.927197,59.188451,57.737042,57.940239,82870.60456486,2572065
435,2019-08-26,58.336958,58.472423,58.104732,58.472423,162179.451929612,2572065
436,2019-08-27,58.724,58.820761,58.153113,58.153113,211094.831374616,2572065
437,2019-08-28,58.027324,58.601211,57.9683,58.45307,96941.529097316,2572065
438,2019-08-29,58.878817,59.052986,58.540155,58.830437,47788.118608784,2572065
439,2019-08-30,59.101366,59.246507,58.714324,59.014282,383148.701187168,2572065
440,2019-09-03,58.617563,58.946549,58.559507,58.77238,123282.66364188,2572065
441,2019-09-04,59.207803,59.207803,58.724,58.975578,70672.964992852,2572065
442,2019-09-05,59.227155,59.343268,59.082014,59.217479,76611.162204768,2572065
443,2019-09-06,59.372296,59.614198,59.372296,59.517437,32195.150045964,2572065
444,2019-09-09,59.420676,59.420676,58.753028,58.965902,47492.031213176,2572065
445,2019-09-10,58.424042,58.869141,57.916049,58.869141,47664.26505768,2572065
446,2019-09-11,58.830437,59.343268,58.830437,59.343268,45689.381481092,2572065
447,2019-09-12,59.449705,59.701282,59.31424,59.333592,113845.603611276,2572065
448,2019-09-13,59.391648,59.594845,59.171034,59.227155,26307.268339184,2572065
449,2019-09-16,58.99493,59.256183,58.99493,59.072338,121554.519561632,2572065
450,2019-09-17,59.198127,59.428707,59.169099,59.323916,32266.752880196,2572065
451,2019-09-18,59.36262,59.372296,59.000929,59.343268,47057.576178444,2572065
452,2019-09-19,59.459381,59.865775,59.459381,59.627067,60947.558413584,2572065
453,2019-09-20,59.807719,60.233465,59.556141,60.020592,43639.992252668,2572065
454,2019-09-23,59.875451,59.962536,59.710958,59.721118,40840.708476544,2572065
455,2019-09-24,59.95286,60.02243,59.256183,59.391648,62943.729319268,2572065
456,2019-09-25,59.430352,59.430352,59.063146,59.130395,2405264.023009852,2572065
457,2019-09-26,59.265859,59.401227,58.665944,59.033634,129754.979292932,2572065
458,2019-09-27,59.023958,59.149747,58.520803,58.67562,515722.316373584,2572065
459,2019-09-30,58.714324,59.30795,58.714324,59.111042,35328.257846548,2572065
460,2019-10-01,59.033634,59.033634,58.298254,58.462747,51407.932160972,2572065
461,2019-10-02,58.056352,58.066028,57.204859,57.44676,50269.060054336,2572065
462,2019-10-03,57.359676,57.920887,57.040366,57.911211,584588.76121088,2572065
463,2019-10-04,58.182141,58.859465,58.182141,58.859465,35804.319933604,2572065
464,2019-10-07,58.791733,59.023958,58.612725,58.67562,74865.601218896,2572065
465,2019-10-08,58.385338,58.443394,57.795098,57.843479,60540.196343156,2572065
466,2019-10-09,58.124084,58.327282,57.98862,58.220845,36697.420149768,2572065
467,2019-10-10,57.949915,58.492065,57.79026,58.317606,67035.73453504,2572065
468,2019-10-11,58.907845,59.406066,58.869141,58.907845,329060.500771836,2572065
469,2019-10-14,58.878817,59.033344,58.784959,58.801409,25768.311870708,2572065
470,2019-10-15,59.285212,59.894803,59.256183,59.807719,40223.37593276,2572065
471,2019-10-16,59.759338,59.931766,59.614198,59.759338,40224.343538628,2572065
472,2019-10-17,60.00124,60.281846,59.981888,60.127029,120057.633283836,2572065
473,2019-10-18,59.981888,60.127029,59.826781,60.00124,36293.928502812,2572065
474,2019-10-21,60.078648,60.078648,59.798043,59.856099,30378.953831728,2572065
475,2019-10-22,60.243141,60.552775,59.933507,59.933507,79013.727575012,2572065
476,2019-10-23,60.146381,60.514071,60.088324,60.41731,47972.931329572,2572065
477,2019-10-24,60.610832,60.610832,60.257655,60.407634,131178.32752476,2572065
478,2019-10-25,60.32055,60.668888,60.196599,60.572127,36113.953811364,2572065
479,2019-10-28,60.668888,61.11389,60.668888,61.065606,29673.569153956,2572065
480,2019-10-29,61.104311,61.752606,61.036578,61.607466,72352.7287797,2572065
481,2019-10-30,61.781635,62.139649,61.636494,62.110621,238861.249362744,2572065
482,2019-10-31,62.06224,62.129973,61.771959,62.042888,53194.1325933,2572065
483,2019-11-01,62.352522,62.584748,62.178353,62.207381,99253.139515968,2572065
484,2019-11-04,62.584748,62.584748,62.100945,62.149325,112946.697759904,2572065
485,2019-11-05,62.081592,62.081592,61.559085,61.626818,177428.920409292,2572065
486,2019-11-06,61.704226,61.868719,61.626818,61.830015,73906.703803708,2572065
487,2019-11-07,62.100945,62.100945,61.781344,61.897747,43661.279581764,2572065
488,2019-11-08,61.936452,62.400902,61.897747,62.400902,50576.75872036,2572065
489,2019-11-11,62.188029,62.273856,62.062531,62.175837,20067.178096452,2572065
490,2019-11-12,62.246085,62.596069,62.231571,62.458959,61188.492274716,2572065
491,2019-11-13,62.33317,62.680928,62.33317,62.575071,43151.351289328,2572065
492,2019-11-14,62.410578,62.526691,62.159001,62.526691,60547.9371901,2572065
493,2019-11-15,62.662156,63.600734,62.662156,63.562029,149263.848803548,2572065
494,2019-11-18,63.61041,63.871663,63.503973,63.61041,268556.105845796,2572065
495,2019-11-19,63.852311,63.934558,63.629762,63.920044,56856.52080368,2572065
496,2019-11-20,63.678142,63.852311,63.349156,63.697494,113203.113314924,2572065
497,2019-11-21,63.668466,63.905626,63.378184,63.871663,23277.694366476,2572065
498,2019-11-22,63.968424,64.055508,63.813607,64.045832,32649.924803924,2572065
499,2019-11-25,64.287734,64.761861,64.287734,64.761861,78380.91333734,2572065
500,2019-11-26,64.732833,64.868201,64.587692,64.810241,142438.357010676,2572065
501,2019-11-27,64.810241,65.071495,64.752185,65.042466,53965.314470096,2572065
502,2019-11-29,64.819917,64.955382,64.698966,64.819917,35511.1353556,2572065
503,2019-12-02,64.829593,64.907002,64.278058,64.558664,74478.558871696,2572065
504,2019-12-03,64.016804,64.442551,63.862955,64.403847,96694.789600976,2572065
505,2019-12-04,64.636072,65.013438,64.636072,64.965058,144421.949040076,2572065
506,2019-12-05,65.003762,65.119875,64.539311,64.945706,67710.155825036,2572065
507,2019-12-06,65.168255,65.419833,65.158579,65.323072,80353.861702192,2572065
508,2019-12-09,65.168255,65.202121,64.897326,64.907002,34304.530838204,2572065
509,2019-12-10,64.926354,65.119875,64.839269,65.100523,49477.558454312,2572065
510,2019-12-11,65.158579,65.272079,65.079042,65.235988,72419.493584592,2572065
511,2019-12-12,65.206959,65.797199,65.206959,65.661734,112319.68915744,2572065
512,2019-12-13,65.652058,65.855255,65.390805,65.661734,111429.49175888,2572065
513,2019-12-16,66.069913,66.474323,65.972465,66.362258,320960.424989485,2572065
514,2019-12-17,66.537664,66.537664,66.285273,66.381747,193619.92573941,2572065
515,2019-12-18,66.449961,66.493813,66.277185,66.430471,73941.782300342,2572065
516,2019-12-19,66.479195,66.683837,66.440216,66.674092,47643.423369699,2572065
517,2019-12-20,66.868988,67.210057,66.782357,67.112609,118257.347970106,2572065
518,2019-12-23,67.180823,67.330406,67.112609,67.297761,105815.155550554,2572065
519,2019-12-24,67.307506,67.33674,67.171078,67.31725,17302.911074684,2572065
520,2019-12-26,67.297761,67.386536,67.05414,67.180823,32307.017957817,2572065
521,2019-12-27,67.385464,67.414699,67.171078,67.249037,57721.521270937,2572065
522,2019-12-30,67.307506,67.31725,66.810519,66.859244,37986.301903709,2572065
523,2019-12-31,66.810519,66.995671,66.664347,66.995671,63364.749364736,2572065
524,2020-01-02,67.33674,67.33674,66.810519,67.210057,154242.062841409,2572065
525,2020-01-03,66.48894,67.005416,66.268512,66.713071,34961.508257853,2572065
526,2020-01-06,66.401237,67.03465,66.342768,67.024906,51097.963793204,2572065
527,2020-01-07,66.927457,66.927457,66.557154,66.868988,58755.447191766,2572065
528,2020-01-08,66.868988,67.453678,66.830009,67.268526,74460.20698449,2572065
529,2020-01-09,67.443933,67.716788,67.361102,67.536509,105110.604711007,2572065
530,2020-01-10,67.785002,67.906812,67.55785,67.677809,36014.923828462,2572065
531,2020-01-13,67.755767,67.755767,67.361102,67.482912,47366.670342823,2572065
532,2020-01-14,67.414699,67.950664,67.283143,67.940919,153015.189387758,2572065
533,2020-01-15,68.028623,68.632802,68.028623,68.515864,101687.24772715,2572065
534,2020-01-16,68.701015,68.817953,68.46714,68.788719,99982.877853889,2572065
535,2020-01-17,68.954381,68.954381,68.759484,68.925146,111934.905581474,2572065
536,2020-01-21,68.720505,69.042084,68.691271,68.895912,154264.475938656,2572065
537,2020-01-22,69.071319,69.120043,68.837443,69.01285,154265.450421145,2572065
538,2020-01-23,68.915402,68.915402,68.245737,68.681526,79040.27468279,2572065
539,2020-01-24,68.837443,68.837443,67.597414,67.687554,119615.776559772,2572065
540,2020-01-27,66.878733,67.307408,66.873861,67.024906,126497.57189709,2572065
541,2020-01-28,67.35623,67.697299,67.258781,67.590105,61904.000113725,2572065
542,2020-01-29,67.658319,67.960409,67.438963,67.541381,174252.086270535,2572065
543,2020-01-30,67.161333,67.210057,66.635113,67.190568,80033.272339081,2572065
544,2020-01-31,66.966437,66.966437,65.758078,65.991954,79304.359437309,2572065
545,2020-02-03,66.362258,66.810519,66.362258,66.479195,110829.842438948,2572065
546,2020-02-04,67.278271,67.775257,67.278271,67.570616,113572.036162994,2572065
547,2020-02-05,68.038367,68.856933,68.038367,68.71076,46505.227822547,2572065
548,2020-02-06,68.964126,68.964126,68.540226,68.837443,158705.192641029,2572065
549,2020-02-07,68.778974,68.778974,68.213774,68.311222,90222.461244065,2572065
550,2020-02-10,68.126071,68.681526,68.126071,68.623057,85156.126783754,2572065
551,2020-02-11,68.886167,69.129788,68.817953,69.061574,125194.688809297,2572065
552,2020-02-12,69.246726,69.27596,68.866677,69.081064,83891.248513032,2572065
553,2020-02-13,68.739995,68.99336,68.564588,68.739995,280916.016069008,2572065
554,2020-02-14,68.739995,68.739995,68.42816,68.662036,98068.994245493,2572065
555,2020-02-18,68.584078,68.720505,68.320967,68.476885,112169.755861323,2572065
556,2020-02-19,68.788719,68.964126,68.720505,68.915402,381688.224738987,2572065
557,2020-02-20,68.720505,68.73025,67.931174,68.457395,107118.038638347,2572065
558,2020-02-21,68.262498,68.476885,68.00543,68.457395,46374.647169021,2572065
559,2020-02-24,66.537664,66.859244,65.933485,66.099147,117547.924718114,2572065
560,2020-02-25,66.313533,66.313533,64.130693,64.28661,1139990.543896738,2572065
561,2020-02-26,64.588699,65.339051,64.208651,64.306099,135803.87966704,2572065
562,2020-02-27,63.604472,64.403548,62.386369,62.396114,238490.946427904,2572065
563,2020-02-28,60.866176,61.509335,60.047611,61.431376,288087.232705559,2572065
564,2020-03-02,62.055045,64.091713,61.558059,64.072224,297003.747479909,2572065
565,2020-03-03,64.510741,65.407265,62.190303,62.785907,289277.075824628,2572065
566,2020-03-04,64.861554,66.274554,64.454708,66.167361,103572.871343365,2572065
567,2020-03-05,64.900534,65.563182,64.208651,64.686148,198161.01413815,2572065
568,2020-03-06,63.087996,64.413293,62.85607,64.24763,201143.905036979,2572065
569,2020-03-09,60.768728,62.220609,60.271742,60.836942,426202.584836507,2572065
570,2020-03-10,62.746927,63.068117,60.417914,62.951569,288834.660774622,2572065
571,2020-03-11,61.548314,61.772445,59.735777,60.408169,612869.578016902,2572065
572,2020-03-12,56.685646,58.303287,55.267774,55.516267,253766.933925468,2572065
573,2020-03-13,58.14737,59.433687,55.175199,59.209556,258903.431124987,2572065
574,2020-03-16,53.333427,56.519984,52.836441,53.68424,151339.079506678,2572065
575,2020-03-17,54.717192,57.065597,53.983894,56.714881,190369.052156106,2572065
576,2020-03-18,53.70373,55.350605,52.392077,54.590509,116764.440796958,2572065
577,2020-03-19,54.385868,55.436555,53.489344,54.454081,234192.504168925,2572065
578,2020-03-20,54.83413,55.282392,52.134813,52.183537,263244.750613482,2572065
579,2020-03-23,52.183537,52.505117,49.766821,50.185848,221811.70414618,2572065
580,2020-03-24,52.85593,53.742709,52.386814,53.655006,215422.022465807,2572065
581,2020-03-25,54.054544,56.178915,53.278661,54.707447,234301.646207693,2572065
582,2020-03-26,55.184943,58.197166,55.184943,57.991453,191606.644917136,2572065
583,2020-03-27,56.442026,58.264308,56.422536,57.03646,192356.996433666,2572065
584,2020-03-30,58.225329,59.813735,58.225329,59.677308,184773.573704268,2572065
585,2020-03-31,59.453177,59.989142,58.790529,59.384963,526092.886853941,2572065
586,2020-04-01,57.640639,58.274053,56.861053,57.211867,254187.910360716,2572065
587,2020-04-02,57.03646,58.926956,56.597943,58.790529,364240.115773442,2572065
588,2020-04-03,58.576142,58.829508,57.650384,58.205839,108485.237570414,2572065
589,2020-04-06,60.037866,61.343673,59.667563,61.031838,142357.274405565,2572065
590,2020-04-07,62.113514,62.279176,60.193783,60.271742,1047205.193706603,2572065
591,2020-04-08,60.866176,62.581265,60.145059,62.34739,677293.589847181,2572065
592,2020-04-09,62.815141,63.000293,62.30841,62.805396,115579.470090334,2572065
593,2020-04-13,62.522796,62.766417,61.538569,62.279176,98474.378960917,2572065
594,2020-04-14,63.614217,64.452272,63.546003,64.296355,119309.789058226,2572065
595,2020-04-15,63.204934,64.062479,62.961314,63.72141,132974.957001473,2572065
596,2020-04-16,64.257375,65.153899,64.072321,65.027216,143426.281695998,2572065
597,2020-04-17,66.440216,66.459706,65.585498,66.391492,257804.214877395,2572065
598,2020-04-20,65.982209,66.849499,65.784974,65.972465,159532.52827419,2572065
599,2020-04-21,65.173389,65.280582,64.26712,64.403548,224753.666780471,2572065
600,2020-04-22,65.339051,65.64114,64.972645,65.348796,139713.503412908,2572065
601,2020-04-23,65.631396,66.566899,65.39752,65.553437,115487.868736368,2572065
602,2020-04-24,66.050423,66.605878,65.66063,66.557154,88375.81692741,2572065
603,2020-04-27,66.917713,67.560871,66.761795,67.297761,93544.472049066,2572065
604,2020-04-28,67.814236,67.814236,66.167361,66.274554,398146.259495708,2572065
605,2020-04-29,66.956692,66.956692,66.138127,66.449961,158115.630735184,2572065
606,2020-04-30,66.118637,66.42862,65.650885,66.069913,257815.908667263,2572065
607,2020-05-01,65.387775,65.387775,64.28661,64.764106,459831.001049408,2572065
608,2020-05-04,64.695892,65.066196,64.393803,64.949258,378890.485513068,2572065
609,2020-05-05,65.446244,66.493813,65.39752,66.050423,199722.135085528,2572065
610,2020-05-06,66.420726,66.420726,65.524203,65.621651,399770.721804871,2572065
611,2020-05-07,66.177106,66.255064,65.572927,65.689865,242004.930283238,2572065
612,2020-05-08,66.20634,66.20634,65.823369,66.030933,104888.422703515,2572065
613,2020-05-11,65.611906,66.995671,65.611906,66.907968,164066.795295507,2572065
614,2020-05-12,67.219802,67.414699,66.099147,66.138127,151110.076121763,2572065
615,2020-05-13,66.469451,66.786157,65.368285,65.855527,175366.894237951,2572065
616,2020-05-14,65.192879,66.157616,64.890789,66.118637,221418.013220624,2572065
617,2020-05-15,65.933485,66.566899,65.797058,66.430471,304100.903447296,2572065
618,2020-05-18,67.658319,67.833726,67.190568,67.307506,129044.869123336,2572065
619,2020-05-19,67.044395,67.307506,66.518175,66.605878,93808.556803585,2572065
620,2020-05-20,67.297761,67.463423,66.820264,66.937202,71511.422972776,2572065
621,2020-05-21,66.859244,66.859244,66.108892,66.294044,260607.800998248,2572065
622,2020-05-22,66.235575,66.50843,65.884761,66.48894,48909.27612291,2572065
623,2020-05-26,67.512147,67.711916,66.401237,66.459706,170395.084579073,2572065
624,2020-05-27,66.391492,66.761795,65.37803,66.674092,290868.405729165,2572065
625,2020-05-28,67.395209,68.379436,67.249037,67.746023,83353.334179104,2572065
626,2020-05-29,67.989643,68.574333,67.229547,68.408671,82234.628281732,2572065
627,2020-06-01,68.359947,68.359947,67.726533,68.223519,126042.488574727,2572065
628,2020-06-02,68.096836,68.389181,67.785976,68.379436,158419.669271752,2572065
629,2020-06-03,68.554843,68.652291,68.087092,68.389181,159086.215294228,2572065
630,2020-06-04,67.950664,68.350202,67.521892,67.843471,107577.019890666,2572065
631,2020-06-05,68.301478,69.061574,67.999388,68.671781,303874.823509848,2572065
632,2020-06-08,68.525609,69.090808,68.330712,69.003105,93666.282360191,2572065
633,2020-06-09,68.817953,69.188257,68.457395,68.457395,1109455.135103923,2572065
634,2020-06-10,68.866677,69.110298,68.394736,68.652291,168832.989149206,2572065
635,2020-06-11,67.872705,67.950664,65.066196,65.222113,150778.752075503,2572065
636,2020-06-12,66.586388,66.674092,64.705637,65.650885,214537.192365795,2572065
637,2020-06-15,64.94761,66.273673,64.584171,66.018283,134379.277533954,2572065
638,2020-06-16,67.373814,67.815835,66.62729,67.422928,94117.063383599,2572065
639,2020-06-17,67.992643,68.100693,67.599736,67.756899,158006.770255723,2572065
640,2020-06-18,67.305055,67.580091,67.098779,67.462218,73433.430131653,2572065
641,2020-06-19,68.139984,68.395374,67.462218,68.012289,85486.850069661,2572065
642,2020-06-22,67.953353,68.110516,67.385307,68.05158,143717.706622914,2572065
643,2020-06-23,68.483778,68.866863,68.248033,68.375728,84470.201904407,2572065
644,2020-06-24,67.864949,67.864949,66.254028,66.676403,74495.262659808,2572065
645,2020-06-25,66.745162,67.403282,66.185269,67.344346,43451.640809853,2572065
646,2020-06-26,67.255942,67.255942,66.214737,66.538886,48072.233050778,2572065
647,2020-06-29,66.912148,67.015286,66.450482,66.853212,97288.809205442,2572065
648,2020-06-30,66.705871,67.864949,66.58407,67.560445,200935.844085948,2572065
649,2020-07-01,67.697963,68.228388,67.43275,67.923885,145787.346897495,2572065
650,2020-07-02,68.424842,68.778458,68.326615,68.385551,128289.211230014,2572065
651,2020-07-06,69.141898,69.40711,68.788281,69.082962,97293.720549235,2572065
652,2020-07-07,68.582005,69.171366,68.336438,68.444487,61832.836091406,2572065
653,2020-07-08,68.611473,68.758813,68.071225,68.532891,76280.044994366,2572065
654,2020-07-09,68.60165,68.670409,67.422928,68.022112,43742.392362428,2572065
655,2020-07-10,68.179275,68.179275,67.501509,68.031934,46024.202688889,2572065
656,2020-07-13,68.306969,69.20771,67.963175,68.130161,97262.287948957,2572065
657,2020-07-14,67.933707,69.279416,67.786367,69.220479,223010.369900213,2572065
658,2020-07-15,69.878599,70.359911,69.839309,70.17328,48588.906417854,2572065
659,2020-07-16,70.055408,70.055408,69.544628,69.967004,53869.583264625,2572065
660,2020-07-17,70.232216,71.042588,70.232216,70.93945,105604.696516596,2572065
661,2020-07-20,71.155549,71.395812,70.693883,71.057322,76781.002061303,2572065
662,2020-07-21,71.352003,71.435594,70.8314,70.900159,94038.481882903,2572065
663,2020-07-22,71.047499,71.356914,70.747907,71.312712,66624.343096345,2572065
664,2020-07-23,71.34218,71.538634,70.585833,70.811755,78408.621394469,2572065
665,2020-07-24,70.487606,70.487606,69.62321,69.947358,102307.22029364,2572065
666,2020-07-27,70.350088,70.821578,70.163457,70.644769,56339.989192756,2572065
667,2020-07-28,70.851046,71.096613,70.57601,70.595656,56369.457255517,2572065
668,2020-07-29,70.949272,71.612304,70.870691,71.361825,64475.139052309,2572065
669,2020-07-30,70.634946,70.959095,70.084876,70.909982,60470.429323089,2572065
670,2020-07-31,70.900159,70.900159,69.416933,70.035762,132927.484308595,2572065
671,2020-08-03,70.733173,71.214485,70.68406,71.027854,61401.620106337,2572065
672,2020-08-04,70.841223,70.909982,70.261684,70.615301,109936.501742463,2572065
673,2020-08-05,71.047499,71.145726,70.703705,70.909982,181339.582349883,2572065
674,2020-08-06,70.811755,71.027854,70.055408,70.526897,130107.390702367,2572065
675,2020-08-07,70.359911,70.674237,70.28133,70.644769,265186.043592515,2572065
676,2020-08-10,70.742996,70.742996,70.251862,70.477783,97110.036291358,2572065
677,2020-08-11,71.008209,71.008209,69.981738,70.143812,97315.330461926,2572065
678,2020-08-12,70.693883,71.568102,70.693883,71.401116,228969.794459246,2572065
679,2020-08-13,71.293067,71.381471,70.968918,71.312712,94106.258427254,2572065
680,2020-08-14,71.145726,71.273421,70.772464,71.057322,81705.115348666,2572065
681,2020-08-17,71.371648,71.843137,71.371648,71.676151,51091.727215022,2572065
682,2020-08-18,71.862782,71.990477,71.332554,71.676151,178389.829267507,2572065
683,2020-08-19,71.902073,72.019945,71.312712,71.430584,144461.28407325,2572065
684,2020-08-20,71.185017,71.381471,71.047499,71.371648,28991.662413031,2572065
685,2020-08-21,71.08679,71.253776,70.715591,71.253776,97490.174300975,2572065
686,2020-08-24,71.754733,71.828403,70.772464,71.106435,93782.109736883,2572065
687,2020-08-25,71.420761,71.440407,71.062233,71.391293,118915.420465739,2572065
688,2020-08-26,71.34218,71.479698,70.855957,71.410939,146480.828641138,2572065
689,2020-08-27,71.558279,71.803846,70.978741,71.636861,112365.652382728,2572065
690,2020-08-28,71.636861,71.636861,71.175194,71.59757,48424.867535151,2572065
691,2020-08-31,71.518988,71.9726,71.401116,71.715442,306143.704024029,2572065
692,2020-09-01,71.735087,71.81858,70.880514,71.253776,96577.646624143,2572065
693,2020-09-02,71.48952,72.76647,71.48952,72.678065,108385.499372475,2572065
694,2020-09-03,72.550371,72.599484,70.263551,70.703705,126349.230431581,2572065
695,2020-09-04,70.772464,70.811755,69.36782,70.133989,120030.295506864,2572065
696,2020-09-08,69.937536,69.986649,69.249947,69.456224,233485.28394299,2572065
697,2020-09-09,70.399202,71.016951,70.02594,70.585833,65225.592383956,2572065
698,2020-09-10,70.713528,70.801932,69.534805,69.642855,47077.194798215,2572065
699,2020-09-11,70.17328,70.369734,69.721436,70.153635,45526.192428228,2572065
700,2020-09-14,70.497429,71.155549,70.477783,70.821578,107006.394035261,2572065
701,2020-09-15,71.45023,71.725265,71.165372,71.263598,53661.342287781,2572065
702,2020-09-16,71.676151,71.763573,71.126081,71.224308,212819.331528701,2572065
703,2020-09-17,70.742996,71.332357,70.644769,71.185017,74998.184264262,2572065
704,2020-09-18,71.460052,71.491878,70.634946,71.135904,115377.288396902,2572065
705,2020-09-21,70.075053,70.104521,68.984735,69.849131,90361.849919089,2572065
706,2020-09-22,69.741082,69.760727,69.063415,69.642855,55841.978932095,2572065
707,2020-09-23,70.006294,70.006294,69.014203,69.053494,70992.492266284,2572065
708,2020-09-24,68.866863,68.960178,68.278975,68.562359,204036.866557164,2572065
709,2020-09-25,68.415019,69.62321,68.267679,69.466047,130304.826722866,2572065
710,2020-09-28,70.045585,70.330443,69.829584,69.967004,105920.987056897,2572065
711,2020-09-29,69.996472,70.379557,69.66751,69.908068,109849.079822938,2572065
712,2020-09-30,69.996472,71.008209,69.996472,70.546542,241558.550870745,2572065
713,2020-10-01,70.929627,70.959095,70.10462,70.340266,218564.621498337,2572065
714,2020-10-02,69.633032,70.32062,69.510249,69.819663,99767.073283642,2572065
715,2020-10-05,70.232216,71.027854,70.153635,70.968918,61951.690611209,2572065
716,2020-10-06,71.057322,71.057322,70.006294,70.045585,39841.803121631,2572065
717,2020-10-07,70.369734,71.037677,70.291152,70.8314,114483.423826485,2572065
718,2020-10-08,71.253776,71.499343,71.155549,71.371648,61157.035185421,2572065
719,2020-10-09,71.784201,72.226222,71.695797,72.069059,78331.022162532,2572065
720,2020-10-12,72.452144,72.756647,72.245867,72.570016,45164.717525026,2572065
721,2020-10-13,72.177108,72.353917,71.74491,71.931541,31583.86966724,2572065
722,2020-10-14,72.019945,72.177108,71.322535,71.479698,120870.135295552,2572065
723,2020-10-15,70.546542,70.782287,70.340266,70.615301,377288.447947911,2572065
724,2020-10-16,70.860868,71.754733,70.860868,71.283244,107108.549986165,2572065
725,2020-10-19,71.627038,71.725265,70.222394,70.359911,108809.839476234,2572065
726,2020-10-20,70.615301,70.870691,70.409025,70.438493,137396.80716068,2572065
727,2020-10-21,70.350088,70.526897,69.898245,69.986649,167329.483044545,2572065
728,2020-10-22,69.976826,70.743978,69.976826,70.68406,98132.578069165,2572065
729,2020-10-23,70.909982,71.23413,70.497429,70.909982,47606.637659154,2572065
730,2020-10-26,70.42867,70.438493,69.642855,70.242039,172998.156051003,2572065
731,2020-10-27,70.183103,70.286241,69.741082,69.77055,157608.95140845,2572065
732,2020-10-28,68.85704,68.925799,67.707786,67.737254,122513.470928858,2572065
733,2020-10-29,67.678317,67.904239,66.892502,67.373814,137095.250651759,2572065
734,2020-10-30,67.03002,67.288946,66.312964,67.039843,104541.881719682,2572065
735,2020-11-02,67.904239,68.336438,67.589913,68.149806,129863.78805021,2572065
736,2020-11-03,69.063316,69.741082,68.896331,69.36782,444347.93610436,2572065
737,2020-11-04,71.352003,73.385299,71.263598,72.432498,187346.155809334,2572065
738,2020-11-05,73.473703,73.581753,72.825406,73.012037,154189.673859415,2572065
739,2020-11-06,73.198668,73.31654,72.609307,72.845051,166647.788526007,2572065
740,2020-11-09,74.495263,74.760377,73.306717,73.395122,143187.281493216,2572065
741,2020-11-10,73.71927,73.768384,72.815583,73.42459,184142.977387213,2572065
742,2020-11-11,74.063064,74.092532,73.31654,73.650512,94773.218914411,2572065
743,2020-11-12,73.581753,73.729093,72.993177,73.287072,78504.883732821,2572065
744,2020-11-13,73.748738,74.423164,73.650512,74.269341,81686.452242251,2572065
745,2020-11-16,74.701539,74.731007,73.788029,74.072887,144062.482957218,2572065
746,2020-11-17,73.768384,73.768384,73.306717,73.512994,160177.58421245,2572065
747,2020-11-18,73.778206,73.778206,72.412853,72.442321,99815.204452818,2572065
748,2020-11-19,72.471789,72.638775,72.000398,72.442321,91110.338713219,2572065
749,2020-11-20,72.422676,72.687888,72.127995,72.481612,287240.924031606,2572065
750,2020-11-23,72.756647,72.776292,71.872605,72.196754,153249.642657339,2572065
751,2020-11-24,72.501257,72.737002,72.226222,72.422676,116830.063891019,2572065
752,2020-11-25,72.40303,72.40303,71.999121,72.226222,69409.075027259,2572065
753,2020-11-27,72.520902,73.097298,72.520902,73.06115,62136.357137845,2572065
754,2020-11-30,73.149554,73.296895,72.697711,72.992391,125335.529072603,2572065
755,2020-12-01,73.621043,74.141646,73.504645,73.630866,113984.431297065,2572065
756,2020-12-02,73.71927,74.092532,73.660334,73.994306,135148.393972016,2572065
757,2020-12-03,73.955015,74.043419,73.557196,73.729093,111864.695315791,2572065
758,2020-12-04,73.955015,74.554199,73.955015,74.534553,41044.10008228,2572065
759,2020-12-07,74.465795,74.48544,73.983501,74.180937,138501.859514217,2572065
760,2020-12-08,73.915724,74.63278,73.876433,74.534553,71168.318374091,2572065
761,2020-12-09,74.897993,75.014883,74.033596,74.387213,55113.13551314,2572065
762,2020-12-10,74.347922,74.701539,74.23005,74.37739,54022.817190983,2572065
763,2020-12-11,74.141646,74.200582,73.689802,74.08271,260836.557528992,2572065
764,2020-12-14,74.328856,74.625262,73.350714,73.429756,97732.120252467,2572065
765,2020-12-15,73.864485,74.160892,73.528558,74.131251,113689.655096807,2572065
766,2020-12-16,74.230053,74.407897,73.805204,74.131251,76618.10132958,2572065
767,2020-12-17,74.437538,74.862387,74.309095,74.753705,174748.394236512,2572065
768,2020-12-18,75.030351,75.069872,74.368376,74.842627,89354.686165094,2572065
769,2020-12-21,73.933647,74.160892,72.876464,74.05221,70482.487969209,2572065
770,2020-12-22,74.032449,74.083826,73.6076,73.884246,119223.563378842,2572065
771,2020-12-23,74.160892,74.348616,73.953407,73.953407,84947.122364673,2572065
772,2020-12-24,74.012689,74.180652,73.805204,74.07197,33195.54552041,2572065
773,2020-12-28,74.625262,74.625262,74.259694,74.328856,37805.653723226,2572065
774,2020-12-29,74.892028,75.242973,74.773465,74.872267,70649.463598501,2572065
775,2020-12-30,75.188434,75.356398,74.872267,74.951309,84729.757640151,2572065
776,2020-12-31,75.050111,75.652804,74.704304,75.534242,54982.40706784,2572065
777,2021-01-04,76.057893,76.206096,74.577738,75.43544,105554.286270833,2572065
778,2021-01-05,75.277356,76.057893,75.040231,75.830648,44294.978771683,2572065
779,2021-01-06,74.961189,76.670466,74.961189,76.413581,59162.725928988,2572065
780,2021-01-07,76.423461,77.065675,76.225857,77.006394,61396.642484189,2572065
781,2021-01-08,77.342321,77.638728,76.848508,77.539925,58599.553688181,2572065
782,2021-01-11,77.371962,77.806691,77.371962,77.707889,54952.766423587,2572065
783,2021-01-12,77.638728,77.658488,76.81867,77.115076,77770.134369546,2572065
784,2021-01-13,77.144717,77.539925,76.907592,77.243519,51907.684237329,2572065
785,2021-01-14,77.470764,77.786931,77.258339,77.332441,209772.767507332,2572065
786,2021-01-15,77.095316,77.549806,76.779149,77.381842,35548.024652623,2572065
787,2021-01-19,78.043816,78.206247,77.668368,78.122858,110415.351928325,2572065
788,2021-01-20,78.22166,78.488426,77.781991,78.448905,44062.793725035,2572065
789,2021-01-21,78.468666,78.468666,77.915374,78.19202,62022.060077927,2572065
790,2021-01-22,77.935134,78.399504,77.934146,78.053697,147068.972611585,2572065
791,2021-01-25,78.300702,78.69591,78.043816,78.66627,80517.822091799,2572065
792,2021-01-26,78.755192,78.844114,78.359983,78.409384,44765.276993831,2572065
793,2021-01-27,77.579446,77.599207,75.91957,76.048013,154734.043215411,2572065
794,2021-01-28,76.443222,77.411483,76.38394,76.82855,79825.219037754,2572065
795,2021-01-29,76.443222,76.83843,75.346518,75.90969,70416.290530377,2572065
796,2021-02-01,76.650706,76.81867,76.216075,76.344419,167341.197237687,2572065
797,2021-02-02,76.680347,76.917472,76.502503,76.502503,93693.088462258,2572065
798,2021-02-03,76.482742,76.482742,75.850409,76.097414,1843433.671876503,2572065
799,2021-02-04,76.107294,76.423461,75.880049,76.275258,151596.087010493,2572065
800,2021-02-05,76.630946,76.660586,76.233959,76.443222,121474.27629912,2572065
801,2021-02-08,76.729748,76.798909,76.265378,76.571664,108368.171431918,2572065
802,2021-02-09,76.660586,76.91678,76.647742,76.897711,126584.323368337,2572065
803,2021-02-10,77.213878,77.3028,76.571664,76.84831,207967.652272324,2572065
804,2021-02-11,77.105196,77.164477,76.739628,77.055795,74334.783700624,2572065
805,2021-02-12,76.84831,77.688129,76.84831,77.628847,78708.754770891,2572065
806,2021-02-16,77.73753,77.786931,76.877951,77.075555,115533.303169343,2572065
807,2021-02-17,76.621065,77.009654,76.423461,76.986633,249910.151911794,2572065
808,2021-02-18,76.690227,76.769269,76.275258,76.522263,45360.065921841,2572065
809,2021-02-19,76.630946,76.630946,75.781247,75.830648,66589.683357315,2572065
810,2021-02-22,75.47496,75.593523,74.941132,75.425559,150496.419108707,2572065
811,2021-02-23,75.059991,75.287236,74.714184,75.069872,80875.485865786,2572065
812,2021-02-24,75.00071,75.672565,74.684543,75.425559,174379.862226299,2572065
813,2021-02-25,75.395919,75.504601,74.279454,74.615382,392038.029126404,2572065
814,2021-02-26,74.605502,74.694424,73.666881,73.676761,437048.33544606,2572065
815,2021-03-01,74.318975,75.01059,74.318975,74.724064,111532.804216664,2572065
816,2021-03-02,74.882148,75.00071,74.547505,74.645022,264379.726414634,2572065
817,2021-03-03,74.407897,74.407897,73.390235,73.62736,251129.370412067,2572065
818,2021-03-04,73.449516,73.785444,72.105807,72.550417,105960.3630971,2572065
819,2021-03-05,72.985146,73.795324,72.283651,73.686642,439659.676204749,2572065
820,2021-03-08,73.568079,74.348616,73.291433,73.340834,212418.689017649,2572065
821,2021-03-09,74.002808,74.916037,74.002808,74.101611,93298.867893693,2572065
822,2021-03-10,74.53634,74.921668,74.358496,74.417778,89677.769187452,2572065
823,2021-03-11,74.733944,75.061473,74.506699,74.793226,61360.08568961,2572065
824,2021-03-12,74.714184,74.842627,74.373317,74.812986,137158.129194857,2572065
825,2021-03-15,74.753705,75.366278,74.684543,75.297117,233641.390302797,2572065
826,2021-03-16,75.494721,75.692325,75.287236,75.4552,387855.734222306,2572065
827,2021-03-17,75.099512,75.415679,74.773465,75.287236,96639.368501006,2572065
828,2021-03-18,75.020471,75.633044,74.911788,75.030351,63596.966309237,2572065
829,2021-03-19,75.208195,75.623164,74.812986,75.306997,34359.434818078,2572065
830,2021-03-22,75.218075,76.028253,75.153854,75.968971,73926.730831407,2572065
831,2021-03-23,75.662685,75.788262,74.961189,75.030351,68333.541260866,2572065
832,2021-03-24,75.040231,75.287138,74.793226,74.832747,75521.397492219,2572065
833,2021-03-25,74.872267,75.336637,74.53634,75.267476,43551.986622408,2572065
834,2021-03-26,75.46508,76.556844,75.306997,76.492623,45994.375708855,2572065
835,2021-03-29,76.166576,76.911247,76.151755,76.739628,55206.687942688,2572065
836,2021-03-30,76.39382,76.39382,75.870169,75.959091,34407.847870358,2572065
837,2021-03-31,76.048013,76.482742,76.048013,76.136935,75700.229379212,2572065
838,2021-04-01,76.304899,76.37406,75.88993,76.215977,85556.731614809,2572065
839,2021-04-05,76.462982,76.84831,76.39382,76.709987,82761.618861752,2572065
840,2021-04-06,76.571664,76.749508,76.166576,76.255497,58800.122047626,2572065
841,2021-04-07,76.186336,76.285138,75.850507,75.978851,85716.791093776,2572065
842,2021-04-08,76.344419,76.601305,76.265378,76.334539,51416.637564204,2572065
843,2021-04-09,76.413581,77.134837,76.3543,77.085435,26061.042448713,2572065
844,2021-04-12,76.976753,77.144717,76.798909,77.026154,125441.182521646,2572065
845,2021-04-13,76.808789,77.401602,76.808789,77.381842,59816.796145504,2572065
846,2021-04-14,77.421363,77.628847,77.243519,77.371962,230979.660448878,2572065
847,2021-04-15,77.74741,78.725551,77.74741,78.478546,150244.473632557,2572065
848,2021-04-16,78.814473,79.081239,78.631689,79.061478,64829.029088687,2572065
849,2021-04-19,79.081239,79.180041,78.853994,79.13064,127456.74633085,2572065
850,2021-04-20,78.705791,79.229442,78.705791,79.160281,277391.969241701,2572065
851,2021-04-21,79.348005,80.158182,79.348005,80.158182,100015.437881423,2572065
852,2021-04-22,80.089021,80.288502,79.634531,79.891416,103749.171035826,2572065
853,2021-04-23,79.891416,80.473361,79.718513,80.316266,130361.529467644,2572065
854,2021-04-26,80.207583,80.207583,79.772854,79.851896,104900.216054317,2572065
855,2021-04-27,79.644411,79.644411,79.249203,79.407286,47374.64170957,2572065
856,2021-04-28,79.239322,79.367765,79.12076,79.209682,32664.977988281,2572065
857,2021-04-29,79.367765,79.367765,78.65639,78.982437,70890.540838425,2572065
858,2021-04-30,78.814473,79.148622,78.508186,78.597108,207109.061610462,2572065
859,2021-05-03,79.021958,79.535729,78.98214,79.506088,151358.961856469,2572065
860,2021-05-04,79.259083,79.268963,78.834233,79.268963,796386.805832554,2572065
861,2021-05-05,79.427046,79.703692,79.239322,79.535729,136824.177936273,2572065
862,2021-05-06,79.348005,79.733333,78.878694,79.733333,251719.219232702,2572065
863,2021-05-07,79.851896,80.602792,79.851896,80.336026,153708.476924257,2572065
864,2021-05-10,80.53363,80.879438,80.316266,80.355787,235415.876872077,2572065
865,2021-05-11,79.683932,79.921057,79.367765,79.436927,157280.174556744,2572065
866,2021-05-12,79.160281,79.486328,78.774952,78.844114,320920.243348706,2572065
867,2021-05-13,78.853994,79.787674,78.68603,79.535729,95363.832776652,2572065
868,2021-05-14,79.802495,80.247104,79.802495,80.079141,70670.212049478,2572065
869,2021-05-17,80.03962,80.365568,79.990219,80.079141,44459.978358025,2572065
870,2021-05-18,80.177943,80.51387,79.985279,80.148302,45613.987440942,2572065
871,2021-05-19,79.58513,80.009979,79.209682,79.911177,69898.567277425,2572065
872,2021-05-20,80.098901,81.086922,80.098901,80.879438,57672.789544537,2572065
873,2021-05-21,81.086922,81.590813,80.948599,80.948599,52228.791216736,2572065
874,2021-05-24,81.235126,81.44261,81.037521,81.086922,36921.374503012,2572065
875,2021-05-25,81.235126,81.235126,80.839917,80.928839,54848.036147226,2572065
876,2021-05-26,80.98812,80.98812,80.351933,80.602792,45780.963070234,2572065
877,2021-05-27,80.602792,80.668594,80.306385,80.385427,79296.627548576,2572065
878,2021-05-28,80.553391,81.165964,80.53363,80.632433,86590.202077764,2572065
879,2021-06-01,80.810276,80.909079,79.545609,79.58513,121297.420455077,2572065
880,2021-06-02,79.57525,79.693812,79.259083,79.357885,256070.465809043,2572065
881,2021-06-03,79.199801,79.693812,78.962676,79.60489,123878.132548038,2572065
882,2021-06-04,80.0495,80.256984,79.822354,80.029739,49124.427741972,2572065
883,2021-06-07,80.168062,81.007881,80.019859,80.50399,302732.744035065,2572065
884,2021-06-08,80.770756,80.770756,79.881536,80.276745,58239.913871245,2572065
885,2021-06-09,80.701594,81.363568,80.701594,81.284527,158483.584713416,2572065
886,2021-06-10,81.525723,82.584821,81.525723,82.500292,121657.102886937,2572065
887,2021-06-11,82.589794,82.589794,81.82406,82.08262,57762.138096905,2572065
888,2021-06-14,82.142287,82.221844,81.734559,82.201955,53346.741547937,2572065
889,2021-06-15,82.43068,82.55996,82.072675,82.281511,62375.431923631,2572065
890,2021-06-16,82.371013,82.778741,81.774337,81.973229,66592.931194841,2572065
891,2021-06-17,81.664947,82.440625,81.664947,82.32129,113256.910398394,2572065
892,2021-06-18,81.883728,81.883728,81.34672,81.426277,218075.83887832,2572065
893,2021-06-21,81.595335,82.410791,81.485944,82.380957,35205.826267244,2572065
894,2021-06-22,82.221844,82.390902,82.022952,82.351123,44611.416483492,2572065
895,2021-06-23,82.371013,82.371013,81.903617,81.933451,59910.168850457,2572065
896,2021-06-24,82.331234,82.853325,82.301401,82.43068,341343.964830421,2572065
897,2021-06-25,82.490348,82.917965,82.400846,82.788685,119106.316367094,2572065
898,2021-06-28,82.788685,82.977632,82.629572,82.947799,75239.74943657,2572065
899,2021-06-29,82.977632,83.14669,82.79863,82.957743,134627.827478872,2572065
900,2021-06-30,82.778741,82.848353,82.500392,82.659406,97064.139676131,2572065
901,2021-07-01,82.748907,83.315748,82.719073,83.256081,110834.409048554,2572065
902,2021-07-02,83.176524,83.922368,83.131774,83.902479,58993.277945468,2572065
903,2021-07-06,83.633975,83.723476,83.16658,83.653864,264175.960009066,2572065
904,2021-07-07,83.723476,84.195844,83.474862,84.180927,74659.980024847,2572065
905,2021-07-08,83.454973,83.763255,83.017411,83.663809,106882.430245492,2572065
906,2021-07-09,84.011869,84.290318,83.952202,84.141149,75907.031212326,2572065
907,2021-07-12,84.170983,84.633406,84.151094,84.379819,147157.012415909,2572065
908,2021-07-13,84.161038,84.479265,84.028775,84.200817,66270.726581808,2572065
909,2021-07-14,84.459376,84.459376,84.106343,84.25054,120101.769507976,2572065
910,2021-07-15,83.723476,83.857728,83.380388,83.743366,112569.739448993,2572065
911,2021-07-16,83.812978,84.12126,83.544474,83.743366,112170.961517431,2572065
912,2021-07-19,83.236192,83.445028,82.540071,82.977632,73501.435660084,2572065
913,2021-07-20,83.256081,84.190872,83.256081,83.872645,82092.56421561,2572065
914,2021-07-21,84.071537,84.23065,83.315748,84.151094,73647.621086368,2572065
915,2021-07-22,84.101371,84.479265,83.982036,84.449431,49379.845864641,2572065
916,2021-07-23,84.797492,85.463779,84.797492,85.374278,39780.336205364,2572065
917,2021-07-26,85.026217,85.135608,84.528988,84.688101,50485.683919247,2572065
918,2021-07-27,84.528988,84.956605,84.429542,84.956605,48786.154031368,2572065
919,2021-07-28,84.986439,85.642782,84.744587,85.414056,131985.550760266,2572065
920,2021-07-29,85.841673,85.841673,85.538364,85.68256,243830.329829936,2572065
921,2021-07-30,85.503557,85.871507,85.44389,85.632837,180075.583714094,2572065
922,2021-08-02,86.000787,86.140011,85.622893,85.782006,193245.200042468,2572065
923,2021-08-03,85.951064,86.885855,85.92123,86.865966,125188.425667429,2572065
924,2021-08-04,86.607407,87.035024,86.488072,86.537795,114682.964148668,2572065
925,2021-08-05,86.686963,86.686963,86.005759,86.547739,100658.113353602,2572065
926,2021-08-06,86.269291,86.269291,85.68256,86.1599,139467.857885139,2572065
927,2021-08-09,86.28918,86.607407,86.229512,86.468182,62801.060239612,2572065
928,2021-08-10,86.597462,86.677019,86.100233,86.39857,72543.771949126,2572065
929,2021-08-11,86.547739,86.776465,85.834513,85.901341,47864.290832968,2572065
930,2021-08-12,85.961008,86.498016,85.901341,86.448293,145066.660265925,2572065
931,2021-08-13,86.647185,87.084747,86.647185,87.044968,92091.846265131,2572065
932,2021-08-16,86.985301,87.860425,86.905744,87.860425,62685.703032477,2572065
933,2021-08-17,87.591921,88.586379,87.591921,88.556546,77848.21455998,2572065
934,2021-08-18,88.56649,88.80516,87.591921,87.661533,353543.983943651,2572065
935,2021-08-19,87.154359,88.32782,87.154359,87.969815,69715.531456949,2572065
936,2021-08-20,87.95987,88.506823,87.95987,88.387488,82605.704895625,2572065
937,2021-08-23,88.795216,88.954329,88.516767,88.56649,68577.870724512,2572065
938,2021-08-24,88.516767,88.516767,88.019538,88.278097,580171.173030209,2572065
939,2021-08-25,88.178651,88.178651,87.61181,88.049372,369292.23163497,2572065
940,2021-08-26,88.009593,88.168707,87.532253,87.641644,455510.804923028,2572065
941,2021-08-27,87.760979,88.049372,87.477558,87.601865,186148.742886289,2572065
942,2021-08-30,87.552142,88.188596,87.402974,87.95987,173530.056667853,2572065
943,2021-08-31,88.238319,88.467044,87.631699,87.870369,153397.240646714,2572065
944,2021-09-01,88.138873,88.168707,87.512364,88.168707,222788.578573266,2572065
945,2021-09-02,88.407377,88.964274,88.407377,88.954329,206042.8888237,2572065
946,2021-09-03,88.944385,89.183055,88.517265,89.103498,112241.568083867,2572065
947,2021-09-07,88.974218,89.033886,88.138873,88.626158,185309.419758512,2572065
948,2021-09-08,88.118984,88.377543,87.890258,88.138873,97296.843007766,2572065
949,2021-09-09,87.999649,88.241899,87.164303,87.273694,379576.923326282,2572065
950,2021-09-10,87.472586,87.502419,86.348847,86.39857,190665.574220842,2572065
951,2021-09-13,86.796354,86.836132,85.653422,86.010731,75439.635631692,2572065
952,2021-09-14,86.328958,86.567628,85.931175,86.05051,76648.897389247,2572065
953,2021-09-15,86.1599,86.846077,85.95892,86.557684,61936.87564478,2572065
954,2021-09-16,86.677019,86.746631,85.891396,86.438349,77984.455399442,2572065
955,2021-09-17,86.418459,86.458238,85.970953,86.309069,57634.847385583,2572065
956,2021-09-20,85.274832,86.090288,84.847215,85.603003,92577.142102045,2572065
957,2021-09-21,86.110177,86.647185,85.971053,86.060454,190324.474892847,2572065
958,2021-09-22,86.100233,86.418459,85.639003,85.941119,50830.761081971,2572065
959,2021-09-23,86.348847,87.052129,86.219568,86.65713,39593.377973111,2572065
960,2021-09-24,86.408515,86.567628,86.000787,86.1599,31548.207234113,2572065
961,2021-09-27,85.831729,86.010731,84.936716,85.016273,67511.811017194,2572065
962,2021-09-28,84.459376,84.459376,83.236192,83.51464,159349.075859681,2572065
963,2021-09-29,83.862701,84.178939,83.673754,83.812978,114560.645730758,2572065
964,2021-09-30,84.200817,84.538933,83.241164,83.266025,97270.987082029,2572065
965,2021-10-01,83.345582,83.574308,82.198772,83.285915,186339.678953272,2572065
966,2021-10-04,82.957743,83.375416,81.873783,82.261622,117107.454415872,2572065
967,2021-10-05,82.341179,83.115166,82.271567,82.480403,71659.69818065,2572065
968,2021-10-06,81.933451,82.361068,81.406388,82.291456,68685.27226219,2572065
969,2021-10-07,82.768796,83.663809,82.768796,83.236192,67507.833182465,2572065
970,2021-10-08,83.454973,83.564363,82.848353,83.0373,104304.793341229,2572065
971,2021-10-11,83.077078,83.345582,82.480403,82.490348,51358.818642219,2572065
972,2021-10-12,82.66935,82.748907,81.983174,82.172121,181884.504057016,2572065
973,2021-10-13,82.291456,82.649461,82.112453,82.43068,72088.309872678,2572065
974,2021-10-14,83.176524,83.574308,83.176524,83.285915,113380.223274986,2572065
975,2021-10-15,83.803033,83.995859,83.544474,83.862701,148382.18551238,2572065
976,2021-10-18,83.365471,83.504696,82.957743,83.285915,43325.581407407,2572065
977,2021-10-19,83.64392,84.409653,83.633975,84.280373,60452.148832256,2572065
978,2021-10-20,84.668212,85.354389,84.668212,85.195275,66425.862136231,2572065
979,2021-10-21,85.304666,85.44389,84.747769,85.44389,49157.087119828,2572065
980,2021-10-22,85.583114,85.970953,85.364333,85.92123,116484.923280815,2572065
981,2021-10-25,85.861563,86.020676,85.342455,85.941119,36480.722297825,2572065
982,2021-10-26,86.120122,86.428404,85.732283,86.368737,47784.734138392,2572065
983,2021-10-27,86.488072,86.488072,85.543336,85.55328,391366.231003763,2572065
984,2021-10-28,85.821784,86.587517,85.772061,86.309069,123036.417079148,2572065
985,2021-10-29,86.199679,86.995246,85.791951,86.856021,270524.58423623,2572065
986,2021-11-01,87.154359,87.402974,86.786409,87.015135,132240.132182909,2572065
987,2021-11-02,87.333361,87.959771,86.836132,87.562087,192076.711090883,2572065
988,2021-11-03,87.512364,88.288042,87.323417,88.248263,136275.645515277,2572065
989,2021-11-04,88.148818,88.198541,87.37314,87.830591,186624.094136381,2572065
990,2021-11-05,87.184193,87.24386,86.239457,86.87591,111366.444443531,2572065
991,2021-11-08,86.935578,87.293583,86.741659,87.273694,115647.589070402,2572065
992,2021-11-09,87.333361,87.333361,86.786409,87.025079,96639.505818832,2572065
993,2021-11-10,86.905744,87.477558,86.796354,86.955467,72311.068617491,2572065
994,2021-11-11,87.025079,87.025079,86.617351,86.856021,62903.489483879,2572065
995,2021-11-12,86.985301,87.154359,86.577573,86.915689,59807.73960619,2572065
996,2021-11-15,87.174248,87.174248,86.468182,86.488072,57815.838865744,2572065
997,2021-11-16,86.388626,87.044968,86.299124,86.617351,86789.392571641,2572065
998,2021-11-17,86.647185,87.015135,86.547839,86.786409,34636.995901026,2572065
999,2021-11-18,86.76652,87.008173,86.478127,86.716797,51864.998111459,2572065
1000,2021-11-19,87.084747,87.273694,86.279235,86.378681,85627.864830831,2572065
1001,2021-11-22,86.348847,86.478127,85.772061,85.791951,48447.043620737,2572065
1002,2021-11-23,85.354389,85.702449,85.105774,85.68256,72620.345267655,2572065
1003,2021-11-24,85.225109,85.523447,84.986439,85.493613,48900.516779821,2572065
1004,2021-11-26,85.513502,86.169845,84.817381,85.195275,91126.226884715,2572065
1005,2021-11-29,85.463779,85.721941,85.036162,85.20522,340718.450319317,2572065
1006,2021-11-30,84.926771,85.145552,83.773199,83.862701,128001.749279373,2572065
1007,2021-12-01,84.379819,85.14058,83.574308,83.663809,108762.951613532,2572065
1008,2021-12-02,83.693643,84.240595,83.295859,83.922368,71537.379762739,2572065
1009,2021-12-03,84.46932,84.827326,83.474862,84.111315,64048.111427091,2572065
1010,2021-12-06,84.23065,84.747769,84.041703,84.349985,62616.090924723,2572065
1011,2021-12-07,84.857159,85.55328,84.5986,85.513502,239212.063709799,2572065
1012,2021-12-08,85.980898,86.418459,85.593059,86.338903,74712.686335004,2572065
1013,2021-12-09,86.239457,86.597462,86.169845,86.368737,55453.999495519,2572065
1014,2021-12-10,86.328958,86.686963,86.189734,86.478127,68627.593658622,2572065
1015,2021-12-13,86.39,87.28,86.39,87.08,150266.0,2572065
1016,2021-12-14,86.69,86.93,86.19,86.45,54659.0,2572065
1017,2021-12-15,86.58,88.17,86.57,88.12,129254.0,2572065
1018,2021-12-16,88.4,89.14,88.35,88.83,130590.0,2572065
1019,2021-12-17,88.24,88.56,87.75,87.92,162712.0,2572065
1020,2021-12-20,87.64,87.94,86.8464,87.54,100555.0,2572065
1021,2021-12-21,87.85,88.07,87.2,88.05,161090.0,2572065
1022,2021-12-22,88.01,89.1,87.82,89.08,85699.0,2572065
1023,2021-12-23,89.17,89.55,88.86,89.34,59390.0,2572065
1024,2021-12-27,89.6,90.3,89.6,90.3,123008.0,2572065
1025,2021-12-28,90.38,90.56,89.96,90.1,53151.0,2572065
1026,2021-12-29,89.96,90.68,89.96,90.54,83268.0,2572065
1027,2021-12-30,90.56,90.91,90.4,90.47,180027.0,2572065
1028,2021-12-31,90.45,90.82,90.27,90.34,99023.0,2572065
116,2018-12-31,30.163616,30.205861,29.729323,29.857637,11628.192371796,2572066
117,2019-01-02,29.137105,30.370892,29.137105,30.173486,14846.894971272,2572066
118,2019-01-03,29.691125,30.010429,29.490857,29.490857,5067.408508344,2572066
119,2019-01-04,30.045172,31.245894,30.045172,31.061813,6828.268808088,2572066
120,2019-01-07,31.338181,32.236377,31.209867,32.078453,39777.2814348,2572066
121,2019-01-08,32.631189,32.739762,32.029496,32.6608,17353.949433912,2572066
122,2019-01-09,32.769373,33.203666,32.764438,33.095093,10599.707824524,2572066
123,2019-01-10,32.552227,32.917428,32.354821,32.917428,8865.497316312,2572066
124,2019-01-11,32.700281,32.875874,32.700281,32.864523,4213.628150004,2572066
125,2019-01-14,32.562097,32.759503,32.226507,32.522616,7475.760039384,2572066
126,2019-01-15,32.641059,33.213536,32.641059,33.154315,10456.588573704,2572066
127,2019-01-16,33.282629,33.578737,33.154315,33.460294,186898.93613118,2572066
128,2019-01-17,33.193796,33.710012,33.193796,33.647829,7454.045394432,2572066
129,2019-01-18,33.983419,34.190696,33.746532,33.999113,8793.444176244,2572066
130,2019-01-22,33.874846,33.874846,32.660997,32.877947,6094.9060263,2572066
131,2019-01-23,33.154315,33.376495,32.845769,33.035871,6571.641185928,2572066
132,2019-01-24,32.966779,33.588608,32.966779,33.574197,7828.129505196,2572066
133,2019-01-25,33.973549,34.446534,33.973549,34.417712,6144.2574921,2572066
134,2019-01-28,34.072252,34.378231,33.775156,34.34862,2854.488781872,2572066
135,2019-01-29,34.190696,34.249917,33.825495,33.825988,4870.98967446,2572066
136,2019-01-30,34.525298,34.911227,34.279528,34.842036,7626.775524732,2572066
137,2019-01-31,35.088892,35.385001,35.079022,35.35539,32330.14524558,2572066
138,2019-02-01,34.68421,35.088892,34.68421,34.733562,14125.376541276,2572066
139,2019-02-04,34.782913,34.970449,34.615118,34.960578,12193.760169864,2572066
140,2019-02-05,35.118503,35.779813,35.108633,35.572537,37609.765056864,2572066
141,2019-02-06,35.671239,35.671239,34.891486,35.296168,10155.544632324,2572066
142,2019-02-07,35.098762,35.098762,34.309139,34.69408,16998.618880152,2572066
143,2019-02-08,34.486804,34.608505,34.232249,34.575637,8329.540397724,2572066
144,2019-02-11,34.802654,34.842135,34.723691,34.782913,11999.315394612,2572066
145,2019-02-12,35.315909,35.63166,35.187595,35.621888,7203.339948168,2572066
146,2019-02-13,35.631758,35.641629,35.256687,35.306039,10289.7806193,2572066
147,2019-02-14,35.059281,35.30821,34.881616,35.266557,14804.452710684,2572066
148,2019-02-15,35.177725,35.319166,35.118503,35.118503,6551.900599608,2572066
149,2019-02-19,35.138244,35.726316,35.138244,35.592277,334198.25610444,2572066
150,2019-02-20,35.769942,35.858775,35.473834,35.570562,13060.371909312,2572066
151,2019-02-21,35.523185,35.523185,35.039541,35.231419,2674.84944636,2572066
152,2019-02-22,35.602147,36.401641,35.602147,36.401641,38096.370509652,2572066
153,2019-02-25,36.70762,37.101445,36.70762,36.816193,37314.64329138,2572066
154,2019-02-26,36.638528,37.27911,36.638528,37.192745,10756.645485768,2572066
155,2019-02-27,37.211005,37.748837,37.190574,37.684779,8094.627420516,2572066
156,2019-02-28,37.674909,37.684779,37.220876,37.36893,15209.134730244,2572066
157,2019-03-01,37.911796,38.000629,37.625558,37.846257,19766.249082216,2572066
158,2019-03-04,38.148683,38.237516,37.240715,37.813093,23616.650443932,2572066
159,2019-03-05,37.852574,38.195073,37.655168,38.010499,69457.25296692,2572066
160,2019-03-06,38.04011,38.04011,37.517083,37.556465,25072.518685032,2572066
161,2019-03-07,37.457763,37.467633,36.405885,36.508931,48151.238151744,2572066
162,2019-03-08,35.908127,36.342419,35.631758,36.342419,44395.591604364,2572066
163,2019-03-11,36.608917,37.438022,36.608917,37.438022,24640.199844624,2572066
164,2019-03-12,37.892055,37.980888,37.67787,37.852574,25179.11785116,2572066
165,2019-03-13,37.911796,38.090744,37.803223,37.865406,37063.937845116,2572066
166,2019-03-14,37.783482,37.793353,37.546694,37.569988,8056.133277192,2572066
167,2019-03-15,37.803223,37.970919,37.753871,37.820496,10800.074775672,2572066
168,2019-03-18,38.03024,38.099332,37.776573,38.03024,8874.380580156,2572066
169,2019-03-19,38.306608,38.469468,37.974966,37.992831,45369.789539256,2572066
170,2019-03-20,37.946342,38.347668,37.744001,38.263277,9656.107798428,2572066
171,2019-03-21,38.237417,38.421893,38.216788,38.421893,16815.031427376,2572066
172,2019-03-22,38.198035,38.198035,37.02347,37.030083,18097.18250886,2572066
173,2019-03-25,36.835934,37.516984,36.835934,37.398541,6582.498508404,2572066
174,2019-03-26,37.71439,37.793353,37.319677,37.399824,6437.405198952,2572066
175,2019-03-27,37.645298,37.645298,36.855675,37.122173,4871.976703776,2572066
176,2019-03-28,37.319578,37.428152,37.122173,37.329449,4853.223146772,2572066
177,2019-03-29,37.674909,37.813093,37.615687,37.760583,12228.306195924,2572066
178,2019-04-01,38.05985,38.316379,38.020369,38.138813,8026.522397712,2572066
179,2019-04-02,38.169411,38.276997,38.03024,38.03024,8665.130365164,2572066
180,2019-04-03,38.04998,38.431664,38.04998,38.227645,29852.70166242,2572066
181,2019-04-04,38.168424,38.346089,37.882185,38.217775,8865.497316312,2572066
182,2019-04-05,38.39544,38.39544,38.242155,38.262981,6136.361257572,2572066
183,2019-04-08,38.168424,38.277293,38.168424,38.228534,12694.184033076,2572066
184,2019-04-09,38.089461,38.094396,37.872315,37.872315,7671.191843952,2572066
185,2019-04-10,38.010499,38.109399,37.971018,38.089461,5559.936137028,2572066
186,2019-04-11,38.198035,38.198035,37.882284,37.921666,14817.284091792,2572066
187,2019-04-12,38.188164,38.188164,37.901926,38.010499,8274.266756028,2572066
188,2019-04-15,37.931537,37.931537,37.250486,37.665039,4587.712260768,2572066
189,2019-04-16,37.847639,38.020369,37.788417,37.901926,2299.77830628,2572066
190,2019-04-17,37.777363,37.882185,37.675008,37.783482,3823.751570184,2572066
191,2019-04-18,37.744001,37.852574,37.447892,37.586076,8283.150019872,2572066
192,2019-04-22,37.477503,37.705211,37.408411,37.595947,8892.147107844,2572066
193,2019-04-23,37.625558,38.292789,37.625558,38.224882,4232.381707008,2572066
194,2019-04-24,38.158553,38.405311,38.158553,38.405311,5233.229433432,2572066
195,2019-04-25,38.316379,38.487629,38.010499,38.365336,5661.600156576,2572066
196,2019-04-26,38.533624,38.918566,38.286867,38.918566,16811.083310112,2572066
197,2019-04-29,38.938307,39.076491,38.844539,38.983809,9085.60485378,2572066
198,2019-04-30,38.879085,38.898825,38.466507,38.671809,8057.120306508,2572066
199,2019-05-01,38.879085,39.286827,38.671809,38.671809,11031.039635616,2572066
200,2019-05-02,38.829733,39.005227,38.237516,38.652463,9771.5902284,2572066
201,2019-05-03,39.214675,39.639986,39.214675,39.639986,19391.177942136,2572066
202,2019-05-06,38.355959,39.191381,38.188164,39.092974,8756.924091552,2572066
203,2019-05-07,38.681679,38.936332,37.980888,38.237516,12065.446358784,2572066
204,2019-05-08,38.04998,38.39544,38.04998,38.178294,5922.175896,2572066
205,2019-05-09,37.783482,37.836584,37.191265,37.763742,10219.701537864,2572066
206,2019-05-10,37.595947,37.595947,36.401641,37.135004,7476.7470687,2572066
207,2019-05-13,36.233846,36.233846,35.612018,35.671239,22325.616098604,2572066
208,2019-05-14,35.947608,36.559566,35.740332,36.470733,9617.613655104,2572066
209,2019-05-15,36.539825,36.998893,36.194365,36.885286,7254.6654726,2572066
210,2019-05-16,37.161654,37.576107,37.159976,37.159976,4996.342397592,2572066
211,2019-05-17,36.786583,36.993859,36.658269,36.658269,11206.730853864,2572066
212,2019-05-20,36.322679,36.322679,35.671239,36.066051,13636.797029856,2572066
213,2019-05-21,36.381901,36.711174,36.342419,36.599047,3276.93732912,2572066
214,2019-05-22,36.579306,36.658269,36.208183,36.208183,4129.730658144,2572066
215,2019-05-23,35.799553,35.946621,35.413822,35.619914,3651.021439884,2572066
216,2019-05-24,36.046311,36.145014,35.740332,35.77014,4917.380052312,2572066
217,2019-05-28,36.145014,36.145014,35.898256,35.898256,12190.799081916,2572066
218,2019-05-29,35.868645,35.868645,35.079022,35.324693,8431.204417272,2572066
219,2019-05-30,35.473834,35.582407,35.187595,35.286298,4132.691746092,2572066
220,2019-05-31,34.881616,34.911227,34.624988,34.753302,10846.465153524,2572066
221,2019-06-03,34.605248,34.802654,34.042641,34.192373,10634.253850584,2572066
222,2019-06-04,34.581164,35.179995,34.581164,35.179995,3002.543179272,2572066
223,2019-06-05,35.483704,35.483704,34.801173,34.985649,4483.087153272,2572066
224,2019-06-06,35.207336,35.245435,35.049411,35.245435,15031.469453364,2572066
225,2019-06-07,35.286298,36.174624,35.286298,35.987089,8699.676391224,2572066
226,2019-06-10,36.668139,37.230746,36.520085,36.664882,19021.041948636,2572066
227,2019-06-11,37.04321,37.383735,36.915094,37.138656,20412.753284196,2572066
228,2019-06-12,36.885286,37.003729,36.791419,36.99228,8130.160475892,2572066
229,2019-06-13,37.220876,37.35906,37.062951,37.114869,3233.508039216,2572066
230,2019-06-14,36.87048,36.87048,36.678009,36.783622,4228.433589744,2572066
231,2019-06-17,36.865545,37.272596,36.865545,37.218901,5030.888423652,2572066
232,2019-06-18,37.457763,38.079591,37.457763,37.56979,19899.498039876,2572066
233,2019-06-19,37.556465,37.835203,37.430126,37.835203,8764.82032608,2572066
234,2019-06-20,38.39544,38.39544,37.507114,37.844579,15738.18244362,2572066
235,2019-06-21,38.010499,38.010499,37.635428,37.637698,5488.870026276,2572066
236,2019-06-24,37.576206,37.674909,37.3788,37.3788,4625.219374776,2572066
237,2019-06-25,37.240616,37.375938,36.654715,36.734171,8537.8035834,2572066
238,2019-06-26,36.776712,37.349189,36.776712,37.201135,16005.667388256,2572066
239,2019-06-27,37.595947,37.645594,37.554689,37.554689,14152.026332808,2572066
240,2019-06-28,37.536725,37.667408,37.447892,37.560808,1642.416781824,2572066
241,2019-07-01,38.128942,38.355959,37.675008,37.7745,24703.369720848,2572066
242,2019-07-02,37.487373,37.751009,37.398541,37.751009,10325.313674676,2572066
243,2019-07-03,37.862445,37.915942,37.783482,37.914757,4974.62775264,2572066
244,2019-07-05,37.71439,38.019382,37.70452,37.989377,1787.510091276,2572066
245,2019-07-08,37.951277,37.951277,37.586076,37.615687,4816.70306208,2572066
246,2019-07-09,37.714588,38.109202,37.714588,38.085316,2738.019322584,2572066
247,2019-07-10,38.326348,38.326348,37.872315,38.077321,4411.034013204,2572066
248,2019-07-11,38.099035,38.099035,37.635428,37.684088,9951.229563912,2572066
249,2019-07-12,38.018691,38.04998,37.832834,37.949106,15319.682013636,2572066
250,2019-07-15,38.109202,38.221427,37.911599,38.206227,32655.86491986,2572066
251,2019-07-16,38.336219,38.336219,38.04998,38.128942,10380.587316372,2572066
252,2019-07-17,38.276997,38.276997,37.822963,37.829182,14220.131355612,2572066
253,2019-07-18,37.842704,37.842704,37.256211,37.605817,20245.945329792,2572066
254,2019-07-19,37.803223,37.902321,37.497244,37.497244,9381.71364858,2572066
255,2019-07-22,37.71439,37.753871,37.467633,37.723372,7540.90397424,2572066
256,2019-07-23,37.911796,37.951277,37.556465,37.916336,7429.369661532,2572066
257,2019-07-24,37.842704,38.363559,37.791675,38.346089,7420.486397688,2572066
258,2019-07-25,38.444792,38.444792,38.116506,38.116506,18800.934411168,2572066
259,2019-07-26,38.178294,38.237516,37.945059,38.126771,7470.824892804,2572066
260,2019-07-29,38.05985,38.05985,37.694748,38.045538,4109.003042508,2572066
261,2019-07-30,37.556465,37.684779,37.457763,37.526657,17875.10091276,2572066
262,2019-07-31,37.536725,37.625558,36.500344,36.895156,10514.823303348,2572066
263,2019-08-01,37.062951,37.487373,36.243716,36.381901,10086.452580204,2572066
264,2019-08-02,36.194365,36.243716,35.738851,35.841305,12897.512072172,2572066
265,2019-08-05,35.217206,35.217206,34.269658,34.517896,15584.205870324,2572066
266,2019-08-06,34.743432,35.069152,34.368262,34.6698,34402.90680918,2572066
267,2019-08-07,34.249917,34.441006,33.736662,34.441006,23688.703584,2572066
268,2019-08-08,34.802654,35.414612,34.733562,35.404742,15053.184098316,2572066
269,2019-08-09,35.296168,35.296168,34.616697,34.616697,12765.250143828,2572066
270,2019-08-12,34.35849,34.35849,34.052511,34.158124,2761.708026168,2572066
271,2019-08-13,34.438736,35.116035,34.438736,34.842135,3871.128977352,2572066
272,2019-08-14,34.042641,34.091993,33.420813,33.499775,33860.04068538,2572066
273,2019-08-15,33.549126,33.91492,33.282629,33.519516,18467.31850236,2572066
274,2019-08-16,33.776143,34.279429,33.776143,34.249917,22103.534502504,2572066
275,2019-08-19,34.763173,34.861875,34.585507,34.791796,16028.369062524,2572066
276,2019-08-20,34.555896,34.739681,34.555896,34.654599,13450.248489132,2572066
277,2019-08-21,34.911227,35.148114,34.911227,35.009831,15239.73263904,2572066
278,2019-08-22,34.980319,35.246817,34.35849,34.555896,12724.781941872,2572066
279,2019-08-23,34.210436,34.240047,33.312239,33.312733,17118.049427388,2572066
280,2019-08-26,33.647829,33.697181,33.33198,33.499775,15909.925544604,2572066
281,2019-08-27,33.746532,33.786013,33.035871,33.137338,6801.619016556,2572066
282,2019-08-28,32.947039,33.519516,32.947039,33.440553,6092.931967668,2572066
283,2019-08-29,34.00316,34.141344,33.983025,34.085281,11409.071863644,2572066
284,2019-08-30,34.259788,34.259788,33.963777,33.992599,1448.959035888,2572066
285,2019-09-03,33.835365,33.835365,33.34185,33.455063,4337.99384382,2572066
286,2019-09-04,33.776143,34.077187,33.776143,34.005233,12300.359335992,2572066
287,2019-09-05,34.437354,34.807885,34.437354,34.807885,4873.950762408,2572066
288,2019-09-06,34.792783,34.867205,34.492332,34.492332,4160.32856694,2572066
289,2019-09-09,34.546026,35.232505,34.546026,35.232505,6543.017335764,2572066
290,2019-09-10,35.039541,35.239513,34.792783,35.239513,2111.255706924,2572066
291,2019-09-11,35.236947,35.730461,35.236947,35.697593,1973.071602684,2572066
292,2019-09-12,35.829164,35.952543,35.572537,35.861934,9308.673479196,2572066
293,2019-09-13,35.996959,36.011765,35.839034,35.910594,3151.584605988,2572066
294,2019-09-16,35.70085,35.890755,35.651499,35.890755,3417.095491992,2572066
295,2019-09-17,35.730461,35.865092,35.612018,35.865092,6334.754150088,2572066
296,2019-09-18,35.661369,35.671239,35.039541,35.454093,17007.502143996,2572066
297,2019-09-19,35.454093,35.68111,35.059281,35.076456,9373.817414052,2572066
298,2019-09-20,35.098762,35.197465,34.704049,34.911326,13825.319629212,2572066
299,2019-09-23,34.703951,34.852005,34.486804,34.486804,5827.421081664,2572066
300,2019-09-24,34.585507,34.605248,33.430683,33.470164,42113.579825772,2572066
301,2019-09-25,33.618219,34.022901,33.361591,33.993487,13294.297857204,2572066
302,2019-09-26,33.943938,33.943938,33.465229,33.608348,9135.943348896,2572066
303,2019-09-27,33.687311,33.815624,32.868076,33.037549,12887.641779012,2572066
304,2019-09-30,33.253018,33.460294,33.045741,33.32211,22414.448737044,2572066
305,2019-10-01,33.489905,33.489905,33.065482,33.065482,4228.433589744,2572066
306,2019-10-02,32.710152,32.710152,32.186335,32.405752,16397.518026708,2572066
307,2019-10-03,32.30547,32.936872,31.910658,32.931937,4209.68003274,2572066
308,2019-10-04,33.067259,33.419727,33.067259,33.397716,327.693732912,2572066
309,2019-10-07,33.302369,33.558997,33.233178,33.282629,4772.28674286,2572066
310,2019-10-08,33.075352,33.075352,32.601578,32.601578,10078.556345676,2572066
311,2019-10-09,32.868076,32.956909,32.858601,32.90657,2909.762423568,2572066
312,2019-10-10,32.729892,33.123223,32.729892,33.061435,2262.271192272,2572066
313,2019-10-11,33.69116,34.161085,33.69116,33.819572,10487.1864825,2572066
314,2019-10-14,33.766273,33.766273,33.312239,33.50244,2864.359075032,2572066
315,2019-10-15,33.66757,34.241034,33.66757,34.126144,2964.049035948,2572066
316,2019-10-16,34.309139,34.309139,34.169474,34.206685,2288.920983804,2572066
317,2019-10-17,34.368361,34.731588,34.368361,34.703951,2846.592547344,2572066
318,2019-10-18,34.359478,34.359478,33.647829,33.930712,4809.793856868,2572066
319,2019-10-21,34.101863,34.476934,34.101863,34.373987,2968.984182528,2572066
320,2019-10-22,34.575637,34.660127,34.536156,34.536156,2438.949439836,2572066
321,2019-10-23,34.442388,34.585507,34.397972,34.58452,1579.2469056,2572066
322,2019-10-24,34.723691,34.763173,34.506545,34.763173,22817.156697972,2572066
323,2019-10-25,34.546026,35.306039,34.457193,35.210001,8294.994371664,2572066
324,2019-10-28,35.444223,35.533055,35.227076,35.434352,21566.5905546,2572066
325,2019-10-29,34.68421,34.68421,34.116668,34.116668,16692.639792192,2572066
326,2019-10-30,34.00316,34.319009,34.00316,34.292162,19641.8833884,2572066
327,2019-10-31,34.01303,34.01303,33.36011,33.429992,8969.135394492,2572066
328,2019-11-01,33.529386,33.687311,33.460294,33.489905,10625.37058674,2572066
329,2019-11-04,33.726792,34.111733,33.726792,33.997435,9929.51491896,2572066
330,2019-11-05,34.00316,34.249917,34.00316,34.14391,11653.855134012,2572066
331,2019-11-06,34.062382,34.082122,33.797364,33.896363,24918.542111736,2572066
332,2019-11-07,34.091993,34.249917,33.877906,33.877906,10035.127055772,2572066
333,2019-11-08,34.042641,34.299269,34.042641,34.102949,10894.829590008,2572066
334,2019-11-11,33.99329,34.067712,33.924198,34.042148,9880.16345316,2572066
335,2019-11-12,34.076792,34.289398,34.076792,34.083307,2163.568260672,2572066
336,2019-11-13,33.776143,33.815624,33.73528,33.774564,5103.928593036,2572066
337,2019-11-14,33.608348,33.935845,33.608348,33.874846,6854.91859962,2572066
338,2019-11-15,34.210436,34.264723,34.210436,34.227512,4893.691348728,2572066
339,2019-11-18,34.257024,34.285056,34.082122,34.082122,3643.125205356,2572066
340,2019-11-19,34.170955,34.180825,33.80151,33.978188,3654.969557148,2572066
341,2019-11-20,33.558997,33.687311,33.233277,33.342443,7322.770495404,2572066
342,2019-11-21,33.262888,33.34185,33.248083,33.292499,4911.457876416,2572066
343,2019-11-22,33.534124,33.831713,33.534124,33.794601,1426.25736162,2572066
344,2019-11-25,34.170856,34.489765,34.135126,34.483251,6174.855400896,2572066
345,2019-11-26,34.546026,34.785578,34.417712,34.743432,15209.134730244,2572066
346,2019-11-27,35.00006,35.266557,34.940838,35.266557,34165.032744024,2572066
347,2019-11-29,35.375131,35.375131,34.871746,34.92623,19665.572091984,2572066
348,2019-12-02,35.039541,35.039541,34.058927,34.441302,25407.121623156,2572066
349,2019-12-03,34.062382,34.385732,33.736662,34.385732,14453.070274188,2572066
350,2019-12-04,34.397972,34.430741,34.052511,34.109759,7160.89768758,2572066
351,2019-12-05,34.061197,34.31743,34.01303,34.137593,7224.067563804,2572066
352,2019-12-06,34.397972,34.633082,34.397972,34.555896,28374.131747052,2572066
353,2019-12-09,34.575637,34.780544,34.472394,34.472394,11498.8915314,2572066
354,2019-12-10,34.447323,34.839667,34.447323,34.572972,9501.144195816,2572066
355,2019-12-11,34.782913,34.911227,34.646111,34.827329,11708.141746392,2572066
356,2019-12-12,34.970449,35.378092,34.923762,35.218785,14966.325518508,2572066
357,2019-12-13,35.207336,35.602147,35.00687,35.045463,19323.072919332,2572066
358,2019-12-16,35.207336,35.374933,35.069152,35.208125,19156.264964928,2572066
359,2019-12-17,35.36526,35.36526,34.87293,35.225793,17582.940235224,2572066
360,2019-12-18,35.246817,35.412638,35.210889,35.210889,5827.421081664,2572066
361,2019-12-19,35.236947,35.375131,35.199538,35.312356,6971.388058908,2572066
362,2019-12-20,35.523185,35.612018,35.310974,35.465543,13960.542645504,2572066
363,2019-12-23,35.473834,35.695817,35.473834,35.633338,74857.290354756,2572066
364,2019-12-24,35.762046,35.815346,35.631758,35.740332,7023.700612656,2572066
365,2019-12-26,35.750202,36.342419,35.750202,36.342419,9769.616169768,2572066
366,2019-12-27,36.520085,36.520085,36.203248,36.203248,14573.48785074,2572066
367,2019-12-30,36.37203,36.37203,35.721578,35.733521,78216.151117104,2572066
368,2019-12-31,35.621888,35.937737,35.621888,35.809424,20835.201831444,2572066
369,2020-01-02,36.075921,36.510214,36.075921,36.391179,15655.271981076,2572066
370,2020-01-03,35.769942,36.186469,35.769942,36.151133,13905.269003808,2572066
371,2020-01-06,35.829164,36.37203,35.829164,36.371932,8076.860892828,2572066
372,2020-01-07,36.490474,36.586413,36.293956,36.510214,12614.23465848,2572066
373,2020-01-08,36.529955,36.852417,36.263457,36.582169,9489.299844024,2572066
374,2020-01-09,36.638528,36.933058,36.638528,36.871566,5269.749518124,2572066
375,2020-01-10,36.786583,36.786583,36.495409,36.74414,9863.383954788,2572066
376,2020-01-13,37.02347,37.69465,36.954378,37.666618,12532.311225252,2572066
377,2020-01-14,37.655168,37.857509,37.329449,37.66948,8678.948775588,2572066
378,2020-01-15,37.665039,37.930944,37.665039,37.684187,8354.216130624,2572066
379,2020-01-16,37.951573,38.267127,37.951573,38.257355,15979.017596724,2572066
380,2020-01-17,38.484273,38.484273,38.178294,38.373726,5196.70934874,2572066
381,2020-01-21,38.207905,38.425051,37.921666,38.39544,11874.949700796,2572066
382,2020-01-22,38.474403,38.691549,38.119072,38.169509,9183.320756064,2572066
383,2020-01-23,37.961147,37.99826,37.758806,37.911796,4732.80557022,2572066
384,2020-01-24,37.951277,38.128942,37.033932,37.36893,9723.225791916,2572066
385,2020-01-27,36.263457,36.872849,35.996959,36.668139,13392.013759488,2572066
386,2020-01-28,37.013599,37.275162,36.835934,37.221961,9927.540860328,2572066
387,2020-01-29,37.457763,37.457763,36.950035,36.950035,11216.601147024,2572066
388,2020-01-30,36.579306,37.092562,36.579306,37.072821,5216.44993506,2572066
389,2020-01-31,37.951277,37.951277,36.796453,36.871862,25964.793186696,2572066
390,2020-02-03,37.132043,37.420255,37.036301,37.312768,8084.757127356,2572066
391,2020-02-04,37.990758,38.336219,37.942394,38.293184,21912.0508152,2572066
392,2020-02-05,38.484273,38.494143,38.054915,38.236825,6311.065446504,2572066
393,2020-02-06,38.336219,38.632327,38.267127,38.425051,6663.434912316,2572066
394,2020-02-07,38.247386,38.280155,37.813093,38.008031,8413.437889584,2572066
395,2020-02-10,37.852574,38.406594,37.852574,38.399981,4412.02104252,2572066
396,2020-02-11,38.642198,39.135712,38.642198,38.721555,8628.610280472,2572066
397,2020-02-12,38.958047,39.530524,38.958047,39.487687,14115.506248116,2572066
398,2020-02-13,39.254156,39.254156,38.770512,38.984993,13007.072326248,2572066
399,2020-02-14,39.185064,39.185064,38.818876,38.926561,4198.822710264,2572066
400,2020-02-18,38.740901,39.381483,38.740901,39.381483,4139.600951304,2572066
401,2020-02-19,39.165323,39.362729,38.83072,38.987658,12199.68234576,2572066
402,2020-02-20,39.540394,40.55437,39.540394,40.369499,33271.771213044,2572066
403,2020-02-21,40.172093,40.320148,39.520654,40.014168,20856.916476396,2572066
404,2020-02-24,38.138813,38.829733,37.951277,38.316478,14717.594130876,2572066
405,2020-02-25,38.513884,38.671809,37.132043,37.280097,38516.844998268,2572066
406,2020-02-26,37.862445,37.891562,36.865545,36.996228,3641.151146724,2572066
407,2020-02-27,36.569436,37.260357,35.542926,35.878516,17274.987088632,2572066
408,2020-02-28,34.595378,36.095662,34.595378,36.095662,9100.41029352,2572066
409,2020-03-02,36.599047,36.62925,35.612018,36.62925,4306.408905708,2572066
410,2020-03-03,36.628658,36.89713,35.394575,35.734015,13756.227577092,2572066
411,2020-03-04,36.599047,36.68788,36.125273,36.664191,6275.532391128,2572066
412,2020-03-05,36.243716,36.369958,36.116192,36.337682,3132.831048984,2572066
413,2020-03-06,35.479657,35.925893,35.098762,35.631758,4904.548671204,2572066
414,2020-03-09,34.526285,34.526285,33.361591,33.756403,12507.635492352,2572066
415,2020-03-10,34.32888,34.390075,33.124704,34.151313,9290.906951508,2572066
416,2020-03-11,33.558997,33.558997,31.928227,32.260954,11214.627088392,2572066
417,2020-03-12,30.084654,30.923628,29.117365,29.117365,26688.285675324,2572066
418,2020-03-13,31.427013,31.427013,29.303913,31.101294,61901.54355294,2572066
419,2020-03-16,31.367792,31.367792,28.229038,28.614868,34268.670822204,2572066
420,2020-03-17,29.660231,30.706482,28.130336,30.183356,32289.677043624,2572066
421,2020-03-18,29.571398,29.808285,28.183635,29.265419,24364.81866546,2572066
422,2020-03-19,29.117365,30.667001,29.008792,30.077053,27849.03215094,2572066
423,2020-03-20,30.829861,31.101294,29.270749,29.270749,12156.253055856,2572066
424,2020-03-23,29.127235,29.828026,28.515277,29.62075,26957.744678592,2572066
425,2020-03-24,32.137675,32.137675,30.706482,31.357921,51278.147024832,2572066
426,2020-03-25,32.354821,32.636124,31.081553,31.596092,87039.206172828,2572066
427,2020-03-26,31.881047,32.843104,31.63429,32.843104,29709.5824116,2572066
428,2020-03-27,32.473264,32.501888,31.693511,32.354821,25199.845466796,2572066
429,2020-03-30,32.009361,32.798984,31.811955,32.621319,31479.325975188,2572066
430,2020-03-31,32.947039,33.480034,32.562097,32.818725,26401.060144368,2572066
431,2020-04-01,32.019231,32.147446,31.270569,31.338181,26809.690281192,2572066
432,2020-04-02,31.32831,31.871177,30.739153,31.121034,29066.039297568,2572066
433,2020-04-03,31.417143,31.417143,30.449854,30.854536,14372.133870276,2572066
434,2020-04-06,32.571967,33.637959,32.483135,33.637959,19623.129831396,2572066
435,2020-04-07,35.00006,35.108633,34.062382,34.555896,497812.183641864,2572066
436,2020-04-08,34.644729,35.621888,34.526285,35.552796,24370.740841356,2572066
437,2020-04-09,35.789683,36.895156,35.789683,36.322679,45331.295395932,2572066
438,2020-04-13,35.937737,36.727361,35.747833,36.510214,64465.845715908,2572066
439,2020-04-14,37.339319,38.276997,37.339319,37.960457,39404.184353352,2572066
440,2020-04-15,37.497244,38.188164,36.954378,37.931537,35776.851617052,2572066
441,2020-04-16,38.454662,39.234415,38.148683,38.938307,151071.746019012,2572066
442,2020-04-17,39.609486,39.609486,38.642198,39.342989,194344.098261768,2572066
443,2020-04-20,39.342989,40.635997,39.260473,39.984558,95369.733599868,2572066
444,2020-04-21,39.560135,39.619357,38.170694,38.750771,42355.402008192,2572066
445,2020-04-22,40.38924,40.38924,39.362729,39.895725,58309.743872016,2572066
446,2020-04-23,40.172093,40.359629,39.768398,39.964817,84755.220335604,2572066
447,2020-04-24,40.359629,41.247955,40.280666,41.050549,49290.269982408,2572066
448,2020-04-27,42.067189,42.468614,41.376269,42.225114,199843.82561052,2572066
449,2020-04-28,43.014738,43.014738,41.073054,41.593415,93788.512635636,2572066
450,2020-04-29,42.284336,42.837072,41.74147,42.442261,122404.466565108,2572066
451,2020-04-30,42.807461,42.807461,41.677806,42.106671,73599.815006172,2572066
452,2020-05-01,41.011068,41.011068,39.757541,40.438591,82476.16964496,2572066
453,2020-05-04,39.747671,40.63501,39.629227,40.533642,31517.820118512,2572066
454,2020-05-05,41.790821,42.511353,41.790821,42.126411,107378.91928764,2572066
455,2020-05-06,42.916035,42.965386,42.100748,42.866683,48183.810119172,2572066
456,2020-05-07,43.547733,43.547733,42.698888,42.866683,46903.63309632,2572066
457,2020-05-08,43.75501,44.574244,43.152922,44.495282,82506.767553756,2572066
458,2020-05-11,44.505152,44.840742,44.238654,44.682817,67917.48723396,2572066
459,2020-05-12,44.830872,46.242323,44.3493,44.692687,172480.411883052,2572066
460,2020-05-13,45.136851,45.235455,43.370068,44.307746,100664.158850892,2572066
461,2020-05-14,43.76488,44.297876,43.162792,44.248524,56218.228751412,2572066
462,2020-05-15,44.11034,44.998667,43.794491,44.978926,36556.604776692,2572066
463,2020-05-18,46.084399,46.084399,45.294775,45.590884,168289.485407316,2572066
464,2020-05-19,45.877123,46.489081,45.600754,45.600754,102162.46935258,2572066
465,2020-05-20,46.45947,46.46934,45.235554,45.985696,89599.560218532,2572066
466,2020-05-21,45.985696,45.985696,44.929574,45.423089,51911.819845704,2572066
467,2020-05-22,45.373738,45.657706,44.855547,45.620495,57069.048021804,2572066
468,2020-05-26,46.765449,46.765449,45.511922,45.600754,59690.5978851,2572066
469,2020-05-27,45.906733,45.906733,43.794491,45.215813,84566.697736248,2572066
470,2020-05-28,45.136851,46.044819,44.939445,45.255294,52533.648314784,2572066
471,2020-05-29,45.492181,46.706227,45.324386,46.597654,102956.040922644,2572066
472,2020-06-01,46.824671,47.209612,46.546328,47.061558,37496.256685524,2572066
473,2020-06-02,47.258964,48.023911,47.15039,47.979495,73507.034250468,2572066
474,2020-06-03,48.463139,48.49275,47.920273,48.364338,82973.632420224,2572066
475,2020-06-04,48.275604,49.065129,47.841311,48.216382,87521.863508352,2572066
476,2020-06-05,48.8086,49.119514,48.443498,48.621064,83055.555853452,2572066
477,2020-06-08,49.183671,49.193541,48.744443,49.134319,77206.420126836,2572066
478,2020-06-09,49.045487,49.716667,48.81926,49.371206,66477.411461916,2572066
479,2020-06-10,50.338495,50.338495,49.24536,49.548872,86002.825391028,2572066
480,2020-06-11,48.690156,49.242893,47.347796,47.47611,210563.951011596,2572066
481,2020-06-12,48.867821,49.006006,46.745708,47.762349,98597.319463188,2572066
482,2020-06-15,47.328056,48.946784,46.854282,48.717497,92333.631423852,2572066
483,2020-06-16,50.279273,50.279273,48.927043,49.82524,112295.312310636,2572066
484,2020-06-17,50.585252,50.585252,50.136154,50.289144,75790.033058376,2572066
485,2020-06-18,50.259533,50.753047,49.95079,50.101608,55091.04127254,2572066
486,2020-06-19,50.83201,51.014511,50.318755,50.48655,83710.943319276,2572066
487,2020-06-22,50.940583,51.029416,50.456939,51.02448,44205.094946376,2572066
488,2020-06-23,51.84865,51.996704,51.325524,51.563892,106318.849802256,2572066
489,2020-06-24,51.582152,51.819039,50.091738,50.708631,95045.98798422,2572066
490,2020-06-25,50.654344,50.960324,50.16083,50.950453,80723.205579744,2572066
491,2020-06-26,51.394616,51.394616,50.091738,50.107037,58344.289898076,2572066
492,2020-06-29,50.526031,50.526031,49.351466,50.289144,67178.202276276,2572066
493,2020-06-30,50.565512,51.009675,50.397717,50.920842,110042.911411524,2572066
494,2020-07-01,50.999805,52.717236,50.999805,52.5297,154007.171204796,2572066
495,2020-07-02,53.694395,53.894564,53.023215,53.51673,284331.561001488,2572066
496,2020-07-06,54.997273,56.050829,54.87883,55.55988,168521.437296576,2572066
497,2020-07-07,55.648713,56.23106,55.060542,55.50056,120781.790369604,2572066
498,2020-07-08,56.191579,56.936786,55.694807,56.872629,179313.61583772,2572066
499,2020-07-09,57.622771,58.047095,56.675223,58.007713,188735.797688256,2572066
500,2020-07-10,57.89914,57.89914,56.919118,57.810307,170122.398847128,2572066
501,2020-07-13,58.175508,58.767725,55.273642,55.55988,223250.238810144,2572066
502,2020-07-14,55.105847,55.672007,53.250232,55.471048,138047.894194392,2572066
503,2020-07-15,56.023784,56.023784,54.632073,55.816508,150285.08365416,2572066
504,2020-07-16,55.115717,56.018849,54.702152,55.777027,44928.587435004,2572066
505,2020-07-17,56.270541,56.388985,55.372345,55.638843,69901.41615912,2572066
506,2020-07-20,56.300152,57.691864,56.073135,57.612901,88690.506218496,2572066
507,2020-07-21,58.698633,58.698633,56.791693,57.311857,95773.428590112,2572066
508,2020-07-22,57.346403,57.346403,56.38938,56.843018,68983.47889524,2572066
509,2020-07-23,57.070035,57.158868,54.967663,55.599361,125133.602623848,2572066
510,2020-07-24,54.395186,55.500658,53.717886,55.22429,57035.48902506,2572066
511,2020-07-27,55.510529,57.129257,55.510529,57.000943,68907.477637908,2572066
512,2020-07-28,57.2477,57.306922,56.428466,56.438336,38266.139552004,2572066
513,2020-07-29,57.099646,58.382784,56.971332,58.195248,67604.598940788,2572066
514,2020-07-30,58.333433,59.744884,57.879399,59.537608,115543.625789592,2572066
515,2020-07-31,61.028023,61.067504,59.883069,60.771395,245629.154491812,2572066
516,2020-08-03,61.363613,62.577165,61.225428,62.478956,228739.10883642,2572066
517,2020-08-04,62.488826,63.208074,62.143464,63.002081,175421.759244732,2572066
518,2020-08-05,63.29819,65.228819,63.107693,65.094583,156260.559133224,2572066
519,2020-08-06,65.183416,65.361081,63.702971,64.423403,129297.879308052,2572066
520,2020-08-07,64.561588,66.087831,63.845991,64.828085,176281.461778968,2572066
521,2020-08-10,65.114324,65.66706,63.051433,63.781834,162767.056384296,2572066
522,2020-08-11,63.574558,64.058203,62.097962,62.172977,133579.61248086,2572066
523,2020-08-12,62.557918,63.189617,62.391505,62.725713,89037.940537728,2572066
524,2020-08-13,62.95273,64.496345,62.834286,63.801575,135248.679054216,2572066
525,2020-08-14,64.393793,64.393793,62.903378,63.446244,67172.28010038,2572066
526,2020-08-17,64.413533,65.370952,63.860797,65.203157,108911.775815388,2572066
527,2020-08-18,65.578228,66.792274,65.242638,66.703441,133302.257243064,2572066
528,2020-08-19,66.545516,67.433843,66.180316,66.752793,165408.346833912,2572066
529,2020-08-20,66.802144,66.802144,66.180414,66.555387,114425.321574564,2572066
530,2020-08-21,66.190186,66.902426,65.889142,66.594868,79117.308882612,2572066
531,2020-08-24,67.887876,67.927358,66.081613,67.108123,183975.355297188,2572066
532,2020-08-25,67.196956,67.34501,66.00265,67.256178,121597.07658462,2572066
533,2020-08-26,67.729952,68.203726,67.360803,67.907617,161836.287739308,2572066
534,2020-08-27,68.035931,68.33204,65.607839,66.200056,158408.33492484,2572066
535,2020-08-28,66.33824,67.142669,65.875324,65.98291,103960.836766332,2572066
536,2020-08-31,66.012521,66.012521,64.897178,65.449914,175167.105681204,2572066
537,2020-09-01,65.538747,67.122929,65.538747,67.039031,106668.25818012,2572066
538,2020-09-02,68.00632,68.00632,65.801099,66.930458,135215.120057472,2572066
539,2020-09-03,66.219797,66.219797,62.508567,63.160006,257209.96945644,2572066
540,2020-09-04,62.380253,63.391958,58.59006,61.995311,371515.860483768,2572066
541,2020-09-08,59.804106,61.847257,59.682603,60.060734,155168.904709728,2572066
542,2020-09-09,61.27478,62.217393,60.702303,61.866998,162429.492358224,2572066
543,2020-09-10,62.814546,63.81638,60.820845,60.94906,140873.7591261,2572066
544,2020-09-11,61.699203,61.926219,59.369813,59.952161,91111.689130644,2572066
545,2020-09-14,60.61347,61.176077,60.208788,60.879968,133753.329640476,2572066
546,2020-09-15,61.728813,61.827418,60.335325,61.028023,111984.398076096,2572066
547,2020-09-16,61.689332,61.777967,60.723031,60.820746,44403.487838892,2572066
548,2020-09-17,59.656052,60.011382,59.004613,59.92255,116647.12456488,2572066
549,2020-09-18,60.652951,60.652951,59.060182,60.228529,57625.732556028,2572066
550,2020-09-21,58.896039,60.455546,58.649479,60.455546,130316.493562164,2572066
551,2020-09-22,61.195818,62.528307,60.327232,62.464052,103884.835509,2572066
552,2020-09-23,62.281575,62.281575,60.137016,60.3753,71969.8204381,2572066
553,2020-09-24,59.600876,60.951055,59.094522,60.007945,86593.530365713,2572066
554,2020-09-25,59.988088,61.327544,59.849089,61.189439,54124.307352425,2572066
555,2020-09-28,62.112791,62.694999,61.76281,62.688644,66736.500115713,2572066
556,2020-09-29,62.897143,62.897143,62.073077,62.102862,84854.054515813,2572066
557,2020-09-30,62.748216,63.264498,61.894363,62.301432,102056.199821388,2572066
558,2020-10-01,63.383641,64.316921,62.936857,64.227564,137980.546098175,2572066
559,2020-10-02,62.231933,63.810567,62.231933,63.175142,148082.810237863,2572066
560,2020-10-05,63.65171,64.624705,63.621925,64.495634,101186.461896438,2572066
561,2020-10-06,64.535348,64.932588,63.213863,63.443212,102083.006812225,2572066
562,2020-10-07,64.326849,65.409058,64.326849,65.339558,97977.565808038,2572066
563,2020-10-08,65.657271,66.014697,65.111202,65.389201,70454.729030025,2572066
564,2020-10-09,65.955126,66.868549,65.955126,66.749407,117732.33235225,2572066
565,2020-10-12,68.050043,69.072183,67.48511,68.516683,231453.544594,2572066
566,2020-10-13,68.73511,69.817318,68.05461,69.499606,219393.377271663,2572066
567,2020-10-14,70.194602,70.194602,68.119542,68.397541,2607642.090905713,2572066
568,2020-10-15,66.769264,68.367755,66.481337,68.347898,189863.987586888,2572066
569,2020-10-16,69.092537,69.509534,67.712473,67.712473,170357.4339208,2572066
570,2020-10-19,68.913823,69.121329,67.096905,67.513903,216660.05705775,2572066
571,2020-10-20,67.543688,68.601075,67.46426,67.613188,2244438.143454475,2572066
572,2020-10-21,68.139399,68.139399,66.099586,66.33241,196808.983916825,2572066
573,2020-10-22,66.233124,66.759336,65.220416,66.391981,94095.516394163,2572066
574,2020-10-23,66.878478,66.987692,65.830027,66.908263,92341.147771575,2572066
575,2020-10-26,66.580622,67.623117,65.111301,66.302624,239868.95401395,2572066
576,2020-10-27,66.967835,68.258541,66.818907,68.129471,130253.182776388,2572066
577,2020-10-28,67.404689,67.553617,66.342338,67.086977,146331.420169813,2572066
578,2020-10-29,67.096905,67.364777,66.024626,66.024626,127351.07780535,2572066
579,2020-10-30,65.369344,65.369344,62.549645,63.105642,186111.008869638,2572066
580,2020-11-02,63.602068,64.009137,62.671766,63.572282,103902.903634638,2572066
581,2020-11-03,63.611996,64.694205,62.58509,64.45592,160616.567731663,2572066
582,2020-11-04,65.92534,66.898335,65.796071,66.411838,113835.390165688,2572066
583,2020-11-05,68.208899,70.035646,67.672759,69.638605,278385.635589875,2572066
584,2020-11-06,69.53932,70.120138,68.558978,70.00596,102650.917877375,2572066
585,2020-11-09,70.154888,70.154888,64.853061,64.982131,407882.265513738,2572066
586,2020-11-10,64.386421,64.386421,61.199367,62.430503,298785.755617213,2572066
587,2020-11-11,62.827644,64.99206,62.807787,64.733919,95042.696737088,2572066
588,2020-11-12,65.5282,65.974983,64.416206,64.624705,124401.315961713,2572066
589,2020-11-13,65.667199,65.984812,64.788327,65.478557,78327.048672638,2572066
590,2020-11-16,65.359415,65.627485,64.441027,65.418986,169028.998597075,2572066
591,2020-11-17,65.72677,65.853061,64.81563,65.647342,87311.36200925,2572066
592,2020-11-18,65.5282,65.721806,64.882846,65.220416,244052.830287625,2572066
593,2020-11-19,65.399129,66.550837,65.358819,66.372124,87097.898934063,2572066
594,2020-11-20,66.977763,68.308184,66.977763,67.990472,147242.857858288,2572066
595,2020-11-23,68.506754,70.005563,68.407469,69.787533,149194.803931863,2572066
596,2020-11-24,70.393172,70.432787,69.370535,70.20453,95578.836553838,2572066
597,2020-11-25,70.254173,71.465452,70.065531,71.227168,125787.336673163,2572066
598,2020-11-27,72.239876,73.173156,71.8199,73.004372,213062.956027963,2572066
599,2020-11-30,73.242656,73.292299,70.224387,72.120734,254938.454270675,2572066
600,2020-12-01,73.054014,73.054014,71.038625,71.922164,140750.60181805,2572066
601,2020-12-02,71.763307,71.763307,70.422958,71.54488,103612.990992988,2572066
602,2020-12-03,71.842735,72.130662,71.485309,71.673951,98846.310881475,2572066
603,2020-12-04,72.110805,72.110805,71.33648,71.74345,111196.390845463,2572066
604,2020-12-07,71.773236,72.120734,70.909455,71.098097,145035.748946,2572066
605,2020-12-08,71.892378,72.805702,71.81295,72.61716,101372.125129275,2572066
606,2020-12-09,73.312156,73.808581,71.425738,71.803021,137583.405493175,2572066
607,2020-12-10,71.594523,73.0143,71.485309,72.825658,118797.662025163,2572066
608,2020-12-11,72.944801,73.649725,72.160646,73.202942,92265.691056625,2572066
609,2020-12-14,73.758939,74.205722,73.242656,73.242656,89233.52253745,2572066
610,2020-12-15,74.126294,74.851076,73.595118,74.851076,99527.40701905,2572066
611,2020-12-16,74.960289,76.687851,74.692219,76.598494,165713.867396838,2572066
612,2020-12-17,77.372918,78.177128,76.916207,78.0977,150960.093921088,2572066
613,2020-12-18,78.594126,78.623911,77.442418,78.077843,122597.3047635,2572066
614,2020-12-21,77.928915,78.852267,77.27264,78.703339,118677.52699215,2572066
615,2020-12-22,79.328836,79.63662,78.038129,79.10048,204141.192336638,2572066
616,2020-12-23,79.67,79.67,78.33,78.46,94653.0,2572066
617,2020-12-24,77.78,78.202,77.045,77.6798,133258.0,2572066
618,2020-12-28,78.41,78.5,75.705,76.38,168942.0,2572066
619,2020-12-29,76.83,77.28,75.62,76.5,104064.0,2572066
620,2020-12-30,77.0,77.8499,76.9501,77.37,93529.0,2572066
621,2020-12-31,77.41,77.55,75.5,75.85,79824.0,2572066
622,2021-01-04,76.16,76.16,73.72,74.96,152688.0,2572066
623,2021-01-05,74.42,77.52,74.42,77.52,112041.0,2572066
624,2021-01-06,76.02,77.76,75.95,76.35,120356.0,2572066
625,2021-01-07,77.11,77.72,76.5717,77.07,96621.0,2572066
626,2021-01-08,77.69,78.83,77.11,77.96,144472.0,2572066
627,2021-01-11,77.07,78.22,75.96,77.74,304650.0,2572066
628,2021-01-12,77.81,81.03,77.81,80.6,2520390.0,2572066
629,2021-01-13,81.0,81.66,80.01,81.02,105822.0,2572066
630,2021-01-14,81.5,83.3,81.42,82.83,129954.0,2572066
631,2021-01-15,82.81,82.81,79.69,80.77,102844.0,2572066
632,2021-01-19,81.52,82.8,81.19,82.78,109658.0,2572066
633,2021-01-20,83.99,84.72,82.79,83.67,103850.0,2572066
634,2021-01-21,84.54,84.86,83.64,84.33,158730.0,2572066
635,2021-01-22,83.99,85.92,83.7201,85.87,115876.0,2572066
636,2021-01-25,87.13,88.27,84.2,85.49,296512.0,2572066
637,2021-01-26,86.3,86.56,85.6,86.52,113648.0,2572066
638,2021-01-27,85.09,86.9799,84.24,84.87,150889.0,2572066
639,2021-01-28,85.39,85.715,83.5301,84.35,129813.0,2572066
640,2021-01-29,84.06,84.8,82.18,82.73,136913.0,2572066
641,2021-02-01,84.18,85.18,82.671,85.05,110177.0,2572066
642,2021-02-02,86.6,86.6,84.62,85.08,141646.0,2572066
643,2021-02-03,86.41,87.36,86.02,86.1,163270.0,2572066
644,2021-02-04,87.38,87.84,86.42,87.84,131453.0,2572066
645,2021-02-05,89.27,89.91,88.42,89.72,206484.0,2572066
646,2021-02-08,90.7,90.775,89.13,89.93,114854.0,2572066
647,2021-02-09,90.06,91.24,89.9444,90.52,171090.0,2572066
648,2021-02-10,91.34,91.36,88.51,89.92,129838.0,2572066
649,2021-02-11,90.69,92.54,90.48,91.75,125558.0,2572066
650,2021-02-12,91.36,92.76,90.91,92.52,111082.0,2572066
651,2021-02-16,93.33,93.45,91.1353,91.85,219960.0,2572066
652,2021-02-17,91.12,91.72,89.47,90.95,139211.0,2572066
653,2021-02-18,89.43,89.9939,88.086,89.67,99433.0,2572066
654,2021-02-19,90.56,91.57,90.32,90.61,157460.0,2572066
655,2021-02-22,89.14,89.26,87.36,87.61,121190.0,2572066
656,2021-02-23,84.39,86.14,80.3711,85.8,410920.0,2572066
657,2021-02-24,85.68,85.68,83.275,84.86,152013.0,2572066
658,2021-02-25,84.38,86.13,81.0,81.36,281367.0,2572066
659,2021-02-26,82.59,84.14,80.87,82.93,277095.0,2572066
660,2021-03-01,84.35,86.63,83.85,86.45,114599.0,2572066
661,2021-03-02,86.58,86.765,84.14,84.24,134302.0,2572066
662,2021-03-03,84.48,84.48,80.13,80.8,210598.0,2572066
663,2021-03-04,80.31,80.9,76.04,78.21,347251.0,2572066
664,2021-03-05,79.11,79.11,73.97,78.98,245468.0,2572066
665,2021-03-08,78.45,80.2303,77.0,77.08,158854.0,2572066
666,2021-03-09,78.52,80.46,78.52,80.0,282536.0,2572066
667,2021-03-10,81.63,81.88,79.283,79.84,146511.0,2572066
668,2021-03-11,81.41,82.94,81.35,82.91,89108.0,2572066
669,2021-03-12,81.59,82.17,80.41,82.17,96963.0,2572066
670,2021-03-15,81.87,82.491,81.0883,82.46,75391.0,2572066
671,2021-03-16,82.82,83.01,80.78,81.57,87145.0,2572066
672,2021-03-17,80.34,83.55,79.98,82.72,90983.0,2572066
673,2021-03-18,82.28,82.7799,80.51,80.69,99465.0,2572066
674,2021-03-19,81.1,82.515,80.6,81.98,97257.0,2572066
675,2021-03-22,82.38,82.91,81.63,82.5,78003.0,2572066
676,2021-03-23,82.23,83.12,81.0,81.28,75323.0,2572066
677,2021-03-24,81.8,81.8,76.65,76.81,128555.0,2572066
678,2021-03-25,75.33,77.23,75.15,76.49,106163.0,2572066
679,2021-03-26,76.61,77.7874,75.1625,77.77,87282.0,2572066
680,2021-03-29,77.5,78.139,76.36,76.86,64827.0,2572066
681,2021-03-30,76.39,77.6351,75.93,77.28,49592.0,2572066
682,2021-03-31,78.19,79.3117,78.19,78.45,48411.0,2572066
683,2021-04-01,79.76,80.36,78.97,79.42,62463.0,2572066
684,2021-04-05,80.28,80.28,78.3756,79.4,88686.0,2572066
685,2021-04-06,79.39,80.62,79.23,80.14,57194.0,2572066
686,2021-04-07,80.05,80.3799,79.2,79.44,49397.0,2572066
687,2021-04-08,80.04,80.3099,79.5611,80.17,109957.0,2572066
688,2021-04-09,79.87,80.82,79.71,80.82,45403.0,2572066
689,2021-04-12,81.19,81.8101,80.4876,81.41,64857.0,2572066
690,2021-04-13,81.7,82.86,81.7,82.56,63420.0,2572066
691,2021-04-14,82.73,83.1,81.37,81.56,55139.0,2572066
692,2021-04-15,82.06,82.63,81.2157,81.81,44284.0,2572066
693,2021-04-16,81.9,81.9,80.6111,81.58,50698.0,2572066
694,2021-04-19,81.06,81.35,79.585,80.01,62521.0,2572066
695,2021-04-20,79.74,79.74,77.5,78.03,52591.0,2572066
696,2021-04-21,77.9,78.99,77.44,78.9,47505.0,2572066
697,2021-04-22,78.91,79.9579,78.41,78.66,46556.0,2572066
698,2021-04-23,78.86,80.075,78.86,79.92,33493.0,2572066
699,2021-04-26,79.86,80.77,79.58,80.7297,59784.0,2572066
700,2021-04-27,81.06,81.41,80.78,81.11,218002.0,2572066
701,2021-04-28,81.03,82.08,80.43,81.75,57492.0,2572066
702,2021-04-29,82.82,82.82,80.55,81.41,65340.0,2572066
703,2021-04-30,81.26,81.87,80.51,80.68,38412.0,2572066
704,2021-05-03,80.9,81.39,79.91,79.99,68224.0,2572066
705,2021-05-04,79.14,79.4,77.36,78.49,72260.0,2572066
706,2021-05-05,78.91,79.2938,77.59,77.82,358919.0,2572066
707,2021-05-06,77.16,77.164,75.5988,76.34,108461.0,2572066
708,2021-05-07,77.0,78.44,77.0,77.51,80909.0,2572066
709,2021-05-10,76.85,76.97,74.6099,74.64,434252.0,2572066
710,2021-05-11,72.24,74.94,71.87,74.84,79131.0,2572066
711,2021-05-12,73.9,74.3,71.75,71.9,97799.0,2572066
712,2021-05-13,72.06,72.4537,69.43,70.56,136299.0,2572066
713,2021-05-14,71.33,72.9094,71.33,72.85,55230.0,2572066
714,2021-05-17,72.62,73.22,72.2701,73.21,91661.0,2572066
715,2021-05-18,73.86,75.0,73.64,73.88,78660.0,2572066
716,2021-05-19,72.35,73.31,71.97,73.29,64202.0,2572066
717,2021-05-20,73.6,74.8157,73.6,74.6,58147.0,2572066
718,2021-05-21,74.96,74.96,73.825,73.88,51361.0,2572066
719,2021-05-24,74.41,75.295,73.9338,74.93,40038.0,2572066
720,2021-05-25,75.51,76.24,74.76,74.87,35216.0,2572066
721,2021-05-26,75.42,76.28,75.42,75.99,36284.0,2572066
722,2021-05-27,76.19,76.3762,75.44,75.96,44981.0,2572066
723,2021-05-28,76.24,76.595,75.7005,75.72,24029.0,2572066
724,2021-06-01,76.69,77.18,76.2,76.9,56438.0,2572066
725,2021-06-02,77.06,79.39,76.445,79.39,70377.0,2572066
726,2021-06-03,78.03,78.34,76.6,76.68,309483.0,2572066
727,2021-06-04,77.06,77.2813,76.62,76.76,39721.0,2572066
728,2021-06-07,76.9,77.7338,76.61,77.63,27177.0,2572066
729,2021-06-08,78.37,79.17,78.111,79.17,49113.0,2572066
730,2021-06-09,79.39,79.965,78.725,78.74,43439.0,2572066
731,2021-06-10,79.02,79.3615,78.5,78.92,54981.0,2572066
732,2021-06-11,79.0,79.3701,78.725,79.15,23818.0,2572066
733,2021-06-14,79.16,79.35,78.84,79.26,45966.0,2572066
734,2021-06-15,79.5,79.5,77.89,78.21,70111.0,2572066
735,2021-06-16,78.28,78.69,77.4899,78.51,39081.0,2572066
736,2021-06-17,78.29,79.45,78.29,79.35,31328.0,2572066
737,2021-06-18,78.77,79.3,78.05,78.52,28714.0,2572066
738,2021-06-21,78.47,78.96,77.511,78.77,43410.0,2572066
739,2021-06-22,78.56,79.8705,78.54,79.69,42366.0,2572066
740,2021-06-23,79.73,80.7375,79.73,80.47,41177.0,2572066
741,2021-06-24,80.88,82.03,80.87,81.57,55263.0,2572066
742,2021-06-25,82.0,82.28,81.5,81.85,59402.0,2572066
743,2021-06-28,82.24,82.61,82.01,82.5,38294.0,2572066
744,2021-06-29,82.48,82.67,81.78,82.58,41369.0,2572066
745,2021-06-30,82.17,82.17,80.82,80.87,306305.0,2572066
746,2021-07-01,80.61,80.61,78.5,79.33,238528.0,2572066
747,2021-07-02,79.46,79.46,77.9781,79.01,49611.0,2572066
748,2021-07-06,79.01,80.4676,78.43,80.07,55397.0,2572066
749,2021-07-07,80.82,86.23,80.46,84.77,187064.0,2572066
750,2021-07-08,81.13,82.235,79.01,81.28,103525.0,2572066
751,2021-07-09,82.39,84.3925,82.39,83.53,59355.0,2572066
752,2021-07-12,83.71,83.77,81.8,82.34,525973.0,2572066
753,2021-07-13,82.15,82.99,80.9,80.9,89988.0,2572066
754,2021-07-14,81.72,81.9101,78.96,78.96,65850.0,2572066
755,2021-07-15,79.13,79.57,77.12,77.91,136237.0,2572066
756,2021-07-16,78.31,78.5636,77.35,77.42,29327.0,2572066
757,2021-07-19,76.03,76.95,75.25,76.53,83493.0,2572066
758,2021-07-20,76.91,78.46,76.4,78.16,38276.0,2572066
759,2021-07-21,78.24,79.0536,78.24,78.96,33638.0,2572066
760,2021-07-22,79.05,79.3319,78.606,79.09,27365.0,2572066
761,2021-07-23,78.78,78.78,77.62,78.54,30076.0,2572066
762,2021-07-26,77.54,78.54,77.1525,77.33,43692.0,2572066
763,2021-07-27,76.66,76.67,74.2601,75.5,63504.0,2572066
764,2021-07-28,76.38,76.8,75.92,76.36,52563.0,2572066
765,2021-07-29,77.02,77.02,75.89,76.02,57063.0,2572066
766,2021-07-30,73.5035,74.3786,72.6,72.7,74793.0,2572066
767,2021-08-02,73.13,73.92,72.81,73.26,66399.0,2572066
768,2021-08-03,73.18,73.23,72.1675,73.22,73625.0,2572066
769,2021-08-04,73.07,73.8716,73.06,73.06,29655.0,2572066
770,2021-08-05,72.82,73.68,72.598,73.56,40174.0,2572066
771,2021-08-06,73.53,73.66,72.05,72.5,30613.0,2572066
772,2021-08-09,72.39,73.14,72.01,72.89,39631.0,2572066
773,2021-08-10,73.07,73.18,72.38,72.73,41305.0,2572066
774,2021-08-11,72.82,72.82,71.8908,72.473,40820.0,2572066
775,2021-08-12,72.2,72.37,71.6501,72.32,44530.0,2572066
776,2021-08-13,71.54,71.6,71.01,71.58,138919.0,2572066
777,2021-08-16,70.95,71.0,69.49,70.09,74801.0,2572066
778,2021-08-17,69.09,69.67,68.2052,68.48,73386.0,2572066
779,2021-08-18,68.53,69.175,68.1301,68.19,43896.0,2572066
780,2021-08-19,67.21,67.67,66.185,66.37,107427.0,2572066
781,2021-08-20,66.64,67.3999,66.3732,66.64,51679.0,2572066
782,2021-08-23,67.0,67.8582,66.75,67.7,67549.0,2572066
783,2021-08-24,68.63,70.28,68.63,70.05,48435.0,2572066
784,2021-08-25,69.75,69.8796,69.19,69.82,54816.0,2572066
785,2021-08-26,69.65,70.065,69.2392,69.67,30099.0,2572066
786,2021-08-27,69.52,70.0446,69.1694,69.98,39392.0,2572066
787,2021-08-30,70.1,71.3068,69.92,71.05,41717.0,2572066
788,2021-08-31,71.43,71.66,70.99,71.38,41844.0,2572066
789,2021-09-01,71.6,72.99,71.6,72.31,44757.0,2572066
790,2021-09-02,72.3,72.355,71.35,71.35,43706.0,2572066
791,2021-09-03,71.11,71.4568,70.81,71.26,31207.0,2572066
792,2021-09-07,71.69,72.24,71.69,71.78,36820.0,2572066
793,2021-09-08,71.64,71.64,70.265,70.77,25022.0,2572066
794,2021-09-09,70.43,71.03,70.12,70.49,25971.0,2572066
795,2021-09-10,71.07,71.29,69.95,70.0,32602.0,2572066
796,2021-09-13,70.08,70.08,68.82,69.64,43569.0,2572066
797,2021-09-14,69.55,69.58,68.35,68.6,36849.0,2572066
798,2021-09-15,68.52,69.22,67.95,69.19,123477.0,2572066
799,2021-09-16,68.79,69.68,68.79,69.49,42642.0,2572066
800,2021-09-17,69.86,70.169,69.53,69.93,24616.0,2572066
801,2021-09-20,67.93,68.538,66.76,67.74,183104.0,2572066
802,2021-09-21,68.1,68.29,67.35,67.4,80032.0,2572066
803,2021-09-22,67.75,68.725,67.75,68.53,33449.0,2572066
804,2021-09-23,68.66,69.23,68.46,69.14,38004.0,2572066
805,2021-09-24,68.41,68.59,68.06,68.55,23007.0,2572066
806,2021-09-27,68.09,69.25,68.09,69.19,33267.0,2572066
807,2021-09-28,68.48,68.81,66.9019,67.33,44903.0,2572066
808,2021-09-29,67.42,67.63,66.26,66.27,30562.0,2572066
809,2021-09-30,66.46,66.515,65.3507,65.64,52746.0,2572066
810,2021-10-01,65.82,65.82,64.7201,65.53,35783.0,2572066
811,2021-10-04,65.02,65.02,63.21,63.52,82158.0,2572066
812,2021-10-05,63.73,64.9384,63.73,64.14,38765.0,2572066
813,2021-10-06,63.37,64.72,63.37,64.39,32881.0,2572066
814,2021-10-07,65.55,66.85,65.55,66.17,51512.0,2572066
815,2021-10-08,66.55,66.8,66.0,66.0,36505.0,2572066
816,2021-10-11,66.41,66.41,65.02,65.03,37841.0,2572066
817,2021-10-12,65.41,65.81,65.13,65.34,43515.0,2572066
818,2021-10-13,65.65,66.61,65.65,66.55,32285.0,2572066
819,2021-10-14,67.03,67.38,66.63,66.93,59739.0,2572066
820,2021-10-15,67.23,67.9614,67.1316,67.58,40795.0,2572066
821,2021-10-18,67.12,68.39,67.12,68.29,56577.0,2572066
822,2021-10-19,68.77,69.5,68.5248,69.31,35912.0,2572066
823,2021-10-20,69.68,69.94,69.21,69.56,144006.0,2572066
824,2021-10-21,69.34,70.1668,69.34,69.98,79858.0,2572066
825,2021-10-22,69.78,70.02,68.59,68.84,48519.0,2572066
826,2021-10-25,68.83,69.69,68.48,69.56,51606.0,2572066
827,2021-10-26,69.73,69.79,68.5,68.54,298109.0,2572066
828,2021-10-27,68.25,68.889,67.37,67.37,38973.0,2572066
829,2021-10-28,67.4,68.9201,67.3,68.77,39369.0,2572066
830,2021-10-29,67.55,68.19,67.3,68.19,39458.0,2572066
831,2021-11-01,68.21,68.85,68.21,68.77,34058.0,2572066
832,2021-11-02,68.43,68.45,67.65,68.08,61079.0,2572066
833,2021-11-03,68.09,69.72,68.09,69.57,52441.0,2572066
834,2021-11-04,69.31,70.34,69.16,69.6,41819.0,2572066
835,2021-11-05,69.97,70.4,69.5391,69.68,39962.0,2572066
836,2021-11-08,70.06,70.54,69.67,69.67,36461.0,2572066
837,2021-11-09,69.98,70.77,69.6026,70.51,70209.0,2572066
838,2021-11-10,70.22,70.89,68.73,69.2,56983.0,2572066
839,2021-11-11,69.79,70.78,69.79,69.94,45495.0,2572066
840,2021-11-12,70.31,71.4401,69.83,71.41,28063.0,2572066
841,2021-11-15,71.6,72.1,71.0799,71.32,45617.0,2572066
842,2021-11-16,71.17,71.77,71.0423,71.69,55753.0,2572066
843,2021-11-17,71.62,71.62,70.09,70.11,799942.0,2572066
844,2021-11-18,69.72,69.87,68.822,69.64,58572.0,2572066
845,2021-11-19,69.58,70.28,68.74,68.74,52434.0,2572066
846,2021-11-22,68.79,69.07,66.24,66.81,128301.0,2572066
847,2021-11-23,66.78,66.965,64.835,65.53,62689.0,2572066
848,2021-11-24,65.0,66.48,64.65,66.4,55156.0,2572066
849,2021-11-26,65.46,66.0502,64.7991,65.5,35286.0,2572066
850,2021-11-29,66.0,66.0,64.6101,65.21,80101.0,2572066
851,2021-11-30,65.02,65.06,62.5,63.36,67640.0,2572066
852,2021-12-01,64.31,64.31,60.51,60.58,91582.0,2572066
853,2021-12-02,60.54,61.1812,59.79,60.53,116617.0,2572066
854,2021-12-03,60.25,60.51,57.59,58.31,91177.0,2572066
855,2021-12-06,58.14,60.05,57.1711,59.54,117023.0,2572066
856,2021-12-07,60.97,62.0747,60.97,61.51,103709.0,2572066
857,2021-12-08,61.01,62.185,60.57,61.57,77914.0,2572066
858,2021-12-09,61.56,62.11,60.071,60.15,54515.0,2572066
859,2021-12-10,60.29,60.3571,58.29,58.64,143383.0,2572066
860,2021-12-13,58.5,58.56,56.81,57.61,97256.0,2572066
861,2021-12-14,56.59,57.85,56.56,57.43,92296.0,2572066
862,2021-12-15,57.08,57.8039,55.15,57.58,107019.0,2572066
863,2021-12-16,57.83,58.0,55.394,55.82,123395.0,2572066
864,2021-12-17,55.2,56.8977,54.59,56.56,97221.0,2572066
865,2021-12-20,55.23,55.67,54.6607,55.23,106966.0,2572066
866,2021-12-21,55.94,57.39,55.94,57.33,92141.0,2572066
867,2021-12-22,56.73,57.239,56.52,57.1,65324.0,2572066
868,2021-12-23,56.87,57.7471,56.492,57.56,114260.0,2572066
869,2021-12-27,57.44,57.97,57.13,57.29,119770.0,2572066
870,2021-12-28,57.15,57.6,56.62,56.63,84293.0,2572066
871,2021-12-29,56.51,56.51,55.41,55.92,66267.0,2572066
872,2021-12-30,55.86,58.23,55.86,57.59,89026.0,2572066
873,2021-12-31,57.32,57.845,56.7,56.72,77312.0,2572066
126,2018-12-31,19.567862,19.616059,19.346158,19.442551,37809.351522795,2572067
127,2019-01-02,19.249764,19.616059,19.249764,19.548584,10402.776912962,2572067
128,2019-01-03,19.375076,19.375076,18.862455,18.862455,4784.004986937,2572067
129,2019-01-04,19.085895,19.762674,19.085895,19.693174,5098.247506732,2572067
130,2019-01-07,19.847403,20.261895,19.779928,20.18478,16455.319188396,2572067
131,2019-01-08,20.425764,20.47396,20.204155,20.386724,12093.517341551,2572067
132,2019-01-09,20.541436,20.613538,20.515217,20.61055,2323.081204618,2572067
133,2019-01-10,20.47396,20.730656,20.445042,20.730656,10128.055691669,2572067
134,2019-01-11,20.637829,20.714944,20.637829,20.687568,1782.31416902,2572067
135,2019-01-14,20.512518,20.522157,20.416124,20.424125,7343.250048456,2572067
136,2019-01-15,20.570354,20.840255,20.570354,20.796782,7540.856540965,2572067
137,2019-01-16,20.902911,20.965567,20.859631,20.862812,9001.216717312,2572067
138,2019-01-17,20.811337,21.129436,20.7482,21.089143,9268.226465727,2572067
139,2019-01-18,21.36078,21.543927,21.302269,21.486091,5607.204716707,2572067
140,2019-01-22,21.331862,21.331862,20.878813,20.878813,18506.57097405,2572067
141,2019-01-23,21.052321,21.177632,20.811337,20.920358,6443.899524013,2572067
142,2019-01-24,21.013764,21.293304,21.013764,21.269495,6058.325880093,2572067
143,2019-01-25,21.476452,21.784911,21.476452,21.736714,9874.541020791,2572067
144,2019-01-28,21.630681,21.630681,21.397506,21.515009,10503.989994491,2572067
145,2019-01-29,21.592124,21.592124,21.343236,21.351141,6887.309214521,2572067
146,2019-01-30,21.541999,21.79455,21.483392,21.79455,3745.847950683,2572067
147,2019-01-31,21.871665,22.136747,21.871665,22.074091,6601.02078391,2572067
148,2019-02-01,22.189763,22.286157,22.09337,22.10513,306251.506024558,2572067
149,2019-02-04,22.112648,22.294832,22.103009,22.269191,11605.766681992,2572067
150,2019-02-05,22.363271,22.507861,22.315075,22.431132,11087.17013092,2572067
151,2019-02-06,22.507861,22.729566,22.507861,22.634522,12661.274532223,2572067
152,2019-02-07,22.469304,22.469304,22.038426,22.174051,19340.373979027,2572067
153,2019-02-08,21.94878,22.228321,21.94878,22.198246,7090.699311689,2572067
154,2019-02-11,22.334353,22.440386,22.256275,22.372911,8485.511968569,2572067
155,2019-02-12,22.584976,22.835599,22.584976,22.8035,22858.733479797,2572067
156,2019-02-13,22.941632,23.066943,22.937776,22.941632,23230.81204618,2572067
157,2019-02-14,22.874156,23.028386,22.845238,23.009107,11891.091178493,2572067
158,2019-02-15,23.057304,23.11514,22.993781,23.081402,6376.424136327,2572067
159,2019-02-19,23.11514,23.317566,23.11514,23.288648,29595.668973189,2572067
160,2019-02-20,23.423599,23.500714,23.317566,23.372414,19409.777234933,2572067
161,2019-02-21,23.385042,23.40432,23.288648,23.375402,12855.989222403,2572067
162,2019-02-22,23.510353,23.780254,23.510353,23.780254,30800.586610439,2572067
163,2019-02-25,23.963402,24.13691,23.953763,23.99232,37158.69599868,2572067
164,2019-02-26,23.953763,23.953763,23.751336,23.895927,20254.183515118,2572067
165,2019-02-27,23.799533,23.828451,23.530114,23.828451,9488.967376871,2572067
166,2019-02-28,23.828451,23.828451,23.674222,23.741697,18425.600508827,2572067
167,2019-03-01,23.915205,23.973041,23.732058,23.876648,18216.426807,2572067
168,2019-03-04,24.059795,24.088713,23.519992,23.799533,14455.155910561,2572067
169,2019-03-05,23.722418,23.900746,23.6935,23.838091,6510.410977589,2572067
170,2019-03-06,23.818812,23.818812,23.583612,23.587468,8157.774371237,2572067
171,2019-03-07,23.481435,23.481435,23.056533,23.124779,16358.925777416,2572067
172,2019-03-08,22.931992,23.028386,22.770244,23.028386,6336.902837825,2572067
173,2019-03-11,23.11514,23.539271,23.11514,23.539271,10315.05890897,2572067
174,2019-03-12,23.577828,23.657353,23.519992,23.568189,7177.453381571,2572067
175,2019-03-13,23.6935,23.809076,23.635664,23.732058,13032.389164496,2572067
176,2019-03-14,23.664582,23.664582,23.54891,23.55855,12777.910559509,2572067
177,2019-03-15,23.597107,23.857369,23.597107,23.760976,12018.330480986,2572067
178,2019-03-18,23.84773,23.90518,23.674222,23.857369,19787.639405974,2572067
179,2019-03-19,23.963402,24.021238,23.905566,23.924845,8602.147995855,2572067
180,2019-03-20,23.944123,23.963402,23.677017,23.924845,13534.598835702,2572067
181,2019-03-21,23.770615,24.228966,23.770615,24.185107,9992.140982187,2572067
182,2019-03-22,24.059795,24.059795,23.54891,23.54891,12327.753330232,2572067
183,2019-03-25,23.433238,23.481435,23.306481,23.481435,10182.999935927,2572067
184,2019-03-26,23.674222,23.703815,23.442299,23.568189,12664.166334552,2572067
185,2019-03-27,23.597107,23.597107,23.099235,23.263489,11224.048774511,2572067
186,2019-03-28,23.269369,23.40432,23.221173,23.370004,16556.532269925,2572067
187,2019-03-29,23.55855,23.70314,23.510353,23.654943,6419.801171268,2572067
188,2019-04-01,24.618877,24.618877,23.895927,24.117631,11063.071778175,2572067
189,2019-04-02,24.214025,24.233304,24.054783,24.233304,9475.472299334,2572067
190,2019-04-03,24.42609,24.638156,24.377894,24.512844,38968.964256885,2572067
191,2019-04-04,24.57068,24.58032,24.242943,24.416451,18932.629850582,2572067
192,2019-04-05,24.512844,24.628517,24.512844,24.618877,31618.00273555,2572067
193,2019-04-08,24.58032,24.657435,24.10886,24.621383,24085.821601573,2572067
194,2019-04-09,24.609238,24.66129,24.510435,24.522484,8856.626600842,2572067
195,2019-04-10,24.57068,24.72491,24.559595,24.72491,9477.400167554,2572067
196,2019-04-11,24.695992,24.695992,24.596225,24.599598,13723.529921223,2572067
197,2019-04-12,24.763467,24.773107,24.658013,24.773107,15369.929380761,2572067
198,2019-04-15,24.811664,24.821303,24.58032,24.686353,12904.185927893,2572067
199,2019-04-16,24.753828,24.850221,24.748623,24.821303,24224.628113384,2572067
200,2019-04-17,24.975533,24.975533,24.657435,24.749008,25546.18177792,2572067
201,2019-04-18,24.773107,24.773107,24.580223,24.650398,16395.555273588,2572067
202,2019-04-22,25.052648,26.026221,24.589959,24.802025,18057.377678883,2572067
203,2019-04-23,24.763467,25.062287,24.744189,25.062287,30594.304710942,2572067
204,2019-04-24,25.071926,25.071926,24.917793,24.975533,26020.437359941,2572067
205,2019-04-25,24.936975,25.120123,24.58032,24.704089,23113.212084784,2572067
206,2019-04-26,24.657435,24.753828,24.484023,24.695992,28613.420115303,2572067
207,2019-04-29,24.753828,24.898418,24.744285,24.840582,23343.592337027,2572067
208,2019-04-30,24.850221,24.8695,24.603936,24.838654,24793.349238166,2572067
209,2019-05-01,24.936975,24.985076,24.638156,24.638156,20101.881925769,2572067
210,2019-05-02,24.628517,24.734646,24.455008,24.589959,46135.814363248,2572067
211,2019-05-03,24.802025,25.043008,24.753828,24.985172,15999.37835446,2572067
212,2019-05-06,24.43573,24.686353,24.252582,24.618877,75116.493374385,2572067
213,2019-05-07,24.406812,24.406812,23.904698,23.982681,18617.423396677,2572067
214,2019-05-08,24.011599,24.059795,23.760976,23.867009,85075.860596838,2572067
215,2019-05-09,23.568189,23.59354,23.168349,23.539271,14178.506821048,2572067
216,2019-05-10,23.664582,23.668149,23.269369,23.545633,7191.912393218,2572067
217,2019-05-13,23.057304,23.057304,22.547768,22.613894,22850.058072809,2572067
218,2019-05-14,22.835599,23.057304,22.795114,23.009107,10394.101505973,2572067
219,2019-05-15,23.018747,23.664582,22.923028,23.356123,8696.613538616,2572067
220,2019-05-16,23.433238,23.577828,23.3621,23.442878,14253.693681613,2572067
221,2019-05-17,23.298287,23.298287,22.946451,23.018747,9629.701756902,2572067
222,2019-05-20,22.67173,22.67173,22.363271,22.478943,7032.863265101,2572067
223,2019-05-21,22.691009,22.864517,22.68137,22.864517,14383.824786436,2572067
224,2019-05-22,22.777763,22.777763,22.53784,22.662091,6013.020976932,2572067
225,2019-05-23,22.363271,22.363271,21.919862,22.03698,15887.561997724,2572067
226,2019-05-24,22.218681,22.239213,22.016255,22.067247,10022.022939591,2572067
227,2019-05-28,22.074091,22.286157,22.054812,22.054812,114525.975519448,2572067
228,2019-05-29,21.890944,22.122288,21.881304,21.881304,16449.535583737,2572067
229,2019-05-30,22.170485,22.282976,22.146386,22.271601,10423.019529267,2572067
230,2019-05-31,22.141567,22.141567,21.919862,21.99447,10560.862106969,2572067
231,2019-06-03,21.929501,22.137229,21.80419,21.80419,16219.155331495,2572067
232,2019-06-04,21.968058,22.450025,21.92044,22.450025,5489.604755311,2572067
233,2019-06-05,22.52714,22.633173,22.315171,22.507861,9729.950904321,2572067
234,2019-06-06,22.507861,22.507861,22.218681,22.450025,14301.890387103,2572067
235,2019-06-07,22.787402,22.912714,22.64368,22.845238,9958.403288344,2572067
236,2019-06-10,23.134419,23.423599,23.134419,23.230812,5882.889872109,2572067
237,2019-06-11,23.568189,23.568189,23.144154,23.250091,8250.312045778,2572067
238,2019-06-12,23.240451,23.240451,23.06116,23.163337,5728.660414541,2572067
239,2019-06-13,23.240451,23.240451,23.086318,23.153697,9311.603500668,2572067
240,2019-06-14,23.038025,23.038025,22.850251,22.913389,8309.112026476,2572067
241,2019-06-17,23.014862,23.102718,22.995489,22.995489,4485.7671224,2572067
242,2019-06-18,23.063294,23.659395,23.063294,23.470123,7598.004169317,2572067
243,2019-06-19,23.576673,23.66385,23.545386,23.66385,4677.557640698,2572067
244,2019-06-20,23.973815,24.13364,23.906107,23.964128,14926.726701833,2572067
245,2019-06-21,24.022247,24.022247,23.828519,23.828519,26449.656023378,2572067
246,2019-06-24,23.896324,23.896324,23.702596,23.712282,9095.520034407,2572067
247,2019-06-25,23.605732,23.672471,23.363572,23.363572,21449.541601907,2572067
248,2019-06-26,23.654164,23.721969,23.586359,23.586359,5802.147497987,2572067
249,2019-06-27,23.673537,23.983404,23.673537,23.937878,6400.76638843,2572067
250,2019-06-28,24.14817,24.14817,23.944756,24.109424,7036.193560163,2572067
251,2019-07-01,24.467821,24.680921,24.3758,24.438761,11566.518075703,2572067
252,2019-07-02,24.545312,24.545312,24.322525,24.39033,13090.187193288,2572067
253,2019-07-03,24.49688,24.49688,24.319135,24.409702,5060.170038311,2572067
254,2019-07-05,24.39033,24.39033,24.109424,24.332211,14191.529715026,2572067
255,2019-07-08,24.332211,24.332211,24.03203,24.090051,16717.740178257,2572067
256,2019-07-09,24.022247,24.206288,23.973815,24.14817,61499.857561718,2572067
257,2019-07-10,24.409702,24.438761,24.238156,24.293466,28873.19075459,2572067
258,2019-07-11,24.429075,24.429075,24.254817,24.293466,18585.276134203,2572067
259,2019-07-12,24.448448,24.448448,24.283876,24.380643,11131.5991731,2572067
260,2019-07-15,24.593744,24.593744,24.437502,24.487193,17728.030635753,2572067
261,2019-07-16,24.429075,24.458134,24.25472,24.25472,29845.704291816,2572067
262,2019-07-17,24.36127,24.389361,24.25472,24.283779,12812.187805655,2572067
263,2019-07-18,24.215975,24.225661,24.011592,24.167543,14564.455722827,2572067
264,2019-07-19,24.380643,24.380643,24.119111,24.138483,12240.690806688,2572067
265,2019-07-22,24.167543,24.322525,24.167543,24.264406,16935.683949049,2572067
266,2019-07-23,24.516253,24.516253,24.312838,24.448448,16987.021815058,2572067
267,2019-07-24,24.574371,24.894022,24.514315,24.894022,20217.432817694,2572067
268,2019-07-25,24.942454,24.942454,24.60343,24.622803,12637.832789021,2572067
269,2019-07-26,24.84559,24.84559,24.768099,24.768099,9270.843690022,2572067
270,2019-07-29,24.787472,24.787472,24.428106,24.584057,19802.855333697,2572067
271,2019-07-30,24.458134,24.477507,24.368051,24.422101,3655.643515426,2572067
272,2019-07-31,24.593744,24.593744,24.215975,24.273124,16040.661530328,2572067
273,2019-08-01,24.322525,24.571368,23.880438,24.04162,18986.292672461,2572067
274,2019-08-02,23.886637,23.886637,23.426534,23.54277,20124.443475489,2572067
275,2019-08-05,23.10204,23.10204,22.466516,22.666152,34062.189777415,2572067
276,2019-08-06,22.898626,22.995489,22.733957,22.927685,9617.616445328,2572067
277,2019-08-07,22.685525,23.005176,22.63719,22.985803,15618.334934481,2572067
278,2019-08-08,23.233678,23.53289,23.233678,23.489495,6574.152766083,2572067
279,2019-08-09,23.363572,23.363572,23.126256,23.20859,12579.714450143,2572067
280,2019-08-12,23.092353,23.092353,22.831499,22.888939,9732.884484102,2572067
281,2019-08-13,22.821134,23.421691,22.811448,23.295768,20168.032229647,2572067
282,2019-08-14,23.072981,23.072981,22.550594,22.685525,20218.401456675,2572067
283,2019-08-15,22.695211,22.695211,22.550012,22.569288,21253.876527685,2572067
284,2019-08-16,22.811448,23.082667,22.811448,23.063294,8496.901143964,2572067
285,2019-08-19,23.431377,23.491917,23.353886,23.363572,9112.95553607,2572067
286,2019-08-20,23.31514,23.460436,23.266708,23.276395,37510.544550843,2572067
287,2019-08-21,23.344199,23.66385,23.344199,23.596046,22324.222602021,2572067
288,2019-08-22,23.547614,23.565049,23.374227,23.436995,3804.813918546,2572067
289,2019-08-23,23.247336,23.252179,22.869566,22.869566,21566.746918645,2572067
290,2019-08-26,23.014862,23.150472,22.888939,22.956744,22994.520777081,2572067
291,2019-08-27,23.082667,23.184374,22.896688,22.976117,11118.038227361,2572067
292,2019-08-28,22.947057,23.014862,22.733957,22.995489,10006.040676829,2572067
293,2019-08-29,23.247336,23.412004,23.247336,23.334513,17300.860844999,2572067
294,2019-08-30,23.5573,24.004811,23.338388,23.537927,7812.073384185,2572067
295,2019-09-03,23.470123,23.470123,23.191445,23.31514,11623.6677756,2572067
296,2019-09-04,23.586359,23.634791,23.479906,23.634791,5298.455227711,2572067
297,2019-09-05,23.809146,24.167543,23.809146,24.090051,13624.875910966,2572067
298,2019-09-06,24.215975,24.274093,24.090051,24.215975,13254.855820109,2572067
299,2019-09-09,24.215975,24.258788,24.042588,24.119111,5785.680635305,2572067
300,2019-09-10,24.090051,24.167543,23.925383,24.138483,22662.277606495,2572067
301,2019-09-11,24.186915,24.535625,24.186915,24.49688,15169.855086139,2572067
302,2019-09-12,24.70998,24.777785,24.564685,24.651862,37022.350504267,2572067
303,2019-09-13,24.629583,24.797158,24.622803,24.671235,78389.046839665,2572067
304,2019-09-16,24.554998,24.584057,24.467821,24.554998,16471.705877007,2572067
305,2019-09-17,24.516253,24.661548,24.43295,24.622803,24586.963262338,2572067
306,2019-09-18,24.535625,24.535625,24.308092,24.535625,11610.106829862,2572067
307,2019-09-19,24.525939,24.73904,24.487193,24.487193,7294.82016817,2572067
308,2019-09-20,24.584057,24.584057,24.215975,24.274093,18771.254818613,2572067
309,2019-09-23,24.225661,24.312838,24.177229,24.283779,10127.120549492,2572067
310,2019-09-24,24.409702,24.409702,23.74541,23.838205,14977.095928861,2572067
311,2019-09-25,23.818833,23.983501,23.576673,23.944756,9288.279191686,2572067
312,2019-09-26,23.936328,23.936328,23.818929,23.892546,3714.730493286,2572067
313,2019-09-27,23.78987,23.896711,23.45075,23.537927,5083.417373862,2572067
314,2019-09-30,23.66385,23.761586,23.570086,23.683223,11256.553601687,2572067
315,2019-10-01,23.702596,23.90601,23.382945,23.382945,21655.861704924,2572067
316,2019-10-02,23.247336,23.249951,22.927394,23.043921,19455.113939411,2572067
317,2019-10-03,23.034235,23.412004,22.985803,23.373259,7677.432565784,2572067
318,2019-10-04,23.537927,23.720031,23.537927,23.720031,7220.23496661,2572067
319,2019-10-07,23.673537,23.781346,23.660073,23.683223,5067.919150162,2572067
320,2019-10-08,23.489495,23.489495,23.156283,23.156283,6395.923193524,2572067
321,2019-10-09,23.344199,23.392631,23.235712,23.286081,7175.67757347,2572067
322,2019-10-10,23.402318,23.509449,23.35592,23.470123,7951.557397492,2572067
323,2019-10-11,23.721969,23.983501,23.721969,23.818833,8963.78513295,2572067
324,2019-10-14,23.79946,23.877241,23.789773,23.857578,11131.5991731,2572067
325,2019-10-15,23.886637,24.235347,23.886637,24.109424,6905.427297688,2572067
326,2019-10-16,24.109424,24.109424,23.944756,24.022247,10856.50570241,2572067
327,2019-10-17,24.04162,24.147201,23.944852,23.964128,17442.282136269,2572067
328,2019-10-18,23.983501,23.988344,23.605732,23.780087,5761.464660772,2572067
329,2019-10-21,23.876951,24.061573,23.876951,23.993188,4873.22271492,2572067
330,2019-10-22,24.080365,24.080365,23.732139,23.760714,12953.609096925,2572067
331,2019-10-23,23.605732,23.772338,23.605732,23.683223,10249.169061135,2572067
332,2019-10-24,23.876951,23.90601,23.760714,23.838205,9117.798730977,2572067
333,2019-10-25,23.909207,24.088114,23.905719,24.067676,6606.117852466,2572067
334,2019-10-28,24.167543,24.516253,24.167543,24.487193,12325.931037043,2572067
335,2019-10-29,24.370957,24.438761,24.303152,24.303152,35445.406242711,2572067
336,2019-10-30,24.293466,24.396432,24.178101,24.38723,9672.828867262,2572067
337,2019-10-31,24.400016,24.400016,24.177229,24.283779,2394.475561774,2572067
338,2019-11-01,24.36127,24.690608,24.36127,24.651862,13039.817966261,2572067
339,2019-11-04,24.942454,25.068377,24.942454,25.029631,12107.018627269,2572067
340,2019-11-05,25.107122,25.126495,24.961827,25.08775,70253.448035726,2572067
341,2019-11-06,25.116809,25.116809,24.806844,24.827379,5893.199562229,2572067
342,2019-11-07,25.107122,25.310827,25.107122,25.1943,19725.364215193,2572067
343,2019-11-08,25.116809,25.116809,24.894022,24.990886,7731.676348737,2572067
344,2019-11-11,24.990886,25.019945,24.823021,24.95214,11571.36127061,2572067
345,2019-11-12,25.068377,25.097436,24.869806,24.884335,9414.202259255,2572067
346,2019-11-13,24.737102,24.816531,24.712111,24.787472,10284.040064462,2572067
347,2019-11-14,24.797158,24.797158,24.570787,24.719861,11767.994983814,2572067
348,2019-11-15,24.95214,24.95214,24.816531,24.884335,7551.509498215,2572067
349,2019-11-18,25.029631,25.029631,24.835516,24.942454,14932.538535721,2572067
350,2019-11-19,25.078063,25.078063,24.758412,24.923081,24033.870404016,2572067
351,2019-11-20,24.84559,24.932767,24.458134,24.764999,12212.60027623,2572067
352,2019-11-21,24.874649,24.874649,24.651862,24.680921,5372.07179029,2572067
353,2019-11-22,24.826217,24.826217,24.729353,24.800161,4314.31802271,2572067
354,2019-11-25,24.971513,25.184614,24.971513,25.14054,6524.752178037,2572067
355,2019-11-26,25.310537,25.310537,25.039318,25.136182,13361.406108052,2572067
356,2019-11-27,25.049004,25.281477,25.049004,25.234692,7532.136718589,2572067
357,2019-11-29,25.029631,25.057722,24.971513,25.026725,6325.212547889,2572067
358,2019-12-02,24.971513,25.002122,24.628712,24.73904,17263.083924729,2572067
359,2019-12-03,24.39033,24.70998,24.39033,24.70998,12653.331012722,2572067
360,2019-12-04,24.793961,24.894022,24.77856,24.826217,12613.616814489,2572067
361,2019-12-05,24.913395,24.95214,24.758122,24.903708,7369.40536973,2572067
362,2019-12-06,25.213673,25.213673,25.122717,25.165241,4308.506188822,2572067
363,2019-12-09,25.174927,25.203986,25.049004,25.049004,22449.177030609,2572067
364,2019-12-10,25.039318,25.126495,24.97161,25.010258,16440.709429605,2572067
365,2019-12-11,25.025854,25.155554,25.020526,25.155554,3304.027565214,2572067
366,2019-12-12,25.260555,25.465519,25.258714,25.438106,10260.792728911,2572067
367,2019-12-13,25.533324,25.668933,25.488766,25.562383,13852.506071571,2572067
368,2019-12-16,25.834469,25.980152,25.552815,25.931591,15153.955755141,2572067
369,2019-12-17,26.028713,26.028713,25.805333,25.921879,12842.450615281,2572067
370,2019-12-18,25.931591,25.980152,25.890897,25.943829,7322.032457733,2572067
371,2019-12-19,26.009289,26.05785,25.918383,26.05785,17132.33221308,2572067
372,2019-12-20,26.203533,26.203533,26.048138,26.072418,25615.944564625,2572067
373,2019-12-23,26.213245,26.213245,26.038426,26.122825,18525.062620878,2572067
374,2019-12-24,26.154972,26.222957,26.130012,26.174396,11271.015608435,2572067
375,2019-12-26,26.271519,26.368641,26.23267,26.358928,11349.684480842,2572067
376,2019-12-27,26.533748,26.533748,26.329792,26.349216,23817.243926381,2572067
377,2019-12-30,26.329792,26.329792,26.073487,26.108159,12620.041087118,2572067
378,2019-12-31,25.999577,26.213245,25.999577,26.14526,11957.668605864,2572067
379,2020-01-02,26.533748,26.71828,26.494899,26.708568,17481.000425353,2572067
380,2020-01-03,26.446338,26.582309,26.396806,26.465763,41185.582756682,2572067
381,2020-01-06,26.154972,26.54346,26.154972,26.465763,22599.333235043,2572067
382,2020-01-07,26.514324,26.708568,26.446435,26.640582,30339.961791633,2572067
383,2020-01-08,26.757129,27.038783,26.589108,26.883388,21755.3424928,2572067
384,2020-01-09,27.135905,27.174754,27.034801,27.106768,33105.026973642,2572067
385,2020-01-10,27.242739,27.271876,27.029071,27.126193,34184.053112459,2572067
386,2020-01-13,27.359286,27.630256,27.359286,27.592379,38592.423629192,2572067
387,2020-01-14,27.621515,27.650652,27.368998,27.475832,17541.216105467,2572067
388,2020-01-15,27.543818,27.64094,27.477775,27.514681,24218.358053592,2572067
389,2020-01-16,27.728349,27.776911,27.583638,27.708925,35310.669062979,2572067
390,2020-01-17,27.922594,27.922594,27.728447,27.893457,40459.109712726,2572067
391,2020-01-21,27.893457,27.893457,27.563242,27.631227,70272.669913685,2572067
392,2020-01-22,27.806047,27.922594,27.699213,27.708925,202496.591237559,2572067
393,2020-01-23,27.650652,27.674932,27.368998,27.667745,18500.782104703,2572067
394,2020-01-24,27.874033,27.874033,27.276732,27.349573,76453.518111193,2572067
395,2020-01-27,26.708568,26.863963,26.476543,26.689143,69725.872689424,2572067
396,2020-01-28,26.912524,27.087344,26.779661,27.038783,22046.7086869,2572067
397,2020-01-29,27.20389,27.20389,26.924762,26.934571,37555.159978196,2572067
398,2020-01-30,26.757129,26.825114,26.446435,26.825114,55581.015186516,2572067
399,2020-01-31,26.766841,26.918157,26.135548,26.193821,36463.507970968,2572067
400,2020-02-03,26.242382,26.650295,26.242382,26.504611,26569.683239979,2572067
401,2020-02-04,27.077632,27.281588,27.057236,27.213603,23960.984582137,2572067
402,2020-02-05,27.485544,27.494965,27.136002,27.242739,22917.893607259,2572067
403,2020-02-06,27.650652,27.650652,27.39998,27.485544,23525.877732281,2572067
404,2020-02-07,27.514681,27.514681,27.21943,27.262164,19773.081152273,2572067
405,2020-02-10,27.407847,27.572954,27.31121,27.572954,15450.178052476,2572067
406,2020-02-11,27.456408,27.874033,27.456408,27.670076,31798.735203427,2572067
407,2020-02-12,27.844896,28.087701,27.844896,28.058564,24206.703405828,2572067
408,2020-02-13,28.048852,28.107126,27.869176,28.010003,20360.669643708,2572067
409,2020-02-14,28.145974,28.145974,27.912979,27.971155,25578.066959392,2572067
410,2020-02-18,27.961442,27.961442,27.661141,27.815759,20756.927667684,2572067
411,2020-02-19,27.990579,28.067305,27.970863,28.019716,23617.172473099,2572067
412,2020-02-20,28.010003,28.067305,27.588494,27.854608,35330.093475919,2572067
413,2020-02-21,27.679788,27.679788,27.310725,27.417559,22039.910142371,2572067
414,2020-02-24,26.621158,26.708568,25.737347,26.378353,58707.374449209,2572067
415,2020-02-25,26.611446,26.611446,25.737347,25.805333,41015.619143457,2572067
416,2020-02-26,25.853894,26.242382,25.717923,25.844181,33958.729922355,2572067
417,2020-02-27,25.513966,25.679074,24.950658,25.008932,31490.858258328,2572067
418,2020-02-28,24.358214,25.018644,24.202819,25.018644,48258.982728783,2572067
419,2020-03-02,25.125478,25.562527,24.784871,25.513966,45913.484866278,2572067
420,2020-03-03,25.785908,26.067562,24.902097,25.164327,70194.972261925,2572067
421,2020-03-04,25.649937,25.766484,25.251834,25.756772,26229.756013529,2572067
422,2020-03-05,25.319722,25.533391,24.960371,25.086629,33331.321384393,2572067
423,2020-03-06,24.309653,24.669004,24.066848,24.38735,52849.942727152,2572067
424,2020-03-09,23.017929,23.227325,22.435197,22.49347,68804.184295421,2572067
425,2020-03-10,23.600662,23.600662,22.629441,23.600662,44836.401168755,2572067
426,2020-03-11,23.056778,23.056778,22.240953,22.425485,40876.734590936,2572067
427,2020-03-12,20.580166,20.949229,20.133404,20.133404,70494.108221201,2572067
428,2020-03-13,21.182322,21.629084,20.397188,21.629084,37845.554951649,2572067
429,2020-03-16,19.511823,20.276368,19.424413,19.424413,51935.052877678,2572067
430,2020-03-17,19.434125,20.415058,19.035925,20.240238,28210.074912762,2572067
431,2020-03-18,19.026212,19.599233,18.550314,19.0165,33140.962137581,2572067
432,2020-03-19,18.744558,19.958584,18.587803,19.540959,31207.261829404,2572067
433,2020-03-20,19.871174,20.559479,19.472974,19.472974,39739.435213299,2572067
434,2020-03-23,19.424413,19.705678,18.833911,19.443837,67497.892525206,2572067
435,2020-03-24,20.813258,21.028481,20.455072,20.949229,235917.264921476,2572067
436,2020-03-25,20.910381,21.852465,20.696712,21.046351,77106.178385977,2572067
437,2020-03-26,21.454264,22.036996,21.279541,21.998633,58112.016192598,2572067
438,2020-03-27,21.512537,21.680559,21.09501,21.357142,47953.048224978,2572067
439,2020-03-30,21.337718,21.774767,21.17261,21.729217,27277.703091642,2572067
440,2020-03-31,21.726206,22.143831,21.561098,21.716494,45266.651915376,2572067
441,2020-04-01,21.230883,21.291488,20.603475,20.735561,43177.556303679,2572067
442,2020-04-02,20.871532,21.124049,20.639507,20.910381,67754.294776014,2572067
443,2020-04-03,21.017215,21.017215,20.395634,20.59959,74876.255780465,2572067
444,2020-04-06,21.541674,22.124309,21.269732,22.046709,50666.638712696,2572067
445,2020-04-07,22.901383,22.940232,22.095367,22.143831,43073.63569445,2572067
446,2020-04-08,22.308938,22.754729,22.143831,22.610017,44372.157699489,2572067
447,2020-04-09,23.027642,23.231598,22.64906,22.775124,63986.929886301,2572067
448,2020-04-13,23.056778,24.008574,22.5566,22.823685,44605.250654769,2572067
449,2020-04-14,23.484115,23.629798,23.32872,23.552101,126889.97753055,2572067
450,2020-04-15,22.872246,23.260734,22.794549,23.075231,49668.22388758,2572067
451,2020-04-16,23.445266,23.532676,23.134573,23.41613,39079.005173339,2572067
452,2020-04-17,24.066848,24.066848,23.649223,23.892028,91989.163580605,2572067
453,2020-04-20,23.81433,24.212434,23.765769,23.775481,53786.19943086,2572067
454,2020-04-21,23.620086,23.620086,22.892933,23.035606,76535.100645541,2572067
455,2020-04-22,23.697784,23.81433,23.59095,23.775481,28526.692843684,2572067
456,2020-04-23,23.979438,24.125121,23.707982,23.746345,27097.0560513,2572067
457,2020-04-24,23.843467,24.105696,23.668647,23.998862,29384.280674985,2572067
458,2020-04-27,24.280516,24.571882,24.25138,24.503897,41970.329039458,2572067
459,2020-04-28,24.970083,24.970083,24.292559,24.445624,37189.981014924,2572067
460,2020-04-29,24.940946,25.426557,24.780015,25.339147,30190.393811995,2572067
461,2020-04-30,25.300298,25.300298,24.892385,25.008932,44942.264219278,2572067
462,2020-05-01,24.620443,24.620443,23.911549,24.047423,29793.164567372,2572067
463,2020-05-04,24.105696,24.280516,23.79578,24.280516,21868.004087852,2572067
464,2020-05-05,24.620443,24.795263,24.465048,24.533034,28475.218149393,2572067
465,2020-05-06,24.688429,24.882673,24.678717,24.717565,19774.05237292,2572067
466,2020-05-07,25.096342,25.242025,24.979795,25.106054,114567.129961414,2572067
467,2020-05-08,25.251737,25.669362,25.251737,25.591664,24284.401057588,2572067
468,2020-05-11,25.562527,25.790764,25.455693,25.717923,20948.258135143,2572067
469,2020-05-12,25.921879,25.921879,25.319722,25.319722,30034.027287828,2572067
470,2020-05-13,25.513966,25.513966,24.717565,24.91754,49940.16566874,2572067
471,2020-05-14,24.533034,24.940946,24.16397,24.872961,48205.565593198,2572067
472,2020-05-15,24.795263,25.154615,24.688429,25.144903,17408.158876828,2572067
473,2020-05-18,25.863606,26.077274,25.698498,25.929746,59655.285800681,2572067
474,2020-05-19,26.019001,26.329792,25.902455,25.989865,368149.927231173,2572067
475,2020-05-20,26.494899,26.721194,26.425457,26.582309,53082.064461785,2572067
476,2020-05-21,26.562885,26.562885,26.074555,26.261806,59106.546135126,2572067
477,2020-05-22,26.203533,26.203533,25.942275,26.184109,41588.639325187,2572067
478,2020-05-26,26.912524,27.048495,26.650877,26.669719,46719.598003288,2572067
479,2020-05-27,26.912524,26.912524,26.116123,26.708568,55286.735330475,2572067
480,2020-05-28,26.970797,27.024215,26.465763,26.465763,79149.626627265,2572067
481,2020-05-29,26.679431,26.8931,26.407489,26.844539,58907.445902491,2572067
482,2020-06-01,26.902812,27.330149,26.902812,27.330149,40425.116990081,2572067
483,2020-06-02,27.417559,27.621515,27.223315,27.621515,33200.206597048,2572067
484,2020-06-03,27.825472,28.165399,27.75263,28.058564,50644.300637815,2572067
485,2020-06-04,27.922594,28.048852,27.542361,27.611803,58627.734356155,2572067
486,2020-06-05,28.048852,28.291657,27.985723,28.087701,36867.53576012,2572067
487,2020-06-08,28.165399,28.262521,27.951827,28.252809,42844.427621758,2572067
488,2020-06-09,27.883745,28.235327,27.844896,28.155687,53966.846471202,2572067
489,2020-06-10,28.340218,28.408204,28.155687,28.248341,39867.636338703,2572067
490,2020-06-11,27.776911,27.776911,26.727992,26.825114,47152.76241185,2572067
491,2020-06-12,27.446695,27.747774,26.815402,27.145617,37015.161298464,2572067
492,2020-06-15,26.588475,27.638788,26.502894,27.551262,40012.056208897,2572067
493,2020-06-16,28.397347,28.397347,27.863049,28.056968,35080.448474038,2572067
494,2020-06-17,28.193119,28.445972,28.193119,28.272671,27849.822658877,2572067
495,2020-06-18,28.300096,28.484873,28.300096,28.445972,167022.107514877,2572067
496,2020-06-19,29.019754,29.019754,28.309821,28.368171,47858.282043021,2572067
497,2020-06-22,28.348721,28.718276,28.348721,28.6891,40660.721631723,2572067
498,2020-06-23,29.097555,29.141902,28.912778,28.922503,35148.524305519,2572067
499,2020-06-24,28.873878,28.893328,28.183394,28.377897,39363.390786071,2572067
500,2020-06-25,28.377897,28.728001,28.163944,28.718276,27552.234024117,2572067
501,2020-06-26,28.737726,28.932228,28.202844,28.397347,48234.644139923,2572067
502,2020-06-29,28.358446,28.514048,28.056968,28.494598,31947.987714033,2572067
503,2020-06-30,28.572399,28.805802,28.523773,28.757176,75666.286691132,2572067
504,2020-07-01,28.834977,28.932228,28.732863,28.786352,21716.190242439,2572067
505,2020-07-02,29.165631,29.369859,29.08783,29.194807,29731.633143388,2572067
506,2020-07-06,29.875565,30.177044,29.739413,30.070067,109045.811890022,2572067
507,2020-07-07,29.90474,30.157593,29.74836,29.74836,32768.787739319,2572067
508,2020-07-08,29.895015,30.245119,29.834719,30.147868,33943.582088305,2572067
509,2020-07-09,30.517423,30.536873,29.953366,30.332645,45137.193807538,2572067
510,2020-07-10,30.439622,30.488247,30.147868,30.468797,87408.395109726,2572067
511,2020-07-13,30.7022,30.809176,29.768589,29.788039,44737.491425557,2572067
512,2020-07-14,29.583811,29.826939,29.175356,29.826939,38276.122506131,2572067
513,2020-07-15,30.215944,30.274198,29.826939,30.138143,21616.021518974,2572067
514,2020-07-16,29.84639,29.84639,29.559499,29.700513,37281.242854631,2572067
515,2020-07-17,29.739413,30.021344,29.710238,29.982541,40820.213579764,2572067
516,2020-07-20,30.215944,30.595224,30.050617,30.556323,52148.031938203,2572067
517,2020-07-21,30.848077,30.974503,30.556323,30.673025,33668.361226746,2572067
518,2020-07-22,30.634124,30.72165,30.361821,30.517423,40069.434409717,2572067
519,2020-07-23,30.575773,30.629262,30.050714,30.099243,31513.274904433,2572067
520,2020-07-24,29.719963,29.953366,29.593536,29.797764,46057.19004441,2572067
521,2020-07-27,29.972816,30.274295,29.972816,30.274295,54288.530582341,2572067
522,2020-07-28,30.274295,30.274295,29.875565,29.90474,35494.738534193,2572067
523,2020-07-29,30.196494,30.468797,30.147868,30.381271,38869.354751894,2572067
524,2020-07-30,30.167318,30.459072,29.891222,30.439622,25683.066194025,2572067
525,2020-07-31,30.634124,30.653574,30.235492,30.653574,25867.843450902,2572067
526,2020-08-03,30.955053,31.256532,30.945328,31.227356,37684.835284125,2572067
527,2020-08-04,31.207906,31.451034,31.164143,31.451034,35582.26460324,2572067
528,2020-08-05,31.655262,31.801138,31.624919,31.723337,42019.320725708,2572067
529,2020-08-06,31.742788,31.874077,31.577461,31.820589,42133.104615469,2572067
530,2020-08-07,31.470484,31.587186,31.08148,31.314882,57232.324037955,2572067
531,2020-08-10,31.363508,31.441309,30.975281,31.188456,36401.119604769,2572067
532,2020-08-11,31.353783,31.412134,30.882212,30.906427,44039.227896937,2572067
533,2020-08-12,31.217631,31.51911,31.217631,31.412134,30121.610406586,2572067
534,2020-08-13,31.451034,31.606636,31.315855,31.431584,33133.479693681,2572067
535,2020-08-14,31.412134,31.412134,31.227356,31.314882,37829.739553992,2572067
536,2020-08-17,31.460759,31.674712,31.460759,31.616361,35764.124324483,2572067
537,2020-08-18,31.810864,31.927565,31.703887,31.801138,37223.864653811,2572067
538,2020-08-19,31.947015,32.015091,31.655262,31.655262,34152.672142139,2572067
539,2020-08-20,31.53856,31.801138,31.451034,31.733063,31612.47111602,2572067
540,2020-08-21,31.733063,31.781688,31.548285,31.781688,35972.241866439,2572067
541,2020-08-24,32.180418,32.258219,31.901793,32.034541,36114.228600671,2572067
542,2020-08-25,32.209593,32.452721,32.092892,32.33602,41262.706484391,2572067
543,2020-08-26,32.501347,32.957941,32.501347,32.851451,91768.165860145,2572067
544,2020-08-27,33.045954,33.045954,32.511072,32.676399,43198.977634086,2572067
545,2020-08-28,32.802826,33.065404,32.788238,33.028254,40325.20503371,2572067
546,2020-08-31,32.987603,33.056651,32.859912,33.007053,40835.773769817,2572067
547,2020-09-01,33.114029,33.716987,33.114029,33.716987,48005.131336645,2572067
548,2020-09-02,34.067091,34.071954,33.503034,33.911489,70563.516865691,2572067
549,2020-09-03,33.600285,33.600285,32.122067,32.35547,100420.60404138,2572067
550,2020-09-04,32.277669,32.511072,30.998427,31.995641,100102.592657176,2572067
551,2020-09-08,31.207906,31.577461,30.829599,31.052304,43234.960573583,2572067
552,2020-09-09,31.363508,31.810864,31.295432,31.635811,66316.557493155,2572067
553,2020-09-10,31.985916,32.102617,31.283665,31.344058,46703.910443479,2572067
554,2020-09-11,31.509385,31.655262,31.163268,31.305157,38756.543374012,2572067
555,2020-09-14,31.771963,31.976191,31.577461,31.89839,33221.978274606,2572067
556,2020-09-15,32.297119,32.35547,32.175555,32.219319,29500.175316352,2572067
557,2020-09-16,32.598598,32.598598,32.219319,32.306845,33880.368816215,2572067
558,2020-09-17,31.674712,31.995641,31.616361,31.947015,25845.475677701,2572067
559,2020-09-18,32.112342,32.112342,31.363508,31.771963,38961.743380333,2572067
560,2020-09-21,31.12038,31.431584,30.711925,31.431584,50546.304874643,2572067
561,2020-09-22,31.567736,31.655262,31.12038,31.611499,34222.692997377,2572067
562,2020-09-23,31.89839,31.89839,31.12038,31.12038,44306.66866347,2572067
563,2020-09-24,30.750826,31.217631,30.589194,30.877252,39090.114948269,2572067
564,2020-09-25,30.857802,31.212769,30.711925,31.13983,23415.168493829,2572067
565,2020-09-28,31.655262,31.703887,31.382958,31.703887,30013.661588095,2572067
566,2020-09-29,31.762238,31.830314,31.544006,31.733063,23808.063292662,2572067
567,2020-09-30,31.869214,32.029679,31.703887,31.840039,24024.933441523,2572067
568,2020-10-01,32.015091,32.365195,32.015091,32.287394,26043.868100874,2572067
569,2020-10-02,31.713612,32.190143,31.578141,31.840039,28132.823615462,2572067
570,2020-10-05,31.985916,32.384646,31.985916,32.33602,215812.05593731,2572067
571,2020-10-06,32.491622,32.938977,32.326295,32.326295,39660.979420831,2572067
572,2020-10-07,32.511072,32.997328,32.511072,32.958428,38853.794561842,2572067
573,2020-10-08,33.094579,33.201556,32.999954,33.036229,24281.676577394,2572067
574,2020-10-09,33.269631,33.619736,33.045954,33.503034,40783.258128389,2572067
575,2020-10-12,33.814238,34.037916,33.794885,33.862864,28642.419839692,2572067
576,2020-10-13,33.96984,33.96984,33.648911,33.814238,31612.47111602,2572067
577,2020-10-14,33.833688,33.921214,33.454409,33.600285,28527.663438052,2572067
578,2020-10-15,33.19183,33.396058,32.968153,33.337707,24852.541049957,2572067
579,2020-10-16,33.619736,33.648911,33.318257,33.357157,38384.071324623,2572067
580,2020-10-19,33.376608,33.707262,33.104304,33.114029,27712.698484037,2572067
581,2020-10-20,33.425233,33.444392,33.065404,33.230731,88143.614089721,2572067
582,2020-10-21,33.201556,33.656788,33.201556,33.289082,81723.090669184,2572067
583,2020-10-22,33.405783,33.483584,33.114029,33.396058,22537.962779603,2572067
584,2020-10-23,33.726712,33.940665,33.369217,33.746162,35822.475037181,2572067
585,2020-10-26,33.483584,33.668361,32.763925,33.055679,117318.970438721,2572067
586,2020-10-27,33.201556,33.308532,33.13348,33.230731,20114.463178879,2572067
587,2020-10-28,32.73475,32.939658,32.191116,32.297119,43367.222189032,2572067
588,2020-10-29,32.618048,33.13844,32.618048,33.036229,31786.550742236,2572067
589,2020-10-30,32.686124,32.707908,32.12586,32.31657,56590.466198277,2572067
590,2020-11-02,32.686124,32.686124,32.166025,32.433271,163355.737733686,2572067
591,2020-11-03,32.793101,33.211281,32.686124,33.094579,50856.53616382,2572067
592,2020-11-04,33.755887,34.222693,33.59056,33.999015,478723.834652567,2572067
593,2020-11-05,34.815925,35.010428,34.494996,34.990977,46823.52940451,2572067
594,2020-11-06,34.952077,35.156304,34.631148,35.146579,29566.306124077,2572067
595,2020-11-09,36.527546,36.527546,34.903451,34.913176,97447.635229417,2572067
596,2020-11-10,34.601973,34.733262,33.814238,34.08907,33914.406731956,2572067
597,2020-11-11,34.310219,34.679774,34.309538,34.679774,26359.934461322,2572067
598,2020-11-12,34.699224,34.874276,34.215205,34.329669,34774.107232373,2572067
599,2020-11-13,34.679774,34.884001,34.524172,34.8062,32122.067340249,2572067
600,2020-11-16,35.16603,35.263281,34.815925,35.18548,57255.664323034,2572067
601,2020-11-17,35.107679,35.18548,34.864551,35.136854,27585.29942798,2572067
602,2020-11-18,35.263281,35.321631,34.796475,34.796475,41504.861942087,2572067
603,2020-11-19,34.835375,35.297319,34.640873,35.297319,27727.286162211,2572067
604,2020-11-20,35.448058,35.62311,35.302181,35.412756,36996.296874289,2572067
605,2020-11-23,35.768987,35.781143,35.409157,35.62311,36369.026712785,2572067
606,2020-11-24,35.934314,36.119091,35.671541,36.070466,32614.158350669,2572067
607,2020-11-25,36.00239,36.308731,35.934314,36.187167,36252.325287389,2572067
608,2020-11-27,36.508096,36.673423,36.488646,36.644928,29519.625553918,2572067
609,2020-11-30,36.770674,36.780399,36.236765,36.712323,58070.62927705,2572067
610,2020-12-01,36.955451,36.955451,36.656404,36.751224,51557.717228075,2572067
611,2020-12-02,36.760949,37.072153,36.289281,36.780399,53759.484120546,2572067
612,2020-12-03,36.936001,37.149856,36.799849,36.799849,50998.522898052,2572067
613,2020-12-04,37.091603,37.508324,37.042977,37.393082,53315.046192163,2572067
614,2020-12-07,37.587584,37.714011,37.334731,37.344456,65263.327128956,2572067
615,2020-12-08,37.441707,37.548684,37.23748,37.480608,51367.104899928,2572067
616,2020-12-09,37.830712,38.05439,37.208304,37.441707,87429.790371048,2572067
617,2020-12-10,37.247205,37.811262,36.96683,37.743186,86335.714507961,2572067
618,2020-12-11,37.704286,37.733461,37.333758,37.607034,53884.938152846,2572067
619,2020-12-14,38.058846,38.117459,37.775554,37.853704,71935.713243403,2572067
620,2020-12-15,38.215146,38.273758,38.010003,38.234683,76619.803806856,2572067
621,2020-12-16,38.674274,38.674274,38.283526,38.420288,119421.352928377,2572067
622,2020-12-17,38.791499,38.850111,38.684043,38.78173,100427.097054387,2572067
623,2020-12-18,38.957567,39.045387,38.713349,38.723118,92662.936095404,2572067
624,2020-12-21,38.303064,38.874533,38.160148,38.820805,88567.898005311,2572067
625,2020-12-22,39.074791,39.23109,38.698696,39.192015,115246.211516865,2572067
626,2020-12-23,39.485076,39.651144,39.270263,39.279934,90826.420921412,2572067
627,2020-12-24,39.348314,39.836749,38.78173,38.879417,45809.33115382,2572067
628,2020-12-28,39.240859,39.480192,38.58831,38.713349,72232.681654516,2572067
629,2020-12-29,39.133403,39.172478,38.488669,38.693812,68440.473194177,2572067
630,2020-12-30,39.00641,39.225327,38.90042,39.045485,45902.133782293,2572067
631,2020-12-31,39.182247,39.245743,38.782316,38.918492,47831.451584758,2572067
632,2021-01-04,39.30924,39.524151,38.55705,38.830573,116824.833070679,2572067
633,2021-01-05,38.830573,39.675566,38.830573,39.631607,163281.828884263,2572067
634,2021-01-06,39.30924,39.836749,39.00641,39.387389,94507.266227583,2572067
635,2021-01-07,39.778137,40.759891,39.778137,40.715932,99833.16023216,2572067
636,2021-01-08,41.223904,41.565809,40.784313,41.223904,97065.688164118,2572067
637,2021-01-11,40.930844,41.253211,40.329385,41.10668,83681.595398764,2572067
638,2021-01-12,41.516965,41.613675,40.842925,41.321591,76572.914057732,2572067
639,2021-01-13,41.458353,41.800258,41.399741,41.468122,89480.294373667,2572067
640,2021-01-14,41.85887,42.200774,41.768021,42.073781,133277.273794282,2572067
641,2021-01-15,41.897945,41.960171,41.18483,41.360666,96344.758271348,2572067
642,2021-01-19,42.122625,42.435223,42.097324,42.376611,114621.991731662,2572067
643,2021-01-20,42.923658,43.20695,42.689209,43.001807,147223.066679341,2572067
644,2021-01-21,43.158107,43.402324,42.894352,43.353481,113208.461169553,2572067
645,2021-01-22,43.06042,43.812609,43.06042,43.783303,120131.537253638,2572067
646,2021-01-25,44.10567,44.701561,43.373018,44.076364,134694.711835486,2572067
647,2021-01-26,44.10567,44.407132,43.861453,44.271738,95859.253993969,2572067
648,2021-01-27,43.763766,44.691792,43.470705,43.793072,129205.680578751,2572067
649,2021-01-28,43.929834,44.20072,43.373018,43.666079,165185.74807262,2572067
650,2021-01-29,43.275331,43.665981,42.493835,42.718515,157494.852346642,2572067
651,2021-02-01,43.333943,44.144745,43.211834,44.017752,110014.097010535,2572067
652,2021-02-02,44.545262,44.945778,44.299677,44.828554,117218.51158936,2572067
653,2021-02-03,45.150921,45.443884,44.963362,45.131384,115811.819115664,2572067
654,2021-02-04,45.297451,45.570877,45.141152,45.443982,126757.644926611,2572067
655,2021-02-05,45.883573,46.459926,45.832483,46.459926,132912.901368804,2572067
656,2021-02-08,47.03628,47.876388,47.03628,47.866619,387843.675523682,2572067
657,2021-02-09,48.648115,48.931309,47.876388,48.765339,260906.286558766,2572067
658,2021-02-10,49.185393,49.468685,47.925231,48.462509,195160.997069399,2572067
659,2021-02-11,49.038863,49.537066,48.745802,49.224468,187680.128344702,2572067
660,2021-02-12,49.156087,49.673437,48.442972,49.615216,138821.009758327,2572067
661,2021-02-16,50.719079,50.894915,50.054807,50.318562,275277.994665026,2572067
662,2021-02-17,50.269719,50.318562,49.145146,49.712903,250076.708250853,2572067
663,2021-02-18,48.941176,49.038863,48.05242,48.736033,171812.832615365,2572067
664,2021-02-19,48.921638,49.449148,48.921638,49.214699,168877.338946298,2572067
665,2021-02-22,48.257367,48.442874,47.163273,47.329341,195271.383353793,2572067
666,2021-02-23,45.912879,46.577151,44.551123,46.479464,296776.944638014,2572067
667,2021-02-24,46.157097,47.00121,45.629685,46.919055,116167.399713181,2572067
668,2021-02-25,46.684606,47.260862,44.955645,45.180227,226033.012518159,2572067
669,2021-02-26,45.131384,45.663778,44.252201,45.131384,118368.287312651,2572067
670,2021-03-01,45.815192,46.39643,45.707737,46.362239,144218.215256362,2572067
671,2021-03-02,46.049641,46.049641,45.053332,45.121615,119485.826333421,2572067
672,2021-03-03,45.209533,45.346295,43.802841,43.900528,110550.398516131,2572067
673,2021-03-04,43.627004,44.017752,41.63419,42.337536,186193.332549587,2572067
674,2021-03-05,42.962733,42.962733,40.57917,42.601291,206791.608591499,2572067
675,2021-03-08,42.181237,42.392338,40.784313,40.882,176587.772067745,2572067
676,2021-03-09,41.770952,42.796665,41.683033,42.571985,156774.899323646,2572067
677,2021-03-10,43.275331,43.646541,42.591522,42.777127,114823.226904983,2572067
678,2021-03-11,43.666079,44.362392,43.666079,44.271738,103815.858298312,2572067
679,2021-03-12,43.793072,44.056827,43.39744,44.017752,165075.361788226,2572067
680,2021-03-15,43.900528,44.291276,43.714922,44.242432,67744.941915517,2572067
681,2021-03-16,44.564799,44.887166,43.95914,44.203357,156388.058893379,2572067
682,2021-03-17,43.802841,44.73917,43.288519,44.4085,76812.247152215,2572067
683,2021-03-18,44.115439,44.288931,43.1288,43.314406,78177.911095429,2572067
684,2021-03-19,43.470705,44.037582,43.197181,43.851684,140331.250428004,2572067
685,2021-03-22,43.675848,44.203357,43.666079,43.949371,60942.997683332,2572067
686,2021-03-23,43.597698,43.597698,42.571985,42.767359,110688.137154181,2572067
687,2021-03-24,42.83574,42.894352,41.321591,41.389972,128502.334341903,2572067
688,2021-03-25,40.921075,41.52185,40.051661,41.419278,76234.917116136,2572067
689,2021-03-26,41.614652,42.0054,40.946962,41.878407,125364.628629742,2572067
690,2021-03-29,41.878407,42.112856,41.175061,41.40951,95819.202333259,2572067
691,2021-03-30,41.419278,41.894721,41.126217,41.643958,46694.37516852,2572067
692,2021-03-31,41.63419,42.347305,41.63419,42.142162,100434.912012574,2572067
693,2021-04-01,42.581753,43.187413,42.474298,42.98227,116485.85925931,2572067
694,2021-04-05,43.197181,43.421861,43.080152,43.343712,90949.50651286,2572067
695,2021-04-06,43.412093,43.714922,43.191222,43.529317,41189.713995411,2572067
696,2021-04-07,43.500011,43.773535,43.017535,43.119032,76909.934129555,2572067
697,2021-04-08,43.363249,43.636675,43.208904,43.539086,92876.870575778,2572067
698,2021-04-09,43.402324,43.539086,43.20695,43.539086,34004.836812054,2572067
699,2021-04-12,43.255794,43.392555,42.767359,42.915941,61804.596823471,2572067
700,2021-04-13,42.845508,43.470705,42.845508,43.373018,41922.366325461,2572067
701,2021-04-14,43.470705,43.773535,42.884583,42.894352,77307.520127329,2572067
702,2021-04-15,43.294868,43.508314,43.241141,43.339414,51802.427213629,2572067
703,2021-04-16,43.490242,43.490242,43.06042,43.392555,67274.090684738,2572067
704,2021-04-19,43.373018,43.773535,42.513373,42.767359,47820.70601725,2572067
705,2021-04-20,42.542679,42.596016,41.653825,42.0054,290701.791517239,2572067
706,2021-04-21,41.78072,42.767359,41.63419,42.767359,85153.738147278,2572067
707,2021-04-22,42.943195,43.304539,42.508488,42.728284,44058.780519887,2572067
708,2021-04-23,43.089726,43.685519,43.089726,43.587929,55903.326522362,2572067
709,2021-04-26,43.529317,44.017752,43.529317,43.900528,45012.205418725,2572067
710,2021-04-27,43.851684,44.007983,43.675848,43.773535,47166.203269072,2572067
711,2021-04-28,43.832147,43.910296,43.379465,43.587929,56560.75987986,2572067
712,2021-04-29,43.861453,43.861453,42.859673,43.304637,36473.386729436,2572067
713,2021-04-30,42.669672,42.962733,42.278924,42.396148,37359.40761391,2572067
714,2021-05-03,42.620828,42.620828,41.731877,41.839332,136506.805265143,2572067
715,2021-05-04,41.311823,41.585346,40.422871,40.842925,94536.572320785,2572067
716,2021-05-05,41.096911,41.214038,40.602127,40.73547,66019.789895692,2572067
717,2021-05-06,40.725701,40.725701,40.09181,40.520558,168417.233283027,2572067
718,2021-05-07,40.755007,41.321591,40.755007,41.038299,41378.249861677,2572067
719,2021-05-10,40.940612,40.940612,39.729391,39.787906,113144.964634282,2572067
720,2021-05-11,38.898954,40.012586,38.342139,39.939907,80076.945934918,2572067
721,2021-05-12,39.592532,39.778039,38.781828,38.869648,115861.639474107,2572067
722,2021-05-13,38.957567,39.494747,38.273758,38.4789,39837.726229025,2572067
723,2021-05-14,39.016179,39.934436,38.991757,39.817212,68143.504783064,2572067
724,2021-05-17,39.612069,39.612069,39.100483,39.475308,49450.124799281,2572067
725,2021-05-18,39.621838,40.373051,39.612069,39.895362,32440.868304841,2572067
726,2021-05-19,39.143172,39.7586,38.977104,39.651144,43880.013351355,2572067
727,2021-05-20,40.032123,40.588939,40.032123,40.461946,64135.408102804,2572067
728,2021-05-21,40.715932,40.813619,40.453154,40.461946,52680.633139915,2572067
729,2021-05-24,40.774544,41.321591,40.707336,41.126217,32463.336309629,2572067
730,2021-05-25,41.507197,41.819795,41.10668,41.282517,33726.428926635,2572067
731,2021-05-26,41.575578,41.907616,41.519994,41.849101,41795.373254919,2572067
732,2021-05-27,41.868638,42.101427,41.507197,42.073781,34702.321830262,2572067
733,2021-05-28,42.142162,42.269155,41.888274,41.937019,194779.040987999,2572067
734,2021-06-01,42.376611,42.67944,41.927251,42.191006,87704.345125625,2572067
735,2021-06-02,42.08355,42.425454,41.917482,42.23008,58142.312042995,2572067
736,2021-06-03,41.956557,42.054244,41.614652,41.770952,38785.637483074,2572067
737,2021-06-04,41.985863,42.337438,41.985863,42.210543,32018.860562732,2572067
738,2021-06-07,42.23008,42.396148,42.055611,42.347305,25399.590978173,2572067
739,2021-06-08,42.396148,42.613209,42.154568,42.386379,57268.013595802,2572067
740,2021-06-09,42.347305,42.493835,42.151931,42.151931,42466.482789245,2572067
741,2021-06-10,42.217413,42.442449,42.004026,42.374028,53364.454777426,2572067
742,2021-06-11,42.315297,42.569796,42.305509,42.511066,32620.855862513,2572067
743,2021-06-14,42.579584,43.069005,42.569796,42.91239,34263.351095584,2572067
744,2021-06-15,43.029851,43.059217,42.569894,42.628526,40435.922573379,2572067
745,2021-06-16,42.716622,42.716622,42.011857,42.403393,37219.450978702,2572067
746,2021-06-17,42.374028,42.860903,42.266355,42.804718,199062.983056349,2572067
747,2021-06-18,42.511066,42.648103,42.090164,42.427864,35204.996157689,2572067
748,2021-06-21,42.697045,42.754308,42.188048,42.66768,48311.67742754,2572067
749,2021-06-22,42.511066,42.966227,42.274578,42.85366,32448.579842835,2572067
750,2021-06-23,42.863448,43.372446,42.863448,43.147312,60739.043028887,2572067
751,2021-06-24,43.411599,43.80157,43.34308,43.754194,42063.735191136,2572067
752,2021-06-25,43.910808,44.017502,43.489907,43.949962,52508.94772516,2572067
753,2021-06-28,44.096788,44.179989,43.95975,44.14573,32607.152088221,2572067
754,2021-06-29,44.165307,44.243614,43.95975,44.155518,34118.48262449,2572067
755,2021-06-30,44.087,44.087,43.873514,43.940173,34794.861769932,2572067
756,2021-07-01,44.028269,44.028269,43.495975,43.734617,76723.516900184,2572067
757,2021-07-02,43.891231,44.006539,43.705252,43.852078,40367.403701916,2572067
758,2021-07-06,43.666098,43.744405,43.323504,43.568214,40108.989672398,2572067
759,2021-07-07,43.71504,43.71504,43.088582,43.166889,34565.812971042,2572067
760,2021-07-08,42.599161,42.881557,42.090164,42.697045,65947.456101096,2572067
761,2021-07-09,43.020063,43.333292,42.8703,43.323504,24830.26017717,2572067
762,2021-07-12,43.440965,43.489907,43.026132,43.146529,25275.63284168,2572067
763,2021-07-13,43.020063,43.435581,43.01233,43.057259,22710.090525901,2572067
764,2021-07-14,43.303927,43.421388,42.726411,42.736199,22538.793347243,2572067
765,2021-07-15,42.785141,42.804718,42.011857,42.42297,30409.6539963,2572067
766,2021-07-16,42.579584,42.60895,41.767146,41.776935,40068.857190542,2572067
767,2021-07-19,41.414764,41.544264,41.033016,41.37561,72728.866693891,2572067
768,2021-07-20,41.493071,42.090164,41.200985,41.972703,28070.223956349,2572067
769,2021-07-21,42.090164,42.540235,42.090164,42.4817,59597.714398517,2572067
770,2021-07-22,42.4817,42.657892,42.334874,42.520854,40383.06515825,2572067
771,2021-07-23,42.452335,42.579584,42.266355,42.579584,51858.997287282,2572067
772,2021-07-26,42.364239,42.579584,42.266355,42.374028,28271.865206655,2572067
773,2021-07-27,42.021645,42.212519,41.150477,41.630109,46274.709263048,2572067
774,2021-07-28,41.8063,42.597595,41.8063,42.462123,28423.585564894,2572067
775,2021-07-29,42.804718,42.911901,42.511066,42.677469,21030.399334037,2572067
776,2021-07-30,42.246778,42.638315,42.246778,42.442547,24323.220528344,2572067
777,2021-08-02,42.755776,43.020063,42.657892,42.66768,75857.242596687,2572067
778,2021-08-03,42.755776,42.804718,42.403393,42.638315,33289.404279788,2572067
779,2021-08-04,42.589373,42.805892,42.530055,42.706834,17948.028959222,2572067
780,2021-08-05,42.794929,43.113053,42.727585,43.108159,33619.273703831,2572067
781,2021-08-06,43.088582,43.127735,42.618836,42.765564,39748.776176707,2572067
782,2021-08-09,42.736199,43.137524,42.677469,42.960158,24287.003410571,2572067
783,2021-08-10,43.157101,43.303927,42.873237,42.971121,47268.232899261,2572067
784,2021-08-11,43.029851,43.09837,42.657892,43.000486,25905.027618119,2572067
785,2021-08-12,42.863448,42.924724,42.657892,42.873237,26757.598147322,2572067
786,2021-08-13,42.755776,42.833985,42.579584,42.677469,34844.782661998,2572067
787,2021-08-16,42.550219,42.550219,41.767146,42.129318,57484.396634394,2572067
788,2021-08-17,41.669262,41.701564,41.189728,41.453917,46477.329354374,2572067
789,2021-08-18,41.659474,41.853872,41.346245,41.444129,30563.332036582,2572067
790,2021-08-19,40.935131,41.316879,40.778517,41.052592,36152.514265921,2572067
791,2021-08-20,40.915555,41.565897,40.915555,41.540251,31589.157426485,2572067
792,2021-08-23,41.904184,42.392136,41.904184,42.295721,36855.322118927,2572067
793,2021-08-24,42.706834,43.028383,42.383816,42.941756,37027.598138605,2572067
794,2021-08-25,42.883025,43.117947,42.824295,42.941658,17020.087671409,2572067
795,2021-08-26,42.804718,43.020063,42.579682,42.706834,30600.527995376,2572067
796,2021-08-27,42.687257,43.166889,42.579584,43.166889,27544.586328126,2572067
797,2021-08-30,43.186466,43.28435,42.990698,43.157101,41485.240147784,2572067
798,2021-08-31,43.509483,43.636733,43.196254,43.587791,26598.047060916,2572067
799,2021-09-01,44.008692,44.556843,44.008692,44.243614,66177.483741007,2572067
800,2021-09-02,44.566632,44.57642,44.194672,44.302345,35360.631880013,2572067
801,2021-09-03,44.429594,44.702397,44.33171,44.635151,35892.142554361,2572067
802,2021-09-07,44.664516,44.781977,44.406102,44.586209,39309.276558323,2572067
803,2021-09-08,44.449171,44.449171,43.744405,43.842289,35399.785520849,2572067
804,2021-09-09,43.871655,44.253403,43.871655,44.028269,52024.421419814,2572067
805,2021-09-10,44.400229,44.45152,43.803136,43.803136,27173.605581205,2572067
806,2021-09-13,43.920597,43.920597,43.225619,43.59846,34735.152467657,2572067
807,2021-09-14,43.734617,43.763982,43.303927,43.34308,28481.337185127,2572067
808,2021-09-15,43.362657,43.680781,43.235408,43.636733,36911.116057118,2572067
809,2021-09-16,43.519272,43.874297,43.412578,43.734617,16462.148289496,2572067
810,2021-09-17,43.734617,43.734617,43.255083,43.480118,24407.400856142,2572067
811,2021-09-20,42.618738,42.838977,41.802776,42.23699,64787.529491329,2572067
812,2021-09-21,42.66768,42.804718,42.325086,42.491489,50199.861756857,2572067
813,2021-09-22,42.657892,43.210545,42.580563,43.069005,30596.612631292,2572067
814,2021-09-23,43.09837,43.685675,43.09837,43.568214,36377.647700728,2572067
815,2021-09-24,43.28435,43.443901,43.03964,43.264773,28511.681256775,2572067
816,2021-09-27,43.147312,43.318903,42.751763,43.196254,42958.395884238,2572067
817,2021-09-28,42.648103,42.648103,41.727993,41.855242,36945.37549285,2572067
818,2021-09-29,41.884607,41.884607,41.238572,41.326668,38363.716132134,2572067
819,2021-09-30,41.56159,41.824506,41.365822,41.453917,96463.803768674,2572067
820,2021-10-01,41.395187,41.576272,40.974285,41.463706,27041.462043383,2572067
821,2021-10-04,41.013439,41.43434,40.073751,40.201001,49639.964692902,2572067
822,2021-10-05,40.426134,41.072169,40.426134,40.935131,73162.49326615,2572067
823,2021-10-06,40.289096,40.935034,40.193268,40.876401,29813.539814572,2572067
824,2021-10-07,41.37561,42.070587,41.37561,41.737781,27739.375691285,2572067
825,2021-10-08,41.99228,41.99228,41.629228,41.718204,56346.983368109,2572067
826,2021-10-11,41.727993,42.041124,41.43434,41.502859,19306.660296232,2572067
827,2021-10-12,41.444129,41.656635,41.339784,41.444129,31201.536382208,2572067
828,2021-10-13,41.698627,42.080375,41.698627,42.011857,22765.884464092,2572067
829,2021-10-14,42.520854,42.775255,42.4817,42.755776,38197.313158581,2572067
830,2021-10-15,43.059217,43.069005,42.874118,42.941756,32191.144654338,2572067
831,2021-10-18,42.873237,43.294138,42.765564,43.274562,32621.834703534,2572067
832,2021-10-19,43.450753,43.910808,43.450753,43.90102,31787.862153728,2572067
833,2021-10-20,43.90102,44.106576,43.716117,44.047846,72171.906152999,2572067
834,2021-10-21,43.930385,44.214249,43.930385,44.165307,23869.038294647,2572067
835,2021-10-22,44.253403,44.253403,43.648968,43.861866,23525.465096311,2572067
836,2021-10-25,43.949962,44.282768,43.626161,44.224037,78887.734397394,2572067
837,2021-10-26,44.380652,44.439382,43.783559,43.910808,54441.179900416,2572067
838,2021-10-27,43.930385,43.95975,43.519272,43.52906,49253.322489646,2572067
839,2021-10-28,43.754194,44.047846,43.607367,43.969539,68024.556747446,2572067
840,2021-10-29,43.626944,43.998904,43.626944,43.998904,35834.390934128,2572067
841,2021-11-01,44.361075,45.00711,44.351287,44.987533,88640.906329641,2572067
842,2021-11-02,44.752611,44.977745,44.664516,44.811342,70881.793687453,2572067
843,2021-11-03,44.840707,45.418125,44.811342,45.349704,77252.09105147,2572067
844,2021-11-04,45.692299,45.966374,45.56505,45.790183,81952.485633832,2572067
845,2021-11-05,45.790183,46.00357,45.386215,45.540578,35192.271224418,2572067
846,2021-11-08,45.86849,46.319736,45.78617,46.279603,91488.354859439,2572067
847,2021-11-09,46.455795,46.48516,45.878279,46.05447,57620.455536299,2572067
848,2021-11-10,45.976163,46.025105,44.772188,44.977745,56799.207919764,2572067
849,2021-11-11,45.428012,45.604007,45.310649,45.388858,95062.103426745,2572067
850,2021-11-12,45.62378,45.946798,45.525896,45.848913,29347.611488624,2572067
851,2021-11-15,46.504737,46.504737,45.369281,45.525896,87043.437783533,2572067
852,2021-11-16,45.496531,45.730474,45.320339,45.68251,38921.655514047,2572067
853,2021-11-17,45.741241,45.741241,45.153936,45.212667,39822.189253275,2572067
854,2021-11-18,45.731452,45.839125,44.78462,45.036475,87318.492110405,2572067
855,2021-11-19,45.153936,45.369281,44.977745,44.977745,37171.487768678,2572067
856,2021-11-22,45.104994,45.133381,43.910808,44.057634,82799.18311691,2572067
857,2021-11-23,43.861866,44.077211,43.069005,43.421388,62285.611841909,2572067
858,2021-11-24,43.069005,43.509483,42.677469,43.450753,134936.171254128,2572067
859,2021-11-26,42.775353,43.069005,42.207625,42.511066,57652.757289989,2572067
860,2021-11-29,43.166889,43.440965,42.589373,43.157101,55886.928088286,2572067
861,2021-11-30,43.157101,43.450753,42.23699,42.66768,59907.028161122,2572067
862,2021-12-01,43.34308,43.617156,41.708416,41.727993,49363.931525008,2572067
863,2021-12-02,41.923761,42.17826,41.455679,41.982491,47389.609185853,2572067
864,2021-12-03,42.334874,42.334874,40.631691,41.042804,49214.16884881,2572067
865,2021-12-06,40.993862,41.532225,40.416639,41.365822,60550.126711853,2572067
866,2021-12-07,42.256567,43.069005,42.256567,42.863448,70653.723729583,2572067
867,2021-12-08,42.814506,43.254985,42.525748,43.137524,41857.199735726,2572067
868,2021-12-09,42.971121,43.543743,42.17826,42.17826,29030.466997852,2572067
869,2021-12-10,42.589373,42.589373,42.031433,42.188048,40608.198593057,2572067
870,2021-12-13,42.34,42.34,41.551,41.74,45056.0,2572067
871,2021-12-14,41.27,41.399,40.7138,40.95,42728.0,2572067
872,2021-12-15,41.21,41.98,40.62,41.85,66489.0,2572067
873,2021-12-16,42.35,42.35,40.805,40.89,70986.0,2572067
874,2021-12-17,40.62,41.769,40.218,41.06,102968.0,2572067
875,2021-12-20,40.32,41.0,39.72,40.32,96797.0,2572067
876,2021-12-21,40.57,41.6,40.57,41.6,46259.0,2572067
877,2021-12-22,41.47,41.76,41.32,41.59,45812.0,2572067
878,2021-12-23,41.75,42.0,41.53,41.97,67578.0,2572067
879,2021-12-27,42.06,42.279,41.95,42.15,50352.0,2572067
880,2021-12-28,42.07,42.07,41.51,41.61,62820.0,2572067
881,2021-12-29,41.59,41.59,41.0,41.2909,55300.0,2572067
882,2021-12-30,41.17,42.09,41.17,41.76,47903.0,2572067
883,2021-12-31,41.67,41.91,41.38,41.38,30160.0,2572067
0,2019-09-06,25.338,25.45,25.283,25.32,6921.0,497280
1,2019-09-09,25.25,25.25,24.0,24.29,17405.0,497280
2,2019-09-10,24.24,24.3888,23.98,24.22,43457.0,497280
3,2019-09-11,24.3,24.55,24.18,24.41,14995.0,497280
4,2019-09-12,24.62,24.73,24.5133,24.56,13409.0,497280
5,2019-09-13,24.67,25.6,24.13,25.6,12926.0,497280
6,2019-09-16,23.94,24.46,23.81,24.33,17893.0,497280
7,2019-09-17,24.47,24.603,24.47,24.603,1540.0,497280
8,2019-09-18,24.75,24.75,24.32,24.32,22870.0,497280
9,2019-09-19,24.77,24.8605,24.62,24.62,1194.0,497280
10,2019-09-20,24.88,24.88,24.65,24.65,1978.0,497280
11,2019-09-23,24.73,24.73,24.4979,24.56,1330.0,497280
12,2019-09-24,24.16,24.16,23.79,23.79,4724.0,497280
13,2019-09-25,23.5,23.98,23.35,23.98,3341.0,497280
14,2019-09-26,24.0111,24.0215,24.0111,24.02,1142.0,497280
15,2019-09-27,23.75,23.75,23.12,23.12,2946.0,497280
16,2019-09-30,23.47,23.6,23.1108,23.6,754.0,497280
17,2019-10-01,23.7137,23.75,23.4001,23.46,4162.0,497280
18,2019-10-02,23.26,23.26,23.0,23.06,23594.0,497280
19,2019-10-03,23.08,23.8286,23.08,23.775,2895.0,497280
20,2019-10-04,24.142,24.142,24.142,24.142,312.0,497280
21,2019-10-07,24.21,24.453,24.1995,24.42,5208.0,497280
22,2019-10-08,24.24,24.24,23.7489,23.8,2196.0,497280
23,2019-10-09,24.02,24.02,23.9235,23.99,1599.0,497280
24,2019-10-10,23.93,23.93,23.85,23.93,1007.0,497280
25,2019-10-11,24.4635,24.55,24.361,24.3885,5448.0,497280
26,2019-10-14,24.3599,24.46,24.21,24.46,8520.0,497280
27,2019-10-15,24.6126,24.6126,24.6126,24.6126,198.0,497280
28,2019-10-16,23.8279,23.85,23.74,23.8376,14958.0,497280
29,2019-10-17,23.9569,23.9769,23.7365,23.7365,1992.0,497280
30,2019-10-18,23.29,23.29,22.59,22.9933,11365.0,497280
31,2019-10-21,23.06,23.26,22.9648,23.19,4633.0,497280
32,2019-10-22,23.2934,23.2934,22.5987,22.64,229133.0,497280
33,2019-10-23,22.845,22.92,22.5725,22.5725,2323.0,497280
34,2019-10-24,23.317,23.57,23.285,23.57,6401.0,497280
35,2019-10-25,23.47,23.79,23.27,23.7001,7181.0,497280
36,2019-10-28,23.92,23.99,23.8408,23.91,9133.0,497280
37,2019-10-29,23.85,23.86,23.73,23.86,1148.0,497280
38,2019-10-30,23.99,24.38,23.94,24.3601,37082.0,497280
39,2019-10-31,24.33,24.35,23.87,23.9882,8213.0,497280
40,2019-11-01,24.21,24.2836,24.21,24.2117,5747.0,497280
41,2019-11-04,24.6,24.6,24.11,24.11,2226.0,497280
42,2019-11-05,24.21,24.255,23.9925,24.15,9837.0,497280
43,2019-11-06,24.1999,24.22,24.0475,24.09,9549.0,497280
44,2019-11-07,24.21,24.31,24.0,24.0,4544.0,497280
45,2019-11-08,23.98,24.3893,23.98,24.33,1793.0,497280
46,2019-11-11,24.5271,24.6341,24.5271,24.6341,1111.0,497280
47,2019-11-12,24.785,24.79,24.64,24.64,3544.0,497280
48,2019-11-13,24.7966,24.95,24.7705,24.95,1020.0,497280
49,2019-11-14,24.93,24.99,24.93,24.96,5347.0,497280
50,2019-11-15,25.18,25.3581,25.18,25.3581,1062.0,497280
51,2019-11-18,25.41,25.55,25.34,25.4061,5939.0,497280
52,2019-11-19,25.64,25.74,25.46,25.6847,4209.0,497280
53,2019-11-20,25.62,25.9894,25.62,25.8784,5164.0,497280
54,2019-11-21,26.07,26.07,25.765,25.8041,4206.0,497280
55,2019-11-22,26.0,26.0,25.7531,25.8934,2880.0,497280
56,2019-11-25,26.02,26.31,26.02,26.2747,4875.0,497280
57,2019-11-26,26.37,26.52,26.3,26.42,6140.0,497280
58,2019-11-27,26.5,26.6,26.405,26.5678,21792.0,497280
59,2019-11-29,27.06,27.06,26.5,26.521,15017.0,497280
60,2019-12-02,26.6938,26.6938,25.4741,25.78,6390.0,497280
61,2019-12-03,25.29,25.975,25.2013,25.975,8628.0,497280
62,2019-12-04,26.08,26.08,25.75,25.8228,27613.0,497280
63,2019-12-05,25.84,25.84,25.535,25.5999,4634.0,497280
64,2019-12-06,25.84,25.84,25.5436,25.625,7865.0,497280
65,2019-12-09,25.67,25.72,25.5916,25.5916,5537.0,497280
66,2019-12-10,25.55,25.55,25.26,25.3058,18450.0,497280
67,2019-12-11,25.38,25.38,24.9601,25.1056,11050.0,497280
68,2019-12-12,25.27,25.27,24.81,24.905,9857.0,497280
69,2019-12-13,25.0,25.2475,25.0,25.2,1538.0,497280
70,2019-12-16,25.53,25.56,25.355,25.425,1883.0,497280
71,2019-12-17,25.2,25.32,25.2,25.305,2409.0,497280
72,2019-12-18,25.525,25.64,25.4803,25.4803,3504.0,497280
73,2019-12-19,25.52,25.69,25.52,25.649,2460.0,497280
74,2019-12-20,25.8,25.8,25.6944,25.73,4762.0,497280
75,2019-12-23,25.9,25.9,25.743,25.7656,1834.0,497280
76,2019-12-24,25.82,25.83,25.67,25.77,5706.0,497280
77,2019-12-26,25.91,26.05,25.8725,25.8854,9323.0,497280
78,2019-12-27,25.93,25.93,25.745,25.7627,5010.0,497280
79,2019-12-30,25.68,25.68,25.1695,25.4123,20268.0,497280
80,2019-12-31,25.42,25.58,25.42,25.55,6545.0,497280
81,2020-01-02,25.77,26.1105,25.77,26.1105,6013.0,497280
82,2020-01-03,25.78,26.18,25.78,26.12,9272.0,497280
83,2020-01-06,25.9,26.5864,25.9,26.5864,6348.0,497280
84,2020-01-07,26.59,26.71,26.49,26.6197,6610.0,497280
85,2020-01-08,26.57,27.07,26.57,26.9412,4495.0,497280
86,2020-01-09,27.24,27.27,27.12,27.2221,5369.0,497280
87,2020-01-10,27.42,27.4231,27.095,27.16,3024.0,497280
88,2020-01-13,27.3,27.64,27.3,27.5494,9776.0,497280
89,2020-01-14,27.56,27.6,27.35,27.48,11686.0,497280
90,2020-01-15,27.705,27.98,27.635,27.6719,9626.0,497280
91,2020-01-16,27.9447,27.98,27.78,27.9546,24141.0,497280
92,2020-01-17,27.975,28.0695,27.8818,27.8818,3475.0,497280
93,2020-01-21,27.84,28.15,27.84,27.895,9349.0,497280
94,2020-01-22,28.18,28.3,27.9,27.9,40531.0,497280
95,2020-01-23,27.93,28.04,27.7492,27.9938,16338.0,497280
96,2020-01-24,28.19,28.46,27.72,27.8776,26419.0,497280
97,2020-01-27,27.33,27.57,27.14,27.44,31376.0,497280
98,2020-01-28,27.9,27.9799,27.7663,27.9651,28952.0,497280
99,2020-01-29,28.24,28.24,27.9,28.05,20561.0,497280
100,2020-01-30,27.91,28.3891,27.9,28.3891,12110.0,497280
101,2020-01-31,28.37,28.39,27.8589,27.9656,17816.0,497280
102,2020-02-03,28.1,28.45,28.0992,28.4258,16009.0,497280
103,2020-02-04,29.05,29.2696,28.8287,29.239,19418.0,497280
104,2020-02-05,29.7,29.7,28.3499,28.45,36068.0,497280
105,2020-02-06,28.78,28.78,28.1001,28.5785,21940.0,497280
106,2020-02-07,28.56,28.91,28.56,28.7025,65363.0,497280
107,2020-02-10,28.89,29.07,28.65,29.0325,46011.0,497280
108,2020-02-11,29.31,29.31,28.9249,28.9885,34011.0,497280
109,2020-02-12,29.38,29.38,28.8453,29.1939,55714.0,497280
110,2020-02-13,29.12,29.5,29.0708,29.36,20399.0,497280
111,2020-02-14,29.26,29.769,29.26,29.59,18063.0,497280
112,2020-02-18,29.78,29.85,29.59,29.85,51398.0,497280
113,2020-02-19,30.13,30.38,30.085,30.1813,39931.0,497280
114,2020-02-20,30.25,30.479,29.389,29.8742,67775.0,497280
115,2020-02-21,29.83,29.85,29.06,29.25,30320.0,497280
116,2020-02-24,28.36,28.62,27.53,28.4781,41892.0,497280
117,2020-02-25,28.62,28.73,27.57,27.75,28787.0,497280
118,2020-02-26,28.21,28.4,27.6,27.6981,20067.0,497280
119,2020-02-27,27.26,27.8552,26.68,26.9868,36055.0,497280
120,2020-02-28,25.8,27.36,25.77,27.36,65160.0,497280
121,2020-03-02,27.48,27.6745,26.76,27.6745,40511.0,497280
122,2020-03-03,27.95,27.975,26.55,26.9004,35968.0,497280
123,2020-03-04,27.64,27.744,27.1427,27.744,34693.0,497280
124,2020-03-05,26.9,27.9138,26.8751,27.309,30784.0,497280
125,2020-03-06,26.21,26.7605,25.6244,26.27,36473.0,497280
126,2020-03-09,25.25,25.25,24.0,24.12,71029.0,497280
127,2020-03-10,25.17,25.17,23.76,24.87,21650.0,497280
128,2020-03-11,24.2907,24.3174,23.05,23.4864,18564.0,497280
129,2020-03-12,21.61,22.365,21.355,21.512,32154.0,497280
130,2020-03-13,22.47,22.515,20.795,22.3916,50263.0,497280
131,2020-03-16,20.53,21.0396,19.7718,20.2777,132911.0,497280
132,2020-03-17,20.02,21.0,18.99,21.0,47302.0,497280
133,2020-03-18,19.94,20.7662,19.0001,20.006,15891.0,497280
134,2020-03-19,20.4,21.75,19.8121,21.53,238297.0,497280
135,2020-03-20,22.35,22.79,21.395,21.6,31946.0,497280
136,2020-03-23,22.06,22.215,20.94,21.94,41265.0,497280
137,2020-03-24,23.39,23.6712,22.91,23.42,23181.0,497280
138,2020-03-25,23.94,24.56,23.3818,23.67,68578.0,497280
139,2020-03-26,23.46,24.78,23.46,24.78,50274.0,497280
140,2020-03-27,23.7,24.5,23.53,24.0208,65632.0,497280
141,2020-03-30,24.61,24.64,24.05,24.55,47992.0,497280
142,2020-03-31,24.56,24.79,23.635,23.99,48271.0,497280
143,2020-04-01,23.33,23.3874,22.5,22.85,115802.0,497280
144,2020-04-02,22.71,22.85,22.0,22.47,32182.0,497280
145,2020-04-03,22.525,22.528,21.81,22.06,19129.0,497280
146,2020-04-06,23.26,23.726,22.7572,23.69,26691.0,497280
147,2020-04-07,24.58,24.58,23.22,23.26,60306.0,497280
148,2020-04-08,23.71,24.52,23.4,24.42,41176.0,497280
149,2020-04-09,24.45,25.4,24.45,24.6541,75499.0,497280
150,2020-04-13,25.0,25.08,24.45,24.9858,48553.0,497280
151,2020-04-14,25.87,26.13,25.625,26.0553,78656.0,497280
152,2020-04-15,25.62,26.2,25.5,26.15,53338.0,497280
153,2020-04-16,26.57,26.77,26.0902,26.35,249115.0,497280
154,2020-04-17,26.82,27.11,26.505,27.1,153232.0,497280
155,2020-04-20,27.04,28.11,26.7461,27.51,181785.0,497280
156,2020-04-21,27.46,27.46,25.5754,26.33,273505.0,497280
157,2020-04-22,27.27,27.27,26.5,27.0226,78880.0,497280
158,2020-04-23,27.45,27.45,27.01,27.12,106536.0,497280
159,2020-04-24,27.46,27.74,27.03,27.4618,109067.0,497280
160,2020-04-27,27.46,28.26,27.46,28.0,127829.0,497280
161,2020-04-28,28.64,28.85,27.1401,27.4377,58914.0,497280
162,2020-04-29,28.18,28.5,27.51,28.3769,94893.0,497280
163,2020-04-30,28.95,28.95,28.1794,28.3056,242295.0,497280
164,2020-05-01,27.55,28.1,27.25,27.4,54771.0,497280
165,2020-05-04,27.14,28.09,27.14,28.0375,38236.0,497280
166,2020-05-05,28.49,29.2104,28.2801,28.8163,140495.0,497280
167,2020-05-06,29.24,29.88,29.03,29.6264,144415.0,497280
168,2020-05-07,30.33,31.71,30.32,31.51,325646.0,497280
169,2020-05-08,31.82,31.84,31.165,31.7,233795.0,497280
170,2020-05-11,31.61,32.541,31.5,32.37,361745.0,497280
171,2020-05-12,32.62,32.93,31.8,32.06,387322.0,497280
172,2020-05-13,32.0,32.45,30.74,31.52,252725.0,497280
173,2020-05-14,31.3,31.9899,30.828,31.83,159057.0,497280
174,2020-05-15,31.95,32.9488,31.885,32.69,306378.0,497280
175,2020-05-18,33.56,33.56,32.4499,32.48,404844.0,497280
176,2020-05-19,32.81,33.32,32.62,32.85,305225.0,497280
177,2020-05-20,33.44,33.739,33.09,33.53,296976.0,497280
178,2020-05-21,33.69,33.8,32.9,33.53,212385.0,497280
179,2020-05-22,33.81,34.25,33.39,34.21,321227.0,497280
180,2020-05-26,35.17,35.17,33.57,33.76,487735.0,497280
181,2020-05-27,33.95,33.95,31.68,33.39,435978.0,497280
182,2020-05-28,33.34,34.4499,33.3,33.6,317341.0,497280
183,2020-05-29,34.04,35.28,34.0,35.25,346259.0,497280
184,2020-06-01,35.53,36.59,35.3,36.4,662223.0,497280
185,2020-06-02,36.73,36.73,35.4,36.35,590296.0,497280
186,2020-06-03,36.6,36.75,36.1258,36.51,623896.0,497280
187,2020-06-04,36.36,36.36,34.79,35.07,462821.0,497280
188,2020-06-05,35.035,35.15,34.02,34.86,431626.0,497280
189,2020-06-08,34.92,35.44,34.3401,35.41,414869.0,497280
190,2020-06-09,35.38,35.62,34.99,35.11,513523.0,497280
191,2020-06-10,35.5,36.12,35.28,35.88,352651.0,497280
192,2020-06-11,35.0,35.71,34.08,34.22,669073.0,497280
193,2020-06-12,35.16,35.4,33.97,34.71,377255.0,497280
194,2020-06-15,34.54,35.91,34.3167,35.89,846789.0,497280
195,2020-06-16,36.82,36.82,35.745,36.61,1034092.0,497280
196,2020-06-17,36.94,37.33,36.7821,36.98,533596.0,497280
197,2020-06-18,37.07,37.8396,36.98,37.78,636355.0,497280
198,2020-06-19,38.44,38.44,37.43,37.62,687859.0,497280
199,2020-06-22,38.01,38.98,37.838,38.98,708874.0,497280
200,2020-06-23,39.54,39.63,38.63,38.85,1051003.0,497280
201,2020-06-24,38.66,39.3499,37.5,38.08,1036850.0,497280
202,2020-06-25,38.3,39.0799,37.85,39.04,505744.0,497280
203,2020-06-26,39.28,39.44,38.23,38.88,840100.0,497280
204,2020-06-29,39.14,39.14,37.34,38.09,817170.0,497280
205,2020-06-30,38.09,39.0399,38.09,38.96,480877.0,497280
206,2020-07-01,38.96,40.4,38.81,40.24,1015581.0,497280
207,2020-07-02,40.72,40.855,40.24,40.33,1246218.0,497280
208,2020-07-06,41.05,41.405,40.25,40.47,803367.0,497280
209,2020-07-07,40.36,41.36,40.3,40.58,554274.0,497280
210,2020-07-08,41.0,42.04,40.7802,42.04,801826.0,497280
211,2020-07-09,42.48,42.77,41.5,42.56,965074.0,497280
212,2020-07-10,42.75,42.75,41.5452,41.84,1345480.0,497280
213,2020-07-13,42.29,42.38,38.82,39.1,1622602.0,497280
214,2020-07-14,38.881,39.57,37.23,39.27,1145440.0,497280
215,2020-07-15,39.67,39.67,38.43,39.28,595117.0,497280
216,2020-07-16,38.9,38.99,37.93,38.56,593495.0,497280
217,2020-07-17,38.63,39.25,38.3,39.13,444444.0,497280
218,2020-07-20,39.27,41.26,39.26,41.17,800085.0,497280
219,2020-07-21,41.65,41.76,40.3801,40.58,997059.0,497280
220,2020-07-22,40.78,41.33,40.33,40.62,490224.0,497280
221,2020-07-23,40.7,41.2801,39.2238,39.64,594254.0,497280
222,2020-07-24,38.91,39.4543,38.125,39.02,510260.0,497280
223,2020-07-27,39.37,39.92,39.01,39.85,516920.0,497280
224,2020-07-28,39.85,40.3,39.56,39.59,321838.0,497280
225,2020-07-29,40.25,41.25,40.25,41.04,608290.0,497280
226,2020-07-30,40.72,41.57,40.2196,41.43,632448.0,497280
227,2020-07-31,41.96,41.96,40.72,41.83,544116.0,497280
228,2020-08-03,42.31,43.2,42.19,43.15,934010.0,497280
229,2020-08-04,43.27,43.27,42.5579,43.15,675741.0,497280
230,2020-08-05,43.0,43.61,42.9,43.3,1037137.0,497280
231,2020-08-06,42.57,42.74,41.56,42.19,669614.0,497280
232,2020-08-07,41.65,41.665,39.53,40.14,1434657.0,497280
233,2020-08-10,40.38,40.44,38.5,39.06,1655955.0,497280
234,2020-08-11,38.79,39.39,38.08,38.44,942848.0,497280
235,2020-08-12,38.67,39.415,38.56,38.865,637522.0,497280
236,2020-08-13,39.11,40.37,39.11,39.92,439329.0,497280
237,2020-08-14,40.11,40.28,39.4,39.55,387917.0,497280
238,2020-08-17,39.84,40.505,39.8,40.43,539176.0,497280
239,2020-08-18,40.66,40.92,40.3161,40.92,411189.0,497280
240,2020-08-19,40.97,41.26,40.281,40.84,329551.0,497280
241,2020-08-20,40.61,42.21,40.58,42.13,603354.0,497280
242,2020-08-21,42.08,42.21,41.36,41.55,1351041.0,497280
243,2020-08-24,41.89,42.0,40.771,41.18,725699.0,497280
244,2020-08-25,41.18,41.92,40.68,41.88,518861.0,497280
245,2020-08-26,42.596,44.11,42.52,43.78,1197081.0,497280
246,2020-08-27,43.906,44.28,43.22,43.85,569822.0,497280
247,2020-08-28,44.21,44.755,44.13,44.28,569199.0,497280
248,2020-08-31,44.31,44.83,44.1538,44.73,425168.0,497280
249,2020-09-01,45.57,47.05,45.5,47.05,861412.0,497280
250,2020-09-02,47.85,47.85,45.5935,46.68,1621632.0,497280
251,2020-09-03,44.99,45.0,42.25,42.83,2272676.0,497280
252,2020-09-04,42.65,42.992,39.19,41.15,1744025.0,497280
253,2020-09-08,39.71,41.13,39.4,40.12,754096.0,497280
254,2020-09-09,40.82,41.33,40.07,41.04,1071552.0,497280
255,2020-09-10,41.56,42.2,40.365,40.63,881032.0,497280
256,2020-09-11,41.06,41.06,39.1535,39.79,572796.0,497280
257,2020-09-14,40.39,40.705,40.06,40.5,362362.0,497280
258,2020-09-15,40.99,41.319,40.2244,40.86,516958.0,497280
259,2020-09-16,41.01,41.4,40.4217,40.5,356545.0,497280
260,2020-09-17,39.37,39.96,39.11,39.96,693925.0,497280
261,2020-09-18,40.04,40.49,39.25,40.3,447518.0,497280
262,2020-09-21,39.46,41.52,39.45,41.52,872919.0,497280
263,2020-09-22,41.79,42.31,40.94,42.28,578067.0,497280
264,2020-09-23,42.15,42.68,41.11,41.27,672472.0,497280
265,2020-09-24,40.65,41.2431,40.07,40.81,399355.0,497280
266,2020-09-25,40.99,42.3,40.8177,42.16,667517.0,497280
267,2020-09-28,42.94,43.13,42.2995,42.74,339120.0,497280
268,2020-09-29,42.71,43.17,42.54,42.77,286840.0,497280
269,2020-09-30,42.66,43.31,42.41,42.73,425434.0,497280
270,2020-10-01,43.31,43.85,43.0,43.66,382336.0,497280
271,2020-10-02,42.685,43.97,42.52,43.08,404767.0,497280
272,2020-10-05,43.45,43.8898,43.14,43.83,327161.0,497280
273,2020-10-06,43.9,44.97,43.77,44.09,516213.0,497280
274,2020-10-07,44.64,45.58,44.5773,45.39,379059.0,497280
275,2020-10-08,46.0,46.03,45.1795,45.36,393703.0,497280
276,2020-10-09,45.65,46.7162,45.65,46.67,551771.0,497280
277,2020-10-12,47.35,47.64,46.73,47.34,574457.0,497280
278,2020-10-13,47.62,48.25,47.5,48.04,594724.0,497280
279,2020-10-14,48.3,48.34,46.82,47.38,881217.0,497280
280,2020-10-15,46.12,47.09,45.67,47.07,568963.0,497280
281,2020-10-16,47.47,47.6133,46.9927,47.19,262045.0,497280
282,2020-10-19,47.46,47.91,46.61,46.79,342067.0,497280
283,2020-10-20,47.02,47.21,46.22,46.25,361805.0,497280
284,2020-10-21,46.2,46.57,45.1365,45.25,404326.0,497280
285,2020-10-22,45.27,45.605,44.17,45.01,560226.0,497280
286,2020-10-23,45.13,45.47,44.534,45.47,207680.0,497280
287,2020-10-26,45.1,45.66,43.74,44.53,616412.0,497280
288,2020-10-27,44.72,45.48,44.651,44.95,342400.0,497280
289,2020-10-28,44.14,44.28,43.14,43.5,527341.0,497280
290,2020-10-29,43.76,43.95,43.22,43.42,868868.0,497280
291,2020-10-30,43.08,43.2,41.53,42.03,583800.0,497280
292,2020-11-02,42.25,42.6041,40.8087,41.46,665937.0,497280
293,2020-11-03,41.79,42.625,41.49,42.46,264374.0,497280
294,2020-11-04,43.9,45.32,43.848,45.09,777689.0,497280
295,2020-11-05,46.31,46.6938,45.9,46.6,521973.0,497280
296,2020-11-06,46.5,47.0,45.74,46.67,460485.0,497280
297,2020-11-09,46.018,46.29,44.02,44.04,838734.0,497280
298,2020-11-10,43.81,44.0,41.61,42.97,1076028.0,497280
299,2020-11-11,43.51,44.44,43.47,44.22,373616.0,497280
300,2020-11-12,44.45,45.13,44.1801,44.5,343788.0,497280
301,2020-11-13,44.81,44.96,43.86,44.23,584534.0,497280
302,2020-11-16,44.24,44.24,43.31,44.09,644802.0,497280
303,2020-11-17,44.1,44.91,43.91,44.84,320075.0,497280
304,2020-11-18,44.85,45.11,44.26,44.6,232350.0,497280
305,2020-11-19,44.54,45.93,44.54,45.73,211192.0,497280
306,2020-11-20,45.72,46.64,45.5,46.16,295052.0,497280
307,2020-11-23,46.3,46.55,45.6,46.36,328704.0,497280
308,2020-11-24,46.49,46.5,45.82,46.06,451820.0,497280
309,2020-11-25,46.27,47.6,46.26,47.56,895636.0,497280
310,2020-11-27,47.85,48.6,47.7601,48.51,253491.0,497280
311,2020-11-30,48.96,49.18,47.59,48.99,694725.0,497280
312,2020-12-01,49.23,49.23,47.821,48.42,366080.0,497280
313,2020-12-02,47.85,47.98,46.9082,47.97,223926.0,497280
314,2020-12-03,48.36,49.639,48.36,49.01,368541.0,497280
315,2020-12-04,49.3,49.94,49.12,49.51,305750.0,497280
316,2020-12-07,49.56,50.11,49.56,49.95,299577.0,497280
317,2020-12-08,50.23,50.799,50.11,50.64,344187.0,497280
318,2020-12-09,50.57,50.639,48.685,49.06,581609.0,497280
319,2020-12-10,48.46,50.6,48.41,50.58,306409.0,497280
320,2020-12-11,50.24,50.92,49.82,50.75,217381.0,497280
321,2020-12-14,51.1,51.75,51.01,51.46,423232.0,497280
322,2020-12-15,51.7,52.21,51.21,51.61,539360.0,497280
323,2020-12-16,51.8,52.64,51.702,52.51,368237.0,497280
324,2020-12-17,53.04,54.06,53.04,53.93,499527.0,497280
325,2020-12-18,54.41,54.99,54.0271,54.88,378340.0,497280
326,2020-12-21,54.58,55.482,54.2635,55.33,676979.0,497280
327,2020-12-22,55.7,57.21,55.58,57.2,586225.0,497280
328,2020-12-23,57.38,57.38,55.88,56.15,646704.0,497280
329,2020-12-24,56.26,56.7829,55.905,56.0,319193.0,497280
330,2020-12-28,56.66,56.9,54.5,54.52,613909.0,497280
331,2020-12-29,54.86,54.97,53.241,53.72,461685.0,497280
332,2020-12-30,54.04,54.29,53.76,53.97,396088.0,497280
333,2020-12-31,53.95,54.0,53.26,53.58,264371.0,497280
334,2021-01-04,53.81,53.95,51.57,52.64,709628.0,497280
335,2021-01-05,52.46,53.17,52.32,53.1,367464.0,497280
336,2021-01-06,52.02,52.39,51.32,51.41,763830.0,497280
337,2021-01-07,52.142,53.55,52.0,53.51,512227.0,497280
338,2021-01-08,54.0063,55.1799,54.0063,54.73,530000.0,497280
339,2021-01-11,54.19,54.9273,53.31,54.27,353812.0,497280
340,2021-01-12,54.58,54.74,53.8225,54.54,369651.0,497280
341,2021-01-13,54.58,55.08,54.2,54.5,282876.0,497280
342,2021-01-14,54.85,55.34,54.4,54.52,320129.0,497280
343,2021-01-15,54.68,55.2657,53.82,53.91,272607.0,497280
344,2021-01-19,54.63,55.149,54.1853,55.07,856608.0,497280
345,2021-01-20,55.76,56.22,55.56,55.96,478241.0,497280
346,2021-01-21,56.28,56.33,55.41,55.78,353067.0,497280
347,2021-01-22,55.47,56.19,55.47,56.15,300641.0,497280
348,2021-01-25,56.63,57.23,54.32,55.46,522853.0,497280
349,2021-01-26,55.65,55.65,54.08,54.16,356401.0,497280
350,2021-01-27,53.47,54.27,51.65,52.99,569980.0,497280
351,2021-01-28,53.46,54.87,53.3,54.43,313636.0,497280
352,2021-01-29,54.19,54.39,52.97,53.74,299254.0,497280
353,2021-02-01,54.12,55.05,53.77,54.94,494521.0,497280
354,2021-02-02,55.45,56.88,55.45,56.79,363581.0,497280
355,2021-02-03,56.96,56.97,55.87,56.39,274008.0,497280
356,2021-02-04,56.76,57.62,56.43,57.62,327634.0,497280
357,2021-02-05,57.8,58.83,57.67,58.7,525042.0,497280
358,2021-02-08,59.15,59.87,58.86,59.13,604251.0,497280
359,2021-02-09,59.03,59.87,59.0,59.8,284441.0,497280
360,2021-02-10,60.23,60.55,58.84,59.88,469266.0,497280
361,2021-02-11,60.27,60.49,59.48,60.08,664728.0,497280
362,2021-02-12,59.86,60.48,59.32,60.4,269672.0,497280
363,2021-02-16,60.97,61.05,59.08,59.7,607711.0,497280
364,2021-02-17,59.121,59.22,57.8659,59.02,348310.0,497280
365,2021-02-18,58.4,59.3597,57.8,59.15,287489.0,497280
366,2021-02-19,59.67,60.23,59.39,59.79,421640.0,497280
367,2021-02-22,58.99,59.02,56.37,56.57,1033860.0,497280
368,2021-02-23,54.39,55.61,52.02,55.49,2211918.0,497280
369,2021-02-24,54.98,56.22,54.21,56.11,468073.0,497280
370,2021-02-25,55.47,56.22,52.65,53.08,806920.0,497280
371,2021-02-26,53.62,54.1,51.99,53.15,695051.0,497280
372,2021-03-01,54.45,55.41,54.1,55.3,529850.0,497280
373,2021-03-02,55.81,55.81,53.72,53.72,387849.0,497280
374,2021-03-03,53.66,53.66,50.6,50.8,1045518.0,497280
375,2021-03-04,50.27,50.8,47.47,48.78,1727682.0,497280
376,2021-03-05,49.23,49.46,45.09,48.54,1137599.0,497280
377,2021-03-08,48.53,49.33,46.25,46.34,791338.0,497280
378,2021-03-09,48.24,49.874,48.24,49.52,743079.0,497280
379,2021-03-10,50.35,50.97,48.8167,48.98,532045.0,497280
380,2021-03-11,50.25,51.6,50.14,51.38,838085.0,497280
381,2021-03-12,50.399,50.68,49.43,50.67,809485.0,497280
382,2021-03-15,50.72,51.27,50.235,51.27,293504.0,497280
383,2021-03-16,51.45,51.98,49.95,50.56,292197.0,497280
384,2021-03-17,49.82,51.206,48.96,50.68,507806.0,497280
385,2021-03-18,49.315,49.7,47.83,48.04,710426.0,497280
386,2021-03-19,48.23,49.24,47.6691,48.83,216209.0,497280
387,2021-03-22,49.02,50.21,49.02,49.8,256790.0,497280
388,2021-03-23,50.05,50.2203,49.36,49.59,485703.0,497280
389,2021-03-24,49.72,49.8165,47.12,47.23,390346.0,497280
390,2021-03-25,46.4,47.3,45.91,47.11,484450.0,497280
391,2021-03-26,47.31,47.9325,46.0325,47.54,1051148.0,497280
392,2021-03-29,47.5,47.6,45.87,46.25,303874.0,497280
393,2021-03-30,45.76,46.5434,45.24,46.4,301802.0,497280
394,2021-03-31,46.9,48.5,46.9,48.16,662088.0,497280
395,2021-04-01,49.09,50.1,49.09,49.51,830080.0,497280
396,2021-04-05,50.05,50.05,48.99,49.47,234256.0,497280
397,2021-04-06,49.47,50.6404,49.12,50.19,181977.0,497280
398,2021-04-07,50.01,50.33,49.4708,49.6,136130.0,497280
399,2021-04-08,50.06,50.94,50.06,50.83,331903.0,497280
400,2021-04-09,50.61,50.75,49.6415,50.74,340887.0,497280
401,2021-04-12,50.47,51.13,49.89,50.89,152412.0,497280
402,2021-04-13,51.19,52.48,51.19,52.26,357348.0,497280
403,2021-04-14,52.54,53.19,51.49,51.61,325956.0,497280
404,2021-04-15,52.24,52.79,51.9755,52.65,255986.0,497280
405,2021-04-16,52.69,52.69,51.522,51.98,142365.0,497280
406,2021-04-19,51.83,52.11,50.575,50.84,258896.0,497280
407,2021-04-20,50.86,51.14,49.48,49.87,456867.0,497280
408,2021-04-21,49.66,50.62,49.32,50.54,120841.0,497280
409,2021-04-22,50.63,52.0153,50.63,51.04,284381.0,497280
410,2021-04-23,51.21,51.97,51.21,51.86,130264.0,497280
411,2021-04-26,52.42,53.66,52.2424,53.61,171925.0,497280
412,2021-04-27,53.79,53.89,53.0829,53.26,250510.0,497280
413,2021-04-28,53.09,53.6299,52.65,53.33,113685.0,497280
414,2021-04-29,53.61,53.61,51.35,51.93,241874.0,497280
415,2021-04-30,51.45,52.46,51.2,51.26,98212.0,497280
416,2021-05-03,51.62,51.63,49.94,49.95,515713.0,497280
417,2021-05-04,49.24,49.25,47.25,48.2,583035.0,497280
418,2021-05-05,48.74,49.0,47.25,47.59,408821.0,497280
419,2021-05-06,47.33,47.33,45.47,46.22,759674.0,497280
420,2021-05-07,47.24,48.0499,46.675,46.91,242428.0,497280
421,2021-05-10,46.68,46.68,45.49,45.77,702370.0,497280
422,2021-05-11,44.06,47.156,43.86,46.85,544471.0,497280
423,2021-05-12,45.88,46.28,44.6926,45.13,552340.0,497280
424,2021-05-13,45.66,46.1289,43.87,44.5,450848.0,497280
425,2021-05-14,44.98,46.27,44.745,46.13,299357.0,497280
426,2021-05-17,45.72,46.21,45.11,45.74,211869.0,497280
427,2021-05-18,45.97,47.0,45.74,46.39,353852.0,497280
428,2021-05-19,45.13,46.48,45.113,46.33,276683.0,497280
429,2021-05-20,46.81,47.91,46.74,47.71,182878.0,497280
430,2021-05-21,48.19,48.47,47.67,47.84,1762381.0,497280
431,2021-05-24,48.26,48.75,48.02,48.5,658836.0,497280
432,2021-05-25,48.74,49.0,48.49,48.52,130826.0,497280
433,2021-05-26,48.96,49.57,48.88,49.42,449559.0,497280
434,2021-05-27,48.96,49.4,47.99,49.21,184604.0,497280
435,2021-05-28,49.74,50.34,49.51,49.56,461775.0,497280
436,2021-06-01,49.69,49.83,48.55,49.279,239186.0,497280
437,2021-06-02,49.36,49.81,49.06,49.55,256448.0,497280
438,2021-06-03,49.12,49.31,48.38,48.56,254097.0,497280
439,2021-06-04,48.93,49.5485,48.93,49.29,135170.0,497280
440,2021-06-07,49.11,50.2,48.9,50.18,468459.0,497280
441,2021-06-08,50.4,51.02,50.1,50.69,186156.0,497280
442,2021-06-09,50.93,51.28,50.41,50.43,170963.0,497280
443,2021-06-10,50.48,51.7,50.36,51.66,226123.0,497280
444,2021-06-11,51.63,52.55,51.49,52.49,259092.0,497280
445,2021-06-14,52.63,53.4,52.42,53.13,359293.0,497280
446,2021-06-15,52.95,53.24,52.19,52.34,273639.0,497280
447,2021-06-16,52.3,53.1723,51.9053,52.83,235900.0,497280
448,2021-06-17,52.44,54.6855,52.3,54.53,635217.0,497280
449,2021-06-18,54.38,55.43,54.36,55.28,320526.0,497280
450,2021-06-21,55.22,55.62,54.0579,55.27,339004.0,497280
451,2021-06-22,55.07,55.92,55.07,55.89,252350.0,497280
452,2021-06-23,55.89,56.519,55.81,56.25,224985.0,497280
453,2021-06-24,56.5,57.1543,56.32,56.57,216096.0,497280
454,2021-06-25,56.67,56.9148,55.9766,56.51,233553.0,497280
455,2021-06-28,56.87,57.41,56.73,56.99,508874.0,497280
456,2021-06-29,56.99,57.33,56.7735,57.05,185143.0,497280
457,2021-06-30,56.95,56.99,55.87,55.89,312807.0,497280
458,2021-07-01,55.78,56.33,55.25,55.81,293607.0,497280
459,2021-07-02,56.28,56.735,56.12,56.37,194157.0,497280
460,2021-07-06,56.5,57.76,56.5,57.48,380770.0,497280
461,2021-07-07,57.91,58.12,56.82,57.36,221115.0,497280
462,2021-07-08,55.96,57.13,55.3809,56.81,269485.0,497280
463,2021-07-09,56.93,57.39,56.3,57.39,179237.0,497280
464,2021-07-12,57.78,58.0984,56.3619,56.73,304111.0,497280
465,2021-07-13,56.57,57.2599,56.18,56.4,292932.0,497280
466,2021-07-14,56.8404,56.8404,55.0915,55.17,322650.0,497280
467,2021-07-15,55.04,55.52,53.74,54.26,338417.0,497280
468,2021-07-16,54.7,55.05,54.23,54.49,281512.0,497280
469,2021-07-19,53.68,54.979,53.39,54.97,302485.0,497280
470,2021-07-20,55.25,56.8119,54.75,56.37,260894.0,497280
471,2021-07-21,56.33,57.05,55.78,57.02,170298.0,497280
472,2021-07-22,57.21,57.92,57.21,57.75,299352.0,497280
473,2021-07-23,57.77,58.23,57.52,58.2,181267.0,497280
474,2021-07-26,58.08,58.13,57.57,57.9,180204.0,497280
475,2021-07-27,57.805,57.99,55.7261,56.81,343085.0,497280
476,2021-07-28,57.06,58.07,56.91,57.91,311975.0,497280
477,2021-07-29,57.85,58.54,57.73,57.95,166591.0,497280
478,2021-07-30,57.45,58.23,57.2617,57.36,139535.0,497280
479,2021-08-02,57.48,58.1,56.61,57.66,176483.0,497280
480,2021-08-03,57.78,58.25,57.0,57.54,180779.0,497280
481,2021-08-04,57.69,58.65,57.69,58.64,253484.0,497280
482,2021-08-05,58.71,59.6,58.45,59.46,264909.0,497280
483,2021-08-06,59.28,59.5,58.12,58.7,231265.0,497280
484,2021-08-09,58.61,59.15,58.354,58.9,113282.0,497280
485,2021-08-10,58.97,59.23,57.5372,57.76,316168.0,497280
486,2021-08-11,57.98,57.98,56.67,57.44,247165.0,497280
487,2021-08-12,57.35,58.38,57.24,58.26,166134.0,497280
488,2021-08-13,58.15,58.45,57.83,58.06,138124.0,497280
489,2021-08-16,57.76,57.76,56.22,57.15,422580.0,497280
490,2021-08-17,56.59,56.94,56.04,56.68,329003.0,497280
491,2021-08-18,56.66,57.33,56.43,56.61,406502.0,497280
492,2021-08-19,56.17,56.97,56.17,56.42,179892.0,497280
493,2021-08-20,56.46,57.18,56.43,57.05,174107.0,497280
494,2021-08-23,57.35,58.467,57.2674,58.43,515069.0,497280
495,2021-08-24,58.76,59.5,58.76,59.45,193792.0,497280
496,2021-08-25,59.64,59.9098,59.36,59.71,115479.0,497280
497,2021-08-26,59.93,60.45,59.39,59.47,340532.0,497280
498,2021-08-27,59.77,61.0,59.65,60.85,276030.0,497280
499,2021-08-30,61.01,61.49,60.5276,61.33,146618.0,497280
500,2021-08-31,61.07,61.18,60.62,60.92,177665.0,497280
501,2021-09-01,61.23,62.0,61.23,61.63,158377.0,497280
502,2021-09-02,61.9,62.36,61.52,62.08,147997.0,497280
503,2021-09-03,62.07,63.2877,62.0,63.07,112595.0,497280
504,2021-09-07,63.29,63.3735,62.35,62.71,157864.0,497280
505,2021-09-08,62.34,62.34,61.18,61.23,301304.0,497280
506,2021-09-09,61.21,61.876,61.02,61.23,260168.0,497280
507,2021-09-10,61.39,61.56,60.17,60.2,218136.0,497280
508,2021-09-13,60.41,60.41,58.9216,59.85,287741.0,497280
509,2021-09-14,60.11,60.49,59.8,60.07,312101.0,497280
510,2021-09-15,60.06,60.48,59.53,60.45,236151.0,497280
511,2021-09-16,60.37,61.45,60.13,61.43,125523.0,497280
512,2021-09-17,61.54,61.81,60.78,61.33,313303.0,497280
513,2021-09-20,59.8,60.5,58.99,59.77,464943.0,497280
514,2021-09-21,60.2,60.5568,59.66,60.14,181574.0,497280
515,2021-09-22,60.27,61.015,59.98,60.87,132050.0,497280
516,2021-09-23,61.32,61.8367,60.78,61.73,122174.0,497280
517,2021-09-24,61.39,61.5,60.66,61.41,112031.0,497280
518,2021-09-27,60.75,60.75,59.77,60.24,407351.0,497280
519,2021-09-28,59.4,59.4,57.46,57.49,376904.0,497280
520,2021-09-29,58.08,58.3062,57.06,57.15,162017.0,497280
521,2021-09-30,57.5,58.0,57.36,57.62,164557.0,497280
522,2021-10-01,57.79,58.31,56.8618,58.24,216926.0,497280
523,2021-10-04,57.89,57.89,55.14,55.7,572334.0,497280
524,2021-10-05,55.88,57.2,55.83,56.57,163080.0,497280
525,2021-10-06,55.89,57.5,55.85,57.38,239929.0,497280
526,2021-10-07,57.98,58.9356,57.98,58.41,453548.0,497280
527,2021-10-08,58.77,58.85,57.61,57.63,211541.0,497280
528,2021-10-11,57.259,58.3,56.991,57.33,104219.0,497280
529,2021-10-12,57.68,58.79,57.56,58.4,94473.0,497280
530,2021-10-13,58.86,60.45,58.86,60.41,218609.0,497280
531,2021-10-14,61.22,62.03,61.22,61.57,180852.0,497280
532,2021-10-15,61.86,61.86,61.14,61.31,118117.0,497280
533,2021-10-18,61.21,62.07,61.1999,62.04,199950.0,497280
534,2021-10-19,62.429,63.028,62.05,62.74,160808.0,497280
535,2021-10-20,62.99,63.25,62.155,62.58,291976.0,497280
536,2021-10-21,62.46,63.71,62.4,63.47,366862.0,497280
537,2021-10-22,63.4,63.56,62.4,62.8,430851.0,497280
538,2021-10-25,63.04,63.7,62.64,63.33,210317.0,497280
539,2021-10-26,63.82,64.0,62.39,62.75,204215.0,497280
540,2021-10-27,62.86,63.22,61.53,61.56,207753.0,497280
541,2021-10-28,61.52,62.56,61.21,62.33,202224.0,497280
542,2021-10-29,61.7,62.79,61.59,62.6,233610.0,497280
543,2021-11-01,62.74,63.12,62.47,63.12,131314.0,497280
544,2021-11-02,63.12,63.17,62.04,62.38,158952.0,497280
545,2021-11-03,62.56,62.99,61.81,62.88,132158.0,497280
546,2021-11-04,63.32,64.3,63.1841,63.78,245534.0,497280
547,2021-11-05,64.62,64.75,63.07,63.49,154275.0,497280
548,2021-11-08,63.64,64.5,63.4419,64.29,247800.0,497280
549,2021-11-09,64.85,65.51,64.11,65.33,187374.0,497280
550,2021-11-10,64.91,65.3696,62.35,62.86,496732.0,497280
551,2021-11-11,63.64,63.98,62.93,63.01,238995.0,497280
552,2021-11-12,63.54,64.21,63.4,64.21,140504.0,497280
553,2021-11-15,64.49,64.49,63.255,63.6,182488.0,497280
554,2021-11-16,63.56,64.22,63.21,64.22,291786.0,497280
555,2021-11-17,64.19,64.4,62.68,63.01,199191.0,497280
556,2021-11-18,63.19,63.19,61.72,62.14,139714.0,497280
557,2021-11-19,62.31,62.7135,61.1801,61.21,241791.0,497280
558,2021-11-22,61.25,61.25,57.48,57.8,533683.0,497280
559,2021-11-23,57.19,57.81,55.4,56.44,650587.0,497280
560,2021-11-24,55.7,57.48,55.33,57.4,415438.0,497280
561,2021-11-26,56.98,58.0643,56.581,57.13,332704.0,497280
562,2021-11-29,57.74,57.97,56.6201,57.66,479748.0,497280
563,2021-11-30,57.6,58.24,55.5018,56.29,340370.0,497280
564,2021-12-01,57.13,57.27,52.45,52.59,967858.0,497280
565,2021-12-02,52.53,53.692,51.7836,53.48,717164.0,497280
566,2021-12-03,53.3,53.3199,49.65,50.99,710984.0,497280
567,2021-12-06,50.69,51.369,49.0,51.21,462753.0,497280
568,2021-12-07,52.8,54.5099,52.8,54.08,593897.0,497280
569,2021-12-08,54.27,55.64,53.2,55.37,395262.0,497280
570,2021-12-09,55.34,55.78,53.0,53.34,371620.0,497280
571,2021-12-10,53.54,54.37,52.04,52.25,367200.0,497280
572,2021-12-13,52.26,53.27,51.32,52.08,539358.0,497280
573,2021-12-14,50.96,51.4,49.6801,50.71,343025.0,497280
574,2021-12-15,50.55,52.25,49.8063,52.01,523646.0,497280
575,2021-12-16,52.22,52.275,49.37,49.99,622818.0,497280
576,2021-12-17,49.36,51.58,48.74,51.54,317439.0,497280
577,2021-12-20,50.42,51.54,49.93,50.82,864570.0,497280
578,2021-12-21,51.4,53.17,50.81,53.05,292447.0,497280
579,2021-12-22,53.03,53.66,52.5,53.02,197821.0,497280
580,2021-12-23,53.24,53.3358,52.42,53.12,162213.0,497280
581,2021-12-27,53.22,53.68,52.98,53.23,221896.0,497280
582,2021-12-28,53.32,53.38,52.13,52.32,168029.0,497280
583,2021-12-29,52.28,52.44,51.35,52.05,422029.0,497280
584,2021-12-30,52.05,53.47,52.05,52.78,188882.0,497280
585,2021-12-31,52.57,52.98,51.85,51.86,162662.0,497280
0,2019-10-31,14.78008,14.78008,14.78008,14.78008,286.161223278,851607
1,2019-11-01,15.153761,15.173428,15.048245,15.129177,1725.817686782,851607
2,2019-11-04,15.320934,15.320934,15.261932,15.261932,536.92105811,851607
3,2019-11-05,15.370103,15.370103,15.146976,15.242264,1356.069851893,851607
4,2019-11-06,15.162906,15.162906,15.065258,15.104592,1116.127107976,851607
5,2019-11-07,15.140977,15.153761,15.094759,15.134094,1478.007967654,851607
6,2019-11-08,15.143927,15.222597,15.143927,15.222597,2147.684232439,851607
7,2019-11-11,15.045492,15.114426,15.045492,15.114426,11503.484501407,851607
8,2019-11-12,15.429105,15.429105,15.234889,15.234889,1338.369157669,851607
9,2019-11-13,15.340602,15.340602,15.152679,15.152679,5531.466944813,851607
10,2019-11-14,15.114426,15.153761,15.114426,15.153761,294.028198489,851607
11,2019-11-15,15.20293,15.252098,15.195849,15.212763,1321.651835347,851607
12,2019-11-18,15.22358,15.22358,15.186901,15.222597,1697.299901644,851607
13,2019-11-20,15.370103,15.370103,15.360269,15.360269,466.118281216,851607
14,2019-11-21,15.311101,15.345027,15.311101,15.331358,1842.838943036,851607
15,2019-11-22,15.415633,15.436874,15.350435,15.350435,917.485983913,851607
16,2019-11-25,15.606112,15.606112,15.516232,15.537964,679.509983798,851607
17,2019-11-26,15.535309,15.537276,15.535309,15.537276,211.42495878,851607
18,2019-11-27,15.586445,15.714283,15.579266,15.674948,3284.462150342,851607
19,2019-11-29,15.54711,15.596278,15.535703,15.535703,996.155736017,851607
20,2019-12-02,15.527442,15.527442,15.493024,15.493024,712.944628443,851607
21,2019-12-03,15.38977,15.507775,15.38151,15.473652,2140.80062913,851607
22,2019-12-06,15.822454,15.822454,15.537276,15.737982,11395.313592264,851607
23,2019-12-09,15.73395,15.73395,15.596278,15.596278,589.039768879,851607
24,2019-12-10,15.73395,15.73395,15.680258,15.680258,643.12522345,851607
25,2019-12-13,15.959339,15.989627,15.944884,15.944884,1391.47124034,851607
26,2019-12-16,16.058463,16.058463,15.989627,16.024045,1982.477753021,851607
27,2019-12-17,15.989627,16.019128,15.989627,16.019128,367.781091086,851607
28,2019-12-18,16.019128,16.019128,15.979793,15.979793,2870.462579895,851607
29,2019-12-19,16.033682,16.065248,16.028962,16.043713,2663.954480622,851607
30,2019-12-20,16.02906,16.132216,16.02906,16.132216,3363.131902446,851607
31,2019-12-23,16.196135,16.196135,16.137133,16.166634,2259.788629187,851607
32,2019-12-24,16.186301,16.186301,16.088849,16.14205,1665.832000802,851607
33,2019-12-26,16.1568,16.23547,16.137526,16.205969,2047.380298507,851607
34,2019-12-27,16.225636,16.240387,16.196135,16.196135,3654.209985231,851607
35,2019-12-30,16.262905,16.262905,16.105299,16.105299,2194.654860132,851607
36,2019-12-31,16.12766,16.12766,16.12766,16.12766,518.127673442,851607
37,2020-01-02,16.371258,16.489462,16.371258,16.464246,3533.315522124,851607
38,2020-01-03,16.42839,16.509163,16.415585,16.457941,3955.894936395,851607
39,2020-01-06,16.351558,16.543639,16.351558,16.530538,2961.996034298,851607
40,2020-01-07,16.647068,16.647068,16.558415,16.612592,1354.421199588,851607
41,2020-01-08,16.734736,16.844075,16.686469,16.794823,4982.299947283,851607
42,2020-01-09,16.872641,16.934402,16.866927,16.934402,4359.758712272,851607
43,2020-01-10,16.962279,16.972129,16.840824,16.849985,3897.777954013,851607
44,2020-01-13,17.100183,17.188836,17.015569,17.183911,8710.652122147,851607
45,2020-01-14,17.119884,17.150617,16.99183,17.100183,13246.731848766,851607
46,2020-01-15,17.110034,17.149435,17.075557,17.105404,5437.385470344,851607
47,2020-01-16,17.218387,17.218387,17.090431,17.159482,3173.778258233,851607
48,2020-01-17,17.218387,17.218387,17.060782,17.169136,6704.138679558,851607
49,2020-01-21,17.139585,17.139585,16.996755,16.996755,10571.38059198,851607
50,2020-01-22,17.151208,17.151208,17.016455,17.016455,1244.097436421,851607
51,2020-01-23,17.021381,17.060782,17.021381,17.041081,2283.307884105,851607
52,2020-01-24,17.178986,17.178986,16.883476,16.883476,4779.383025744,851607
53,2020-01-27,16.469762,16.745571,16.43036,16.588557,8036.889139952,851607
54,2020-01-28,16.69632,16.864071,16.69632,16.855402,4728.16127856,851607
55,2020-01-29,17.01153,17.01153,16.824374,16.824374,6314.065374077,851607
56,2020-01-30,16.587966,16.735721,16.524431,16.735721,2574.877829616,851607
57,2020-01-31,16.499313,16.499313,16.343283,16.375691,1227.351865226,851607
58,2020-02-03,16.617517,16.623821,16.597816,16.612592,4744.906849755,851607
59,2020-02-04,16.70617,16.978236,16.70617,16.95952,22974.923679403,851607
60,2020-02-05,16.972129,17.128946,16.972129,17.016455,3454.512834148,851607
61,2020-02-06,17.070632,17.255129,17.070632,17.255129,1981.887602596,851607
62,2020-02-07,17.218387,17.218387,16.942578,17.015569,3844.586139629,851607
63,2020-02-10,17.01153,17.162437,16.962279,17.162437,871216.907389064,851607
64,2020-02-11,17.336591,17.336591,17.177902,17.184207,3357.979541377,851607
65,2020-02-12,17.238088,17.395693,17.238088,17.361217,8411.201907838,851607
66,2020-02-13,17.356292,17.533598,17.28734,17.28734,8469.318890221,851607
67,2020-02-14,17.484346,17.632101,17.44987,17.622251,4876.901352115,851607
68,2020-02-18,17.563149,17.563149,17.395693,17.418546,9232.719929988,851607
69,2020-02-19,17.730605,17.868411,17.661652,17.730605,10280.795680069,851607
70,2020-02-20,17.740455,17.907911,17.6059,17.670518,173557.995099142,851607
71,2020-02-21,17.710904,17.710904,17.484346,17.504047,6082.582478148,851607
72,2020-02-24,16.932728,17.198687,16.874217,16.96809,855693.762891392,851607
73,2020-02-25,17.563149,17.563149,16.745571,16.745571,24082.101445466,851607
74,2020-02-26,16.745571,17.218387,16.745571,16.967204,888815.517681304,851607
75,2020-02-27,16.893326,16.893326,16.243204,16.351558,15490.638388882,851607
76,2020-02-28,15.957544,16.499313,15.868891,16.499313,9693.715654648,851607
77,2020-03-02,16.519013,16.903177,16.341707,16.617517,10016.806675349,851607
78,2020-03-03,16.932728,16.962279,16.545412,16.618699,3766.768485253,851607
79,2020-03-04,17.090333,17.435095,17.041081,17.435095,9507.544304304,851607
80,2020-03-05,16.873626,17.28734,16.873626,17.221933,10028.627078546,851607
81,2020-03-06,16.755422,16.932728,16.627367,16.932728,5579.230308701,851607
82,2020-03-09,15.770388,16.381109,15.764281,16.056048,919322.993297613,851607
83,2020-03-10,16.597816,16.597816,16.099192,16.571023,147706.773308615,851607
84,2020-03-11,16.11515,16.282605,15.859041,15.918143,4299.671662691,851607
85,2020-03-12,15.199068,15.346823,14.66715,14.677001,10170.471916903,851607
86,2020-03-13,15.662034,15.662034,14.795205,15.484728,4320.357368284,851607
87,2020-03-16,13.839722,14.627749,13.767815,14.411042,12824.152434494,851607
88,2020-03-17,14.568647,15.199068,13.962851,15.008267,13224.076075973,851607
89,2020-03-18,14.37164,14.755803,13.898824,14.216596,9172.632880406,851607
90,2020-03-19,14.366715,14.430742,14.282987,14.429757,11053.062022234,851607
91,2020-03-20,14.795205,15.149817,13.938225,14.177983,87676.855675697,851607
92,2020-03-23,14.06628,14.479895,13.879123,14.253436,11119.059273414,851607
93,2020-03-24,15.336973,15.809789,15.186854,15.312347,6012.645092569,851607
94,2020-03-25,15.494579,15.691585,15.011912,15.168335,17163.225441173,851607
95,2020-03-26,15.445327,15.878742,15.445327,15.824565,10513.263609598,851607
96,2020-03-27,15.671885,15.82949,15.415776,15.689024,16359.438023818,851607
97,2020-03-30,15.996946,16.046197,15.859041,15.989459,11217.562633384,851607
98,2020-03-31,16.056048,16.302306,15.986504,16.125,10375.35890564,851607
99,2020-04-01,15.859041,16.203803,15.760538,15.941784,9868.066601795,851607
100,2020-04-02,15.809789,16.233354,15.809789,16.171395,13054.650296824,851607
101,2020-04-03,16.105299,16.597816,16.006796,16.068262,9060.339050041,851607
102,2020-04-06,16.863775,16.863775,16.523742,16.70617,12893.104786473,851607
103,2020-04-07,17.30704,17.30704,16.538813,16.652584,18253.657636041,851607
104,2020-04-08,16.656918,16.656918,16.411645,16.543639,5772.296894242,851607
105,2020-04-09,16.913027,16.981979,16.538714,16.638695,10389.149376036,851607
106,2020-04-13,16.765272,16.922877,16.528864,16.834224,26896.342439809,851607
107,2020-04-14,17.277489,17.533598,17.101858,17.336591,21002.886412803,851607
108,2020-04-15,17.080483,17.521876,17.041081,17.319353,14621.838753947,851607
109,2020-04-16,17.641952,17.921701,17.58285,17.917761,34328.420949545,851607
110,2020-04-17,18.16402,18.16402,17.533697,17.805369,22305.100831607,851607
111,2020-04-20,17.927612,17.927612,17.710904,17.755625,39598.35070794,851607
112,2020-04-21,17.779856,17.779856,17.087575,17.380918,29093.952400739,851607
113,2020-04-22,17.710904,17.710904,17.316891,17.562263,16127.955127888,851607
114,2020-04-23,17.779856,17.779856,17.471442,17.484346,35589.263957161,851607
115,2020-04-24,17.641952,17.789707,17.385843,17.633185,129657.017627712,851607
116,2020-04-27,17.730605,17.996564,17.730605,17.809407,23352.191548088,851607
117,2020-04-28,18.361026,18.361026,17.612401,17.612401,13010.323784838,851607
118,2020-04-29,17.868509,18.016265,17.730605,17.907911,21124.045545567,851607
119,2020-04-30,17.572999,17.75267,17.474496,17.513897,18399.442608796,851607
120,2020-05-01,17.454795,17.454795,17.021479,17.198687,22614.401381913,851607
121,2020-05-04,17.031231,17.356292,17.031231,17.267639,862361.455327761,851607
122,2020-05-05,17.543448,17.848809,17.533598,17.632101,19783.414816375,851607
123,2020-05-06,17.710904,18.006414,17.710904,17.814333,31091.600540931,851607
124,2020-05-07,18.193571,18.22322,17.957163,18.188645,19041.684515801,851607
125,2020-05-08,18.193571,18.46938,18.193571,18.43579,31231.475312088,851607
126,2020-05-11,18.449679,18.626985,18.242822,18.558033,25075.015313963,851607
127,2020-05-12,18.794441,18.952046,18.597434,18.607285,50671.113402168,851607
128,2020-05-13,18.794343,18.912645,18.38053,18.511145,20182.353424253,851607
129,2020-05-14,18.587584,18.713767,18.341326,18.713767,21717.035772586,851607
130,2020-05-15,18.735339,18.94653,18.639791,18.94653,24685.927042082,851607
131,2020-05-18,19.415012,19.572618,19.080199,19.513516,57629.390750449,851607
132,2020-05-19,19.365761,19.690822,19.35591,19.592318,42021.533363202,851607
133,2020-05-20,19.956781,20.060209,19.72057,19.764699,52256.032464085,851607
134,2020-05-21,19.956781,19.956781,19.503665,19.809026,35019.914536534,851607
135,2020-05-22,19.94693,19.971556,19.643245,19.84823,30583.323203486,851607
136,2020-05-26,20.291692,20.291692,19.759774,19.907529,54778.703512917,851607
137,2020-05-27,20.045434,20.045434,19.001298,19.64157,1697912.266138887,851607
138,2020-05-28,19.65142,19.799175,19.415012,19.444563,29362.866573457,851607
139,2020-05-29,19.582468,20.153787,19.513614,20.08976,43167.127439653,851607
140,2020-06-01,20.212889,20.606804,20.212889,20.539822,57065.95153142,851607
141,2020-06-02,20.675855,20.754658,20.271991,20.727077,44856.460063139,851607
142,2020-06-03,20.931964,21.010767,20.5084,20.695556,59467.463447489,851607
143,2020-06-04,20.902413,20.902413,20.212889,20.459148,48814.325066733,851607
144,2020-06-05,20.606903,20.685706,20.350794,20.65251,31741.722716733,851607
145,2020-06-08,20.882712,20.882712,20.439447,20.695556,33709.819848933,851607
146,2020-06-09,20.754658,20.782436,20.574791,20.734957,32516.944159697,851607
147,2020-06-10,21.237324,21.345678,20.947725,21.345678,59040.943898819,851607
148,2020-06-11,21.079719,21.178222,20.597151,20.715257,64559.102124338,851607
149,2020-06-12,21.217624,21.237324,20.705406,21.020617,55457.39166311,851607
150,2020-06-15,20.82361,21.445166,20.685706,21.424481,62407.788742593,851607
151,2020-06-16,21.897297,21.897297,21.296426,21.651039,106015.226201312,851607
152,2020-06-17,21.828345,22.389814,21.828345,22.29131,138933.079036087,851607
153,2020-06-18,22.330712,22.384889,22.173106,22.350412,583725.986014222,851607
154,2020-06-19,22.616371,22.639815,22.399664,22.517868,114360.430857971,851607
155,2020-06-22,22.685324,22.754276,22.488416,22.734575,93277.756723592,851607
156,2020-06-23,23.069487,23.246793,22.882429,23.010385,135879.474877017,851607
157,2020-06-24,23.128589,23.128589,22.394739,22.626222,92654.230454981,851607
158,2020-06-25,22.557269,22.823229,22.340661,22.823229,72234.4839332,851607
159,2020-06-26,22.85278,22.85278,22.440346,22.695174,53406.551708535,851607
160,2020-06-29,22.746643,22.77621,22.342565,22.638232,79575.798837455,851607
161,2020-06-30,22.648087,22.914187,22.648087,22.746643,66635.442656833,851607
162,2020-07-01,22.717076,23.209164,22.717076,23.176641,91353.198407785,851607
163,2020-07-02,23.643499,23.712488,23.456243,23.48581,100710.071338388,851607
164,2020-07-06,24.323533,24.323533,23.653355,23.860322,446741.897392077,851607
165,2020-07-07,23.811044,24.077144,23.726877,23.850466,92865.042001164,851607
166,2020-07-08,23.949022,24.203985,23.949022,24.195411,103689.408484925,851607
167,2020-07-09,24.776889,24.776889,24.215122,24.6192,186054.332074181,851607
168,2020-07-10,24.638911,24.638911,24.343244,24.481222,124462.967325378,851607
169,2020-07-13,24.688189,24.737467,23.761766,23.820899,205099.224902387,851607
170,2020-07-14,23.554799,23.815972,23.022599,23.811044,140763.085442004,851607
171,2020-07-15,24.018011,24.027866,23.466099,23.66321,161065.548299644,851607
172,2020-07-16,23.239421,23.239421,22.904332,23.062021,105676.290286915,851607
173,2020-07-17,23.180288,23.222075,22.95361,23.071876,67833.879299303,851607
174,2020-07-20,23.30841,23.702633,23.160577,23.673066,118174.131621756,851607
175,2020-07-21,24.018011,24.018011,23.722344,23.771622,345681.953514151,851607
176,2020-07-22,23.653355,23.820899,23.456243,23.535088,95380.182060033,851607
177,2020-07-23,23.673066,23.673066,22.993032,23.13101,96543.138670325,851607
178,2020-07-24,22.855054,23.070792,22.569243,22.95361,103164.106897394,851607
179,2020-07-27,23.13101,23.535088,23.13101,23.495666,182741.876847748,851607
180,2020-07-28,23.406966,23.554799,23.259132,23.30841,56585.723542301,851607
181,2020-07-29,23.426677,23.75191,23.426677,23.692777,90145.89175727,851607
182,2020-07-30,23.347832,23.75191,23.341229,23.742055,242734.669035625,851607
183,2020-07-31,23.939166,24.087,23.75191,24.077144,310513.357173762,851607
184,2020-08-03,24.629056,25.052845,24.510789,25.013423,1177484.697912605,851607
185,2020-08-04,25.131689,25.456923,24.993712,25.456923,393886.505010755,851607
186,2020-08-05,25.831435,25.870857,25.639251,25.762446,240138.713347905,851607
187,2020-08-06,26.274935,26.284791,25.870857,26.077824,226303.471911228,851607
188,2020-08-07,26.067968,26.067968,25.390891,25.624468,171982.557089648,851607
189,2020-08-10,25.75259,25.792012,25.171112,25.249956,108033.74131388,851607
190,2020-08-11,24.983856,24.983856,24.414894,24.422089,190283.354798557,851607
191,2020-08-12,24.727611,25.092267,24.668478,25.092267,163533.381648942,851607
192,2020-08-13,25.476634,25.57519,25.230245,25.368223,153270.78234134,851607
193,2020-08-14,25.368223,25.456923,25.230245,25.338656,108000.2323946,851607
194,2020-08-17,25.506201,25.821579,25.48649,25.821579,147370.255878782,851607
195,2020-08-18,26.028546,26.265079,25.939846,26.245368,195979.871076089,851607
196,2020-08-19,26.373491,26.422768,26.117246,26.205946,166540.314376061,851607
197,2020-08-20,26.058113,26.167805,25.870857,26.156668,100040.878509246,851607
198,2020-08-21,26.156668,26.16268,26.01869,26.117246,75283.700500318,851607
199,2020-08-24,26.610024,26.728291,26.363635,26.610024,186507.688040905,851607
200,2020-08-25,26.550891,26.659302,26.273851,26.659302,303147.308270946,851607
201,2020-08-26,26.748002,27.083091,26.748002,26.97468,395168.713951424,851607
202,2020-08-27,26.994391,27.092947,26.521324,26.610024,110247.301099232,851607
203,2020-08-28,26.738146,26.807135,26.570602,26.718435,155100.960667876,851607
204,2020-08-31,26.866269,26.88598,26.610024,26.767713,1382645.027314855,851607
205,2020-09-01,26.964824,27.349191,26.905691,27.349191,145648.48876168,851607
206,2020-09-02,27.832114,27.920814,27.299914,27.536447,184398.597239189,851607
207,2020-09-03,27.497025,27.546303,26.279074,26.580457,489743.696392297,851607
208,2020-09-04,26.44248,26.541035,25.427356,26.324213,337577.722830735,851607
209,2020-09-08,25.594901,25.792012,25.194272,25.368223,141554.487270873,851607
210,2020-09-09,25.792012,26.146813,25.723023,26.077824,136345.821435794,851607
211,2020-09-10,26.284791,26.491757,25.673746,25.792012,125472.177129563,851607
212,2020-09-11,26.048257,26.127101,25.555479,25.821579,60834.457395664,851607
213,2020-09-14,26.235513,26.501613,26.117246,26.383346,110847.504976917,851607
214,2020-09-15,26.767713,26.861341,26.639591,26.826847,97704.124167718,851607
215,2020-09-16,27.083091,27.083091,26.610024,26.718435,326504.010565277,851607
216,2020-09-17,26.363635,26.679013,26.215802,26.679013,159415.726803349,851607
217,2020-09-18,26.964824,26.974581,26.324114,26.669158,92938.958734869,851607
218,2020-09-21,26.235513,26.767713,26.127101,26.767713,104421.676926829,851607
219,2020-09-22,26.826847,26.876124,26.422768,26.836702,155488.28435249,851607
220,2020-09-23,26.826847,26.915547,26.324213,26.422768,138349.457697424,851607
221,2020-09-24,26.087679,26.481902,26.01869,26.265079,316129.057822443,851607
222,2020-09-25,26.383346,26.640281,26.127101,26.560746,309157.231499387,851607
223,2020-09-28,26.807135,26.807135,26.53118,26.777569,298093.374798423,851607
224,2020-09-29,26.836702,26.846558,26.589327,26.669158,304619.72960635,851607
225,2020-09-30,26.698724,26.97468,26.610024,26.767713,141905.345366859,851607
226,2020-10-01,26.954969,27.290058,26.954969,27.221069,187742.590272004,851607
227,2020-10-02,26.560746,26.984536,26.521423,26.629735,141860.995326636,851607
228,2020-10-05,26.79728,26.97468,26.728291,26.954969,162462.081788444,851607
229,2020-10-06,26.915547,27.092947,26.659302,26.70858,164469.660275872,851607
230,2020-10-07,27.053525,27.083091,26.88598,26.984536,198093.889660052,851607
231,2020-10-08,27.142225,27.191502,26.945113,26.97468,66058.892133934,851607
232,2020-10-09,27.073236,27.260491,27.043669,27.260491,76183.51353862,851607
233,2020-10-12,27.506881,27.644858,27.437892,27.516736,165276.831007931,851607
234,2020-10-13,27.585725,27.585725,27.22304,27.526592,127355.575504367,851607
235,2020-10-14,27.595581,27.703992,27.12547,27.270347,161998.870257226,851607
236,2020-10-15,26.816991,26.954969,26.659302,26.905691,208320.023379026,851607
237,2020-10-16,27.06338,27.102802,26.856413,26.856413,131943.340776324,851607
238,2020-10-19,27.083091,27.171791,26.659302,26.748002,215399.275355066,851607
239,2020-10-20,26.915547,27.014102,26.70858,26.856413,451588.864010226,851607
240,2020-10-21,26.807135,26.97468,26.61988,26.743074,78085.637485962,851607
241,2020-10-22,27.023958,27.073236,26.590313,26.807135,228097.184649136,851607
242,2020-10-23,26.876124,27.004247,26.610024,26.836702,74307.999615412,851607
243,2020-10-26,26.560746,26.777569,26.325297,26.521324,192061.298633274,851607
244,2020-10-27,26.846558,27.142225,26.81226,27.122513,182256.983074643,851607
245,2020-10-28,26.846558,26.88598,26.422768,26.491757,186632.853709979,851607
246,2020-10-29,26.748002,27.083091,26.748002,26.954969,98439.349278971,851607
247,2020-10-30,26.61988,26.629735,26.01869,26.117246,126119.687716819,851607
248,2020-11-02,26.304502,26.422768,25.920135,26.117246,63819.707880897,851607
249,2020-11-03,26.353779,26.787424,26.314357,26.669158,123125.567223542,851607
250,2020-11-04,27.102802,27.590653,27.043669,27.536447,164853.041734689,851607
251,2020-11-05,28.265759,28.317106,27.901103,28.157348,179391.970476237,851607
252,2020-11-06,28.157348,28.334748,27.792692,28.28547,258286.749807157,851607
253,2020-11-09,28.679693,28.679693,26.915547,26.984536,510983.423433317,851607
254,2020-11-10,26.550891,26.550891,25.664777,25.831435,1438133.826528974,851607
255,2020-11-11,25.851146,26.156668,25.851146,26.067968,193822.488008352,851607
256,2020-11-12,26.452335,26.645406,26.350921,26.412913,165787.34924872,851607
257,2020-11-13,26.807135,26.895836,26.548033,26.816991,174048.283407591,851607
258,2020-11-16,26.767713,26.767713,26.412913,26.659302,205381.094046915,851607
259,2020-11-17,26.748002,26.807135,26.412913,26.53118,136594.181661042,851607
260,2020-11-18,26.777569,26.777569,26.136957,26.136957,118737.869910813,851607
261,2020-11-19,26.353779,27.102704,26.353779,27.014102,158528.725998889,851607
262,2020-11-20,27.102802,27.344264,27.102802,27.319625,156327.978447379,851607
263,2020-11-23,27.319625,27.378758,27.023958,27.24078,145158.667206328,851607
264,2020-11-24,27.339336,27.388614,27.053525,27.201358,221876.352340523,851607
265,2020-11-25,27.102802,27.299914,27.078163,27.270347,156663.067640175,851607
266,2020-11-27,27.93067,28.177059,27.851825,28.177059,220372.393198739,851607
267,2020-11-30,28.316614,28.423448,27.915492,28.226337,297991.862484135,851607
268,2020-12-01,28.364315,28.37417,27.952352,28.068648,190192.683605212,851607
269,2020-12-02,27.851825,27.989803,27.615292,27.989803,143896.169394647,851607
270,2020-12-03,28.19677,28.403737,28.088359,28.098214,133604.988950012,851607
271,2020-12-04,28.28547,28.664909,28.28547,28.659982,135433.196163649,851607
272,2020-12-07,28.630415,28.916226,28.37417,28.896515,230382.690055295,851607
273,2020-12-08,28.995071,29.221749,28.926082,29.221749,129617.42755574,851607
274,2020-12-09,29.458282,29.468138,28.679693,28.896515,233819.325394352,851607
275,2020-12-10,29.073915,29.073915,28.650126,29.044349,131979.806364952,851607
276,2020-12-11,29.083771,29.41886,29.083771,29.231604,127603.935729616,851607
277,2020-12-14,29.369582,29.566693,29.33016,29.409004,240846.342878574,851607
278,2020-12-15,29.537127,29.566693,29.359727,29.527271,127533.961221708,851607
279,2020-12-16,29.59626,29.970772,29.59626,29.941205,128495.864316323,851607
280,2020-12-17,30.404416,30.636022,30.355139,30.631094,252853.377101615,851607
281,2020-12-18,30.769072,31.025317,30.759217,31.005606,243083.556018712,851607
282,2020-12-21,30.808495,30.808495,30.19745,30.650806,267381.46472222,851607
283,2020-12-22,30.562105,30.629616,30.225834,30.424128,373669.785564212,851607
284,2020-12-23,30.55225,30.621239,30.246727,30.384705,150933.042443363,851607
285,2020-12-24,30.404416,30.491638,30.217161,30.384705,108503.851740244,851607
286,2020-12-28,30.55225,30.55225,29.822938,30.039761,216946.598980624,851607
287,2020-12-29,30.177738,30.498143,30.118605,30.37485,115591.973724328,851607
288,2020-12-30,30.659489,31.086142,30.629722,31.086142,128756.954532723,851607
289,2020-12-31,31.096064,31.135753,30.656314,30.808321,124080.638314326,851607
290,2021-01-04,31.135753,31.324274,30.659489,30.877777,252699.674757858,851607
291,2021-01-05,31.234974,31.711238,31.056375,31.711238,295485.041117607,851607
292,2021-01-06,31.423496,31.651705,31.155597,31.264741,289396.800863823,851607
293,2021-01-07,31.175441,31.681472,31.125731,31.681472,236221.935857175,851607
294,2021-01-08,32.058514,32.336236,31.889837,32.326413,204634.72456656,851607
295,2021-01-11,31.989059,32.197424,31.750927,31.850149,207775.089690945,851607
296,2021-01-12,32.03867,32.118047,31.612017,31.929526,269406.61566288,851607
297,2021-01-13,32.118047,32.564545,31.94937,32.425634,134742.9964902,851607
298,2021-01-14,32.753066,33.039816,32.643922,32.703455,2106585.699715059,851607
299,2021-01-15,32.614155,32.643823,32.048592,32.286724,160067.337428487,851607
300,2021-01-19,32.743143,32.961431,32.643922,32.862209,287361.764885904,851607
301,2021-01-20,33.209485,33.318629,33.040808,33.22933,363632.452641465,851607
302,2021-01-21,33.22933,33.27894,32.951509,33.219407,237063.335422887,851607
303,2021-01-22,33.239252,33.715416,33.239252,33.695671,297248.20978302,851607
304,2021-01-25,34.529133,34.57676,33.344923,33.824659,743147.314302213,851607
305,2021-01-26,33.755204,33.755204,33.070575,33.130108,319069.034369268,851607
306,2021-01-27,32.941587,33.169797,32.377909,32.564545,498555.040312554,851607
307,2021-01-28,32.564545,33.000128,32.346257,32.713377,283201.401231387,851607
308,2021-01-29,32.296646,32.425634,31.850248,32.078358,241934.126069208,851607
309,2021-02-01,32.872132,33.09032,32.743143,33.030886,424980.204703266,851607
310,2021-02-02,33.318629,33.556761,33.080497,33.517072,453217.693194537,851607
311,2021-02-03,33.745282,33.904037,33.544061,33.755204,373028.742602895,851607
312,2021-02-04,33.943725,33.943725,33.536917,33.804815,215825.934120411,851607
313,2021-02-05,34.320768,34.687888,34.210334,34.588666,387274.986664797,851607
314,2021-02-08,35.134385,35.285004,35.025241,35.263373,484983.503449572,851607
315,2021-02-09,35.52135,35.698559,35.273295,35.610649,256214.105491056,851607
316,2021-02-10,35.858703,36.100804,35.362595,35.967847,373143.839713299,851607
317,2021-02-11,36.473877,36.701988,36.067069,36.602866,302983.22097384,851607
318,2021-02-12,36.315123,36.704766,36.16629,36.662399,212924.693165055,851607
319,2021-02-16,36.791387,36.940219,36.280395,36.602866,956579.030082927,851607
320,2021-02-17,36.126602,36.126602,35.422128,35.759482,342446.646595377,851607
321,2021-02-18,35.144307,35.501505,34.945864,35.461817,235338.863199765,851607
322,2021-02-19,35.749559,36.007536,35.620571,35.739637,205300.501817259,851607
323,2021-02-22,34.856565,35.144307,34.201702,34.24139,366686.494933047,851607
324,2021-02-23,33.536917,33.96357,32.497074,33.854426,397551.37263423,851607
325,2021-02-24,33.467461,33.641099,32.884038,33.50715,189931.068712449,851607
326,2021-02-25,33.775049,33.913959,32.753066,32.901898,328211.316914634,851607
327,2021-02-26,32.901898,32.901898,32.118047,32.395868,291586.622610906,851607
328,2021-03-01,33.239252,33.417851,32.859927,33.407929,469445.393545032,851607
329,2021-03-02,33.546839,33.695671,33.040808,33.070575,190347.799629429,851607
330,2021-03-03,33.130108,33.239252,32.306568,32.445479,331680.105690258,851607
331,2021-03-04,32.028748,32.247035,30.877777,31.21513,508596.270978834,851607
332,2021-03-05,31.483029,31.522717,30.141155,31.165519,419052.70351746,851607
333,2021-03-08,30.758711,31.006765,29.597817,29.667272,599837.520818667,851607
334,2021-03-09,30.540423,31.413573,30.490812,31.373885,283073.405306886,851607
335,2021-03-10,31.602095,31.602095,30.431279,30.550345,1305157.574456724,851607
336,2021-03-11,31.383807,31.572328,31.225152,31.492951,1217356.339114914,851607
337,2021-03-12,31.373885,31.453262,30.967076,31.453262,226135.063233321,851607
338,2021-03-15,31.453262,31.453262,31.150636,31.363963,1348610.70250011,851607
339,2021-03-16,31.899759,32.184426,31.678495,31.860071,848144.653268262,851607
340,2021-03-17,31.473106,31.640791,30.959138,31.502873,939352.167748149,851607
341,2021-03-18,31.125831,31.155597,30.585866,30.689255,1719050.752335384,851607
342,2021-03-19,30.967076,31.314352,30.808321,31.284585,325456.92399669,851607
343,2021-03-22,31.334196,31.691394,31.284585,31.473106,197224.851976068,851607
344,2021-03-23,31.413573,31.502873,31.155597,31.254819,75964.09286664,851607
345,2021-03-24,31.205208,31.205208,30.302291,30.332057,303252.111636939,851607
346,2021-03-25,30.054237,30.411435,29.907885,30.381668,203993.752727586,851607
347,2021-03-26,30.659489,30.897621,30.401513,30.867854,90800.705727597,851607
348,2021-03-29,30.758711,30.90149,30.560267,30.748788,85016.083713327,851607
349,2021-03-30,30.669411,30.857932,30.381668,30.778555,46317.656989389,851607
350,2021-03-31,30.917465,31.383311,30.917465,31.175441,84216.357239313,851607
351,2021-04-01,31.750927,32.028748,31.67155,31.869993,115471.176012813,851607
352,2021-04-05,32.366101,32.425634,31.915734,32.237113,118469.654182131,851607
353,2021-04-06,32.247035,32.445479,32.13293,32.326413,69684.354834339,851607
354,2021-04-07,32.187502,32.276802,31.919604,32.157736,534307.576340031,851607
355,2021-04-08,32.594311,32.713377,32.531801,32.614155,222715.885281147,851607
356,2021-04-09,32.574467,32.614155,32.346257,32.554622,90369.091563582,851607
357,2021-04-12,32.247035,32.455401,32.058514,32.455401,194306.743340739,851607
358,2021-04-13,32.624078,32.951509,32.524856,32.901898,121580.252812446,851607
359,2021-04-14,33.149952,33.189542,32.782832,32.802676,131048.974576113,851607
360,2021-04-15,33.149952,33.19361,32.921742,33.110264,122255.952227835,851607
361,2021-04-16,33.209485,33.22933,32.941587,33.060653,114502.772739069,851607
362,2021-04-19,33.110264,33.189641,32.653844,32.822521,200089.380922071,851607
363,2021-04-20,32.475245,32.594311,32.068436,32.227191,171835.024750827,851607
364,2021-04-21,32.068436,32.445479,31.909682,32.40579,439365.359070828,851607
365,2021-04-22,32.425634,32.743143,32.347348,32.445479,226027.903854669,851607
366,2021-04-23,32.723299,32.991198,32.68361,32.951509,94445.116818234,851607
367,2021-04-26,32.663766,33.070575,32.653844,33.040808,136180.718153781,851607
368,2021-04-27,33.179719,33.179719,32.802676,32.832443,103494.131015514,851607
369,2021-04-28,32.832443,32.901898,32.554622,32.693533,85910.070751896,851607
370,2021-04-29,32.891976,32.891976,32.356278,32.5447,135976.321561167,851607
371,2021-04-30,32.465323,32.466315,32.049287,32.157736,78950.66443833,851607
372,2021-05-03,32.157736,32.26688,31.869993,31.889837,99270.265506981,851607
373,2021-05-04,31.750927,31.750927,30.817549,31.026609,143992.438414218,851607
374,2021-05-05,31.453262,31.631861,31.165519,31.334196,166577.269681596,851607
375,2021-05-06,31.006765,31.195286,30.788477,31.105986,123631.164253869,851607
376,2021-05-07,31.423496,31.73009,31.35404,31.552484,66177.861832893,851607
377,2021-05-10,31.433418,31.471221,30.768633,30.788477,278898.158405334,851607
378,2021-05-11,30.004626,30.758711,29.933385,30.679333,775651.333610184,851607
379,2021-05-12,30.143536,30.292369,29.51844,29.607739,428168.196218163,851607
380,2021-05-13,29.627584,29.736728,28.844725,29.111631,242979.922227534,851607
381,2021-05-14,29.349763,29.955015,29.349763,29.88556,161683.658056488,851607
382,2021-05-17,29.667272,29.687117,29.399374,29.597817,48393.373842537,851607
383,2021-05-18,29.826027,30.431279,29.806183,30.183225,110454.529545549,851607
384,2021-05-19,29.677195,30.292369,29.607739,30.212991,91151.950357623,851607
385,2021-05-20,30.570189,31.145675,30.560267,31.096064,141291.6251856,851607
386,2021-05-21,31.413573,31.492951,31.026609,31.115908,96573.421144239,851607
387,2021-05-24,31.30443,31.453262,31.205208,31.373885,83181.475462146,851607
388,2021-05-25,31.621939,31.641783,31.383807,31.532639,90721.328410077,851607
389,2021-05-26,31.731083,31.879915,31.631861,31.731083,70190.385233529,851607
390,2021-05-27,31.731083,31.979137,31.532639,31.909682,161369.125435815,851607
391,2021-05-28,31.989059,32.262911,31.989059,32.157736,68042.236578144,851607
392,2021-06-01,32.217269,32.336335,31.939448,32.197424,124823.808449607,851607
393,2021-06-02,31.998981,32.068436,31.755491,31.820382,99413.144678517,851607
394,2021-06-03,31.750927,31.750927,31.364955,31.403651,318826.933550832,851607
395,2021-06-04,31.750927,32.028748,31.562406,31.979137,144932.067410361,851607
396,2021-06-07,32.286724,32.286724,31.879915,32.078358,71650.927875897,851607
397,2021-06-08,32.247035,32.395768,32.118047,32.217269,86744.524802325,851607
398,2021-06-09,32.366101,32.445479,32.098203,32.098203,66469.573474779,851607
399,2021-06-10,32.197424,32.58935,32.197424,32.574467,83399.763085326,851607
400,2021-06-11,32.425634,32.672597,32.425634,32.614155,36567.145748526,851607
401,2021-06-14,32.614155,32.762988,32.564545,32.693533,145169.207146452,851607
402,2021-06-15,32.574467,32.619116,32.099195,32.118047,121795.563786219,851607
403,2021-06-16,31.800538,31.868405,31.332112,31.641783,186362.066073456,851607
404,2021-06-17,31.314352,31.998981,31.234974,31.850149,87533.33689518,851607
405,2021-06-18,31.998981,32.068436,31.750927,31.760849,54632.430999609,851607
406,2021-06-21,31.681472,31.681472,31.105986,31.463184,766438.603695519,851607
407,2021-06-22,31.463184,31.621939,31.294507,31.453262,94944.201702141,851607
408,2021-06-23,31.363963,31.607056,31.319313,31.383807,490239.274085865,851607
409,2021-06-24,31.552484,31.840226,31.522717,31.731083,341705.460893034,851607
410,2021-06-25,32.028748,32.048592,31.622832,31.701316,254634.496872408,851607
411,2021-06-28,31.800538,32.140074,31.750927,32.058514,85317.717519903,851607
412,2021-06-29,32.272415,32.451154,32.093675,32.451154,269937.399417375,851607
413,2021-06-30,32.341925,32.411434,32.083745,32.083745,82067.26105425,851607
414,2021-07-01,32.143325,32.163185,31.597176,31.795776,78151.872404625,851607
415,2021-07-02,32.123465,32.204692,31.905006,32.183045,70237.683325875,851607
416,2021-07-06,32.183045,32.183045,31.785846,31.944726,135936.375650625,851607
417,2021-07-07,31.954656,32.063885,31.458157,31.547527,132648.561342,851607
418,2021-07-08,30.847463,31.080818,30.78987,31.001378,85775.1132525,851607
419,2021-07-09,31.130468,31.537597,31.080818,31.468087,95516.41750125,851607
420,2021-07-12,31.478017,31.587246,31.319137,31.408507,85996.551667125,851607
421,2021-07-13,31.478017,31.772838,31.478017,31.577317,92562.250310625,851607
422,2021-07-14,31.666686,31.765986,31.309207,31.378717,79049.542031625,851607
423,2021-07-15,31.418437,31.478017,30.939514,31.060958,84179.366470875,851607
424,2021-07-16,31.100678,31.338997,30.862358,30.892148,113589.962723625,851607
425,2021-07-19,30.673689,30.931868,30.39565,30.753129,130450.06515375,851607
426,2021-07-20,30.832568,31.021238,30.544599,30.961658,63580.628923875,851607
427,2021-07-21,31.011308,31.358857,31.001378,31.358857,61415.894646375,851607
428,2021-07-22,31.547527,31.642159,31.378717,31.547527,70003.335945375,851607
429,2021-07-23,31.398577,31.398577,31.046063,31.289347,74717.0944845,851607
430,2021-07-26,30.862358,30.981518,30.663759,30.703479,86622.140013375,851607
431,2021-07-27,30.42544,30.444704,29.690622,30.067961,183418.531131,851607
432,2021-07-28,30.21691,30.733269,30.16726,30.633969,121136.742773625,851607
433,2021-07-29,30.872288,30.991448,30.743199,30.812709,199415.71884225,851607
434,2021-07-30,30.514809,30.514809,30.21691,30.26656,124697.631360375,851607
435,2021-08-02,30.534669,30.733269,30.37579,30.524739,246402.3686325,851607
436,2021-08-03,29.819711,29.819711,29.263633,29.501952,173540.1932445,851607
437,2021-08-04,29.601252,29.789921,29.501952,29.591322,170908.75020075,851607
438,2021-08-05,29.531742,29.591322,29.293423,29.313283,153912.60713025,851607
439,2021-08-06,29.074963,29.164333,28.846574,28.945873,136886.6741385,851607
440,2021-08-09,29.065033,29.382693,28.896224,29.243773,292328.49722625,851607
441,2021-08-10,29.084893,29.243773,28.816784,28.856504,101620.372365375,851607
442,2021-08-11,28.806854,28.942894,28.598424,28.796924,187904.89327125,851607
443,2021-08-12,28.876364,29.035243,28.737344,29.035243,101809.041866625,851607
444,2021-08-13,28.985593,29.013795,28.876364,28.886294,67871.37058125,851607
445,2021-08-16,28.638044,28.677268,28.320285,28.489095,119131.8810735,851607
446,2021-08-17,28.300425,28.628114,28.102819,28.479165,125792.907465,851607
447,2021-08-18,28.657904,28.796924,28.508955,28.528815,55963.34606025,851607
448,2021-08-19,28.419585,28.753728,28.320384,28.578464,158147.740934625,851607
449,2021-08-20,28.568534,28.856504,28.568534,28.772099,81545.937432375,851607
450,2021-08-23,29.065033,29.482092,29.065033,29.422512,86900.179278375,851607
451,2021-08-24,29.621112,29.894186,29.611182,29.859431,72769.826632125,851607
452,2021-08-25,29.829641,29.919011,29.789921,29.879291,89714.333839125,851607
453,2021-08-26,29.859431,29.859431,29.541672,29.601252,64082.09259825,851607
454,2021-08-27,29.531742,29.760131,29.492022,29.760131,52219.7459565,851607
455,2021-08-30,29.779991,29.779991,29.452799,29.700551,142459.375407,851607
456,2021-08-31,29.819711,30.211846,29.809781,30.15733,89674.613944125,851607
457,2021-09-01,30.39565,30.712416,30.32614,30.514809,84191.282439375,851607
458,2021-09-02,30.633969,30.703479,30.479657,30.554529,51810.631038,851607
459,2021-09-03,30.733269,30.951629,30.494949,30.892148,75051.734599875,851607
460,2021-09-07,31.170188,31.329067,30.832568,30.931868,313007.667560625,851607
461,2021-09-08,30.842498,30.842498,30.363079,30.4453,76386.323071875,851607
462,2021-09-09,29.879291,30.13747,29.789921,29.978591,71273.379588,851607
463,2021-09-10,29.978591,30.41551,29.899151,30.08782,59543.101597125,851607
464,2021-09-13,30.067961,30.067961,29.750201,29.869361,56758.736957625,851607
465,2021-09-14,29.859431,29.90213,29.696083,29.710481,61122.96042075,851607
466,2021-09-15,29.611182,29.710481,29.405333,29.710481,105528.810033375,851607
467,2021-09-16,29.313283,29.412582,29.213983,29.412582,108157.274085,851607
468,2021-09-17,29.273563,29.34774,29.031371,29.204053,84693.739111125,851607
469,2021-09-20,28.469235,28.727414,28.081966,28.330215,91626.846783375,851607
470,2021-09-21,28.469235,28.469235,28.171336,28.230915,72069.76348275,851607
471,2021-09-22,28.230915,28.489095,28.131616,28.409655,108063.93233175,851607
472,2021-09-23,28.508955,28.727414,28.479165,28.647974,140925.194462625,851607
473,2021-09-24,28.558605,28.677764,28.459305,28.608254,45718.592142375,851607
474,2021-09-27,28.350075,28.449375,28.131616,28.290495,105789.968343,851607
475,2021-09-28,27.972736,28.022386,27.605327,27.704627,142385.89360125,851607
476,2021-09-29,27.664907,27.982567,27.515957,27.515957,132483.72377775,851607
477,2021-09-30,27.704627,28.032316,27.704627,27.823786,109127.432520375,851607
478,2021-10-01,27.664907,27.749312,27.26602,27.724487,101505.184669875,851607
479,2021-10-04,27.257778,27.257778,26.732582,26.791069,129610.982371875,851607
480,2021-10-05,26.920159,27.357078,26.920159,27.227988,108727.25457825,851607
481,2021-10-06,26.840719,27.208128,26.724836,27.108828,143897.235606,851607
482,2021-10-07,27.446447,28.028543,27.446447,27.923086,300900.05056725,851607
483,2021-10-08,27.942946,28.052176,27.813956,27.903226,64876.49049825,851607
484,2021-10-11,27.913156,28.125956,27.704627,27.704627,36524.42944725,851607
485,2021-10-12,27.744347,27.913156,27.557663,27.635117,86733.355719375,851607
486,2021-10-13,27.863506,28.240845,27.863506,28.240845,114574.02312225,851607
487,2021-10-14,28.389795,28.479264,28.340145,28.429515,182194.165367625,851607
488,2021-10-15,28.518885,28.677764,28.439445,28.518885,477728.058120375,851607
489,2021-10-18,28.459305,28.786994,28.459305,28.707554,68506.88890125,851607
490,2021-10-19,29.104753,29.367897,29.104753,29.263633,74213.644815375,851607
491,2021-10-20,29.283493,29.343072,29.074963,29.243773,179278.725074625,851607
492,2021-10-21,29.194123,29.521812,29.19174,29.432442,85388.837273625,851607
493,2021-10-22,29.789921,29.909081,29.508406,29.531742,297301.42808025,851607
494,2021-10-25,29.531742,29.581392,29.293423,29.521812,128383.637616375,851607
495,2021-10-26,29.869361,30.038171,29.541672,29.621112,85682.764496625,851607
496,2021-10-27,29.551602,29.770061,29.372862,29.402652,180403.7911005,851607
497,2021-10-28,29.402652,29.482092,29.243773,29.402652,86373.890669625,851607
498,2021-10-29,29.313283,29.362932,29.174263,29.293423,146535.629631375,851607
499,2021-11-01,29.492022,30.106687,29.492022,30.028241,336645.9700725,851607
500,2021-11-02,30.008381,30.033206,29.812363,29.948801,308792.39370375,851607
501,2021-11-03,29.740271,29.789921,29.501952,29.789921,84386.90292225,851607
502,2021-11-04,29.650902,30.058031,29.650902,29.928941,85657.93956225,851607
503,2021-11-05,30.29635,30.31621,29.938871,30.08782,101649.16928925,851607
504,2021-11-08,30.35593,30.465159,30.233592,30.346,68349.002318625,851607
505,2021-11-09,30.693549,30.832568,30.43537,30.564459,260423.4915675,851607
506,2021-11-10,30.475089,30.832568,30.2467,30.40558,231156.879934125,851607
507,2021-11-11,31.150328,31.319137,31.070888,31.239697,100494.313342125,851607
508,2021-11-12,31.249627,31.427374,31.110608,31.338997,110052.906073875,851607
509,2021-11-15,31.626966,31.626966,31.041098,31.239697,99522.168912,851607
510,2021-11-16,31.626966,31.895076,31.408507,31.458157,483007.82516325,851607
511,2021-11-17,31.249627,31.259557,30.842498,30.892148,87230.84740425,851607
512,2021-11-18,31.140398,31.239697,30.941798,31.070888,115758.668990625,851607
513,2021-11-19,31.041098,31.130368,30.782919,30.892148,85972.719730125,851607
514,2021-11-22,30.763059,30.802779,30.059024,30.09775,189214.656808875,851607
515,2021-11-23,29.889221,29.988521,29.402652,29.660832,149010.179089875,851607
516,2021-11-24,29.333142,29.710481,29.263633,29.680692,288393.248629125,851607
517,2021-11-26,29.541672,29.779991,29.392722,29.551602,58657.347938625,851607
518,2021-11-29,29.849501,29.849501,29.482092,29.690622,103097.952459375,851607
519,2021-11-30,29.551602,29.789921,29.005453,29.293423,101298.641215875,851607
520,2021-12-01,29.640972,29.640972,28.439445,28.439445,397263.494829375,851607
521,2021-12-02,28.439445,28.717484,28.230915,28.409655,126470.13167475,851607
522,2021-12-03,28.369935,28.409655,27.833716,28.121686,102314.4775305,851607
523,2021-12-06,27.923086,28.121686,27.476237,28.022386,100652.19992475,851607
524,2021-12-07,28.647974,28.965733,28.429515,28.965733,109546.477412625,851607
525,2021-12-08,28.965733,29.233843,28.697624,29.223913,166633.896501375,851607
526,2021-12-09,29.055103,29.223913,28.618184,28.618184,266931.59636325,851607
527,2021-12-10,28.677764,28.747274,28.280565,28.389795,72107.497383,851607
528,2021-12-13,28.081966,28.211055,27.724487,27.744347,85256.76862275,851607
529,2021-12-14,27.347148,27.648225,27.317358,27.446447,136024.752417,851607
530,2021-12-15,27.406728,27.863506,27.195914,27.863506,225124.420881,851607
531,2021-12-16,27.942946,28.117813,27.337218,27.496097,140552.820447,851607
532,2021-12-17,27.208128,27.555677,27.141101,27.287568,139390.020520875,851607
533,2021-12-20,27.019459,27.376938,27.009529,27.227988,144870.3730335,851607
534,2021-12-21,27.684767,28.131616,27.565607,28.042246,109167.152415375,851607
535,2021-12-22,28.042246,28.300425,28.042246,28.300425,122749.370510625,851607
536,2021-12-23,28.121686,28.300425,27.923086,28.260705,104084.991850125,851607
537,2021-12-27,28.151476,28.356827,28.101826,28.310355,91324.975581375,851607
538,2021-12-28,28.320285,28.489095,28.211055,28.220985,400316.9617575,851607
539,2021-12-29,28.072036,28.18206,27.883366,27.992596,106811.762641875,851607
540,2021-12-30,27.99,28.62,27.94,28.46,89814.0,851607
541,2021-12-31,28.42,28.4429,28.2,28.23,41320.0,851607
271,2018-12-31,20.933336,21.11355,20.772091,20.952306,251699.885530087,3695
272,2019-01-02,20.686726,21.11355,20.686726,20.99973,69457.509477376,3695
273,2019-01-03,20.734151,20.780628,20.202993,20.202993,76343.599944346,3695
274,2019-01-04,20.591877,21.263128,20.591877,21.17046,85783.993665799,3695
275,2019-01-07,21.26531,21.606389,21.18943,21.483464,87299.69236638,3695
276,2019-01-08,21.777498,21.909719,21.635318,21.872253,200201.224110784,3695
277,2019-01-09,22.166382,22.263508,21.948228,22.185352,359592.402983021,3695
278,2019-01-10,22.081017,22.280202,21.948228,22.280202,42763.001198808,3695
279,2019-01-11,22.213807,22.280202,22.081017,22.267302,32487.929844994,3695
280,2019-01-14,21.957713,22.109472,21.853378,22.014623,52558.132914014,3695
281,2019-01-15,22.033592,22.337112,22.033592,22.299172,60511.282854172,3695
282,2019-01-16,22.441446,22.680468,22.441446,22.621661,89302.918684044,3695
283,2019-01-17,22.574236,23.04507,22.574236,22.94415,80546.39152274,3695
284,2019-01-18,23.152819,23.598613,23.133849,23.598613,112911.016717499,3695
285,2019-01-22,23.389944,23.513248,23.07694,23.162304,108396.169524279,3695
286,2019-01-23,23.389944,23.598613,23.228699,23.427884,88375.288315353,3695
287,2019-01-24,23.484793,23.807282,23.484793,23.807282,127357.579238494,3695
288,2019-01-25,24.101317,24.328956,23.996982,24.328956,119419.605255288,3695
289,2019-01-28,24.101317,24.112604,23.861537,24.091832,87275.031436333,3695
290,2019-01-29,23.996982,24.000776,23.621756,23.674493,103041.902212152,3695
291,2019-01-30,23.788313,23.902132,23.327058,23.797797,142192.077159074,3695
292,2019-01-31,23.721918,23.949557,23.683978,23.788313,102071.589464533,3695
293,2019-02-01,23.598613,23.617583,23.38928,23.522733,125523.185441921,3695
294,2019-02-04,23.750373,24.101317,23.721918,24.063377,114185.797101467,3695
295,2019-02-05,24.186681,24.393833,24.186681,24.376381,145616.152446369,3695
296,2019-02-06,24.300501,24.479577,24.186681,24.338441,107931.405842624,3695
297,2019-02-07,23.987497,24.148741,23.835737,24.066886,131699.799921385,3695
298,2019-02-08,23.721918,24.063377,23.655523,24.044407,303946.911326585,3695
299,2019-02-11,24.186681,24.347926,24.120287,24.167711,86615.825806231,3695
300,2019-02-12,24.423806,24.556595,24.309986,24.52814,87707.546209465,3695
301,2019-02-13,24.52814,24.66093,24.428453,24.499686,151976.775403876,3695
302,2019-02-14,24.50917,24.69887,24.461746,24.632475,93660.315323887,3695
303,2019-02-15,24.784235,24.879084,24.66093,24.841145,214811.876666322,3695
304,2019-02-19,24.973934,25.225286,24.954964,25.154149,143730.539795083,3695
305,2019-02-20,25.144664,25.144664,24.898054,24.983419,98807.810222544,3695
306,2019-02-21,24.964449,24.964449,24.689385,24.73681,141827.854192226,3695
307,2019-02-22,24.926509,25.372208,24.888569,25.296423,330250.638713639,3695
308,2019-02-25,25.609427,25.684643,25.467248,25.533548,174820.384605874,3695
309,2019-02-26,25.457668,25.495608,25.296423,25.457668,146140.671458522,3695
310,2019-02-27,25.334363,25.599942,25.277453,25.543033,150592.917829315,3695
311,2019-02-28,25.429213,25.618912,25.372303,25.562002,288112.697241792,3695
312,2019-03-01,25.751702,25.884492,25.647367,25.846552,127685.759307581,3695
313,2019-03-04,25.950886,26.017281,25.192089,25.438698,220256.251222852,3695
314,2019-03-05,25.438698,25.571487,25.267968,25.543033,207175.524827538,3695
315,2019-03-06,25.495608,25.514578,25.192089,25.305908,108116.362817977,3695
316,2019-03-07,25.362818,25.401801,25.011874,25.125694,106097.012046051,3695
317,2019-03-08,24.869599,25.230028,24.75578,25.230028,92488.921146655,3695
318,2019-03-11,25.267968,25.704277,25.267968,25.704277,136677.513801641,3695
319,2019-03-12,25.656852,25.799127,25.543033,25.751702,123250.585888359,3695
320,2019-03-13,25.732732,26.017281,25.694792,25.884492,163288.554316973,3695
321,2019-03-14,25.893977,25.960371,25.808612,25.893977,114177.260625682,3695
322,2019-03-15,25.856037,26.045736,25.799127,25.979341,118110.678968178,3695
323,2019-03-18,26.017281,26.070207,25.656852,25.780157,165391.372852134,3695
324,2019-03-19,25.903462,26.074191,25.837067,26.045736,179380.75966995,3695
325,2019-03-20,26.055221,26.0685,25.675917,25.841809,129211.891478566,3695
326,2019-03-21,25.685307,26.213715,25.685307,26.206981,128342.119445755,3695
327,2019-03-22,26.064706,26.083676,25.511163,25.618912,141259.704303835,3695
328,2019-03-25,25.410243,25.497979,25.239513,25.381788,101404.795855955,3695
329,2019-03-26,25.799127,26.017281,25.762799,25.950792,103452.601547165,3695
330,2019-03-27,26.007796,26.086047,25.637882,25.922431,136541.878686382,3695
331,2019-03-28,26.017281,26.178526,25.875007,26.159556,93434.572964226,3695
332,2019-03-29,26.225951,26.311315,26.140586,26.254406,85010.968358557,3695
333,2019-04-01,26.463075,26.690714,26.375339,26.643289,130192.637696589,3695
334,2019-04-02,26.690714,26.747624,26.569307,26.700199,99696.552201545,3695
335,2019-04-03,26.870929,27.032173,26.795049,26.861444,199505.975582921,3695
336,2019-04-04,26.851959,26.894262,26.444105,26.652774,178853.395165868,3695
337,2019-04-05,26.728654,26.851959,26.709684,26.766594,113162.368504517,3695
338,2019-04-08,26.776079,26.880414,26.557925,26.880414,118933.974632824,3695
339,2019-04-09,26.728654,26.776079,26.639306,26.700199,117595.64492912,3695
340,2019-04-10,26.757109,26.918354,26.700199,26.804534,160306.478775905,3695
341,2019-04-11,26.823504,26.972892,26.728654,26.757109,120204.961027554,3695
342,2019-04-12,26.937324,26.975263,26.842474,26.861444,78172.302757062,3695
343,2019-04-15,26.994233,27.022688,26.861444,26.899384,172853.201185971,3695
344,2019-04-16,27.022688,27.022688,26.690335,26.757109,168043.371329496,3695
345,2019-04-17,26.927839,26.927839,26.58638,26.662259,191529.113210026,3695
346,2019-04-18,26.652774,26.652774,26.28286,26.5105,186301.944537371,3695
347,2019-04-22,26.5105,26.766594,26.403035,26.747624,181018.814523456,3695
348,2019-04-23,26.690714,27.098568,26.681229,27.079598,126137.811698477,3695
349,2019-04-24,27.155478,27.268349,26.994328,27.127023,152426.363128579,3695
350,2019-04-25,26.965779,27.108053,26.889994,27.013203,250112.101033984,3695
351,2019-04-26,27.013203,27.127023,26.842474,27.127023,56378.68007668,3695
352,2019-04-29,27.145993,27.283715,27.127023,27.212388,74201.893019495,3695
353,2019-04-30,27.269298,27.496937,27.221873,27.373632,134740.682295642,3695
354,2019-05-01,27.278783,27.297658,26.956294,26.956294,136558.951637953,3695
355,2019-05-02,26.842474,26.975263,26.55802,26.806905,127437.253012492,3695
356,2019-05-03,26.861444,27.079598,26.791065,27.013203,59913.729549187,3695
357,2019-05-06,26.52947,27.183933,26.35874,27.183933,152408.341679698,3695
358,2019-05-07,26.918354,26.920156,26.453685,26.614835,105508.943714161,3695
359,2019-05-08,26.662259,26.907825,26.662259,26.757109,224022.734038877,3695
360,2019-05-09,26.28286,26.631907,26.131101,26.595865,165964.265227072,3695
361,2019-05-10,26.519985,26.870929,26.226045,26.861444,134205.729813084,3695
362,2019-05-13,26.197496,26.3208,25.925372,25.988826,200628.047900059,3695
363,2019-05-14,26.083676,26.575472,26.064706,26.39668,194951.291502702,3695
364,2019-05-15,26.244921,26.785564,26.140681,26.728654,130292.229914087,3695
365,2019-05-16,26.870929,27.421057,26.861539,27.269298,186822.669560287,3695
366,2019-05-17,27.108053,27.315774,26.937324,27.108053,205874.186518904,3695
367,2019-05-20,26.804534,26.956294,26.590079,26.738139,70078.775215098,3695
368,2019-05-21,27.098568,27.259718,27.098568,27.193418,115367.624749104,3695
369,2019-05-22,27.212388,27.553847,27.193418,27.496937,144125.114675835,3695
370,2019-05-23,27.345177,27.345177,26.880603,26.994233,65213.932514673,3695
371,2019-05-24,27.098568,27.349825,27.068027,27.155478,47966.457438725,3695
372,2019-05-28,27.468482,27.696121,27.335787,27.477967,163009.69610798,3695
373,2019-05-29,27.174448,27.174448,26.833937,26.937324,255167.591693619,3695
374,2019-05-30,27.022688,27.117538,26.861444,26.994233,285019.647515512,3695
375,2019-05-31,26.738139,26.766594,26.474172,26.60535,85149.448965744,3695
376,2019-06-03,26.595865,26.716229,25.922431,26.036251,207143.275919015,3695
377,2019-06-04,26.188011,26.709684,26.091738,26.709684,206885.284650831,3695
378,2019-06-05,26.984748,27.032173,26.757109,27.022688,94742.550754027,3695
379,2019-06-06,27.003718,27.212388,26.85139,27.164963,62533.479118026,3695
380,2019-06-07,27.335692,27.646325,27.335692,27.553847,96248.764481513,3695
381,2019-06-10,27.790971,27.999641,27.696121,27.762516,249322.95127248,3695
382,2019-06-11,27.952216,28.061293,27.506422,27.658182,110563.485876487,3695
383,2019-06-12,27.658182,27.696121,27.510026,27.648697,56715.396621553,3695
384,2019-06-13,27.648697,27.648697,27.506422,27.601272,92046.921400428,3695
385,2019-06-14,27.544362,27.544362,27.285138,27.402087,61124.960613418,3695
386,2019-06-17,27.392602,27.525392,27.297942,27.449512,139283.035910837,3695
387,2019-06-18,27.753031,27.885821,27.677246,27.724576,307363.398635404,3695
388,2019-06-19,27.772001,27.942731,27.629821,27.876336,63854.735870159,3695
389,2019-06-20,28.26522,28.435949,28.09449,28.279447,271968.324536792,3695
390,2019-06-21,28.236765,28.236765,27.980671,27.980671,89787.600809199,3695
391,2019-06-24,28.141915,28.17037,27.952216,27.980671,85622.749123184,3695
392,2019-06-25,28.009126,28.13243,27.563332,27.648697,88944.386701053,3695
393,2019-06-26,27.743546,27.933246,27.591787,27.620242,132538.271542983,3695
394,2019-06-27,27.715091,27.866851,27.649645,27.866851,312274.717703995,3695
395,2019-06-28,27.866851,27.990156,27.791066,27.985413,116793.216205283,3695
396,2019-07-01,28.122945,28.28419,27.999641,28.11346,203733.428091362,3695
397,2019-07-02,28.09449,28.110804,27.952216,28.03758,153042.886379754,3695
398,2019-07-03,28.236765,28.369555,28.148744,28.312645,49683.23756892,3695
399,2019-07-05,28.179855,28.309704,27.889994,28.26522,101530.945998118,3695
400,2019-07-08,28.217795,28.22728,28.048298,28.1514,111648.566798555,3695
401,2019-07-09,27.923761,28.26522,27.923761,28.24625,113605.316748053,3695
402,2019-07-10,28.293675,28.597194,28.293675,28.530799,153442.203747053,3695
403,2019-07-11,28.663589,28.824833,28.549769,28.805863,152581.916687337,3695
404,2019-07-12,28.767923,28.919683,28.644619,28.891228,150858.497075975,3695
405,2019-07-15,28.976593,29.033503,28.851012,28.957623,233871.930100725,3695
406,2019-07-16,28.910198,28.910198,28.692044,28.748953,228992.859940657,3695
407,2019-07-17,28.834318,29.023923,28.739468,28.891228,54476.942971133,3695
408,2019-07-18,28.834318,29.061863,28.758438,29.033503,81789.871495495,3695
409,2019-07-19,29.251657,29.346507,28.900713,28.948138,123394.757479403,3695
410,2019-07-22,29.005048,29.251657,28.967108,29.128352,129150.239153449,3695
411,2019-07-23,29.223202,29.225004,28.991484,29.156807,186955.459183617,3695
412,2019-07-24,29.166292,29.223202,28.938653,29.222254,149773.416153907,3695
413,2019-07-25,29.005048,29.128352,28.824833,28.957623,265320.306894507,3695
414,2019-07-26,29.109382,29.678386,29.109382,29.621571,152270.809569821,3695
415,2019-07-29,29.621571,29.621571,29.299082,29.488781,173119.72892994,3695
416,2019-07-30,28.986078,29.024018,28.815348,28.967108,122432.98120757,3695
417,2019-07-31,29.061958,29.185262,28.502344,29.005048,133316.987834082,3695
418,2019-08-01,28.805863,29.18052,28.626028,28.720499,201940.768176407,3695
419,2019-08-02,28.549769,28.549769,27.980671,28.18934,213344.551328526,3695
420,2019-08-05,27.440027,27.506422,26.671744,27.013203,540803.762460306,3695
421,2019-08-06,27.183933,27.316723,26.918354,27.202903,237652.640376392,3695
422,2019-08-07,26.975263,27.487452,26.870929,27.421057,133741.914628738,3695
423,2019-08-08,27.639212,28.009126,27.563332,28.009126,108752.804512651,3695
424,2019-08-09,27.885821,27.895306,27.506422,27.563332,126579.811444704,3695
425,2019-08-12,27.383117,27.383117,26.823504,26.889899,147737.94092772,3695
426,2019-08-13,26.814019,27.364147,26.757109,27.364147,120850.887695324,3695
427,2019-08-14,26.984748,26.984748,26.397154,26.49153,167327.255860824,3695
428,2019-08-15,26.47256,26.576895,26.235436,26.45359,336837.952528116,3695
429,2019-08-16,26.918354,27.168757,26.880414,27.089083,116928.851320541,3695
430,2019-08-19,27.506422,27.620242,27.240843,27.250328,212105.813842319,3695
431,2019-08-20,27.297753,27.402087,27.136508,27.231358,61475.904617933,3695
432,2019-08-21,27.468482,27.639212,27.374581,27.591787,84897.148681417,3695
433,2019-08-22,27.553847,27.591787,27.247862,27.525392,46476.3681655,3695
434,2019-08-23,27.534877,27.753695,26.937324,26.965779,74074.794380022,3695
435,2019-08-26,27.070113,27.175966,26.937324,27.117538,145376.182627065,3695
436,2019-08-27,27.354662,27.402087,26.946809,27.089083,88009.168353886,3695
437,2019-08-28,27.051143,27.251086,26.806241,27.231358,88205.507296953,3695
438,2019-08-29,27.477967,27.60222,27.430542,27.506422,36195.60582783,3695
439,2019-08-30,27.724576,27.724576,27.354662,27.496937,140057.009715389,3695
440,2019-09-03,27.496937,27.582302,27.231358,27.383117,169811.370314404,3695
441,2019-09-04,27.658182,27.763749,27.495419,27.686636,115238.629115012,3695
442,2019-09-05,28.160885,28.435949,28.105208,28.398009,79919.434801161,3695
443,2019-09-06,28.454919,28.796378,28.454919,28.578224,137697.148409353,3695
444,2019-09-09,28.729984,28.739468,27.809941,28.028095,101644.765675258,3695
445,2019-09-10,27.648697,27.648697,27.164963,27.373632,111332.717194491,3695
446,2019-09-11,27.383117,27.477967,27.316723,27.421057,72180.64525295,3695
447,2019-09-12,27.534877,27.836499,27.487452,27.648697,55758.362836267,3695
448,2019-09-13,27.658182,27.724576,27.506422,27.506422,37082.450812212,3695
449,2019-09-16,27.392602,27.715091,27.278783,27.572817,59527.69114422,3695
450,2019-09-17,27.639212,27.914276,27.639212,27.914276,34819.336231745,3695
451,2019-09-18,27.980671,28.028095,27.534877,27.885821,73987.532627548,3695
452,2019-09-19,27.885821,28.18934,27.862583,27.895306,41467.353874031,3695
453,2019-09-20,27.961701,28.026957,27.582302,27.762516,53410.831995255,3695
454,2019-09-23,27.658182,27.658182,27.468482,27.506422,51386.738736782,3695
455,2019-09-24,27.648697,27.716609,27.174448,27.345177,39616.835623196,3695
456,2019-09-25,27.231358,27.539525,26.956294,27.487452,90430.68198504,3695
457,2019-09-26,27.515907,27.601272,27.354662,27.563332,48289.895021264,3695
458,2019-09-27,27.658182,27.715091,26.975263,27.212388,47202.917104577,3695
459,2019-09-30,27.155478,27.392507,27.127023,27.288268,21644.70860279,3695
460,2019-10-01,27.383117,27.506422,26.937324,27.079598,80653.571718714,3695
461,2019-10-02,26.671744,26.671744,26.036251,26.188011,119871.08997461,3695
462,2019-10-03,26.273375,26.643195,26.029801,26.538955,46224.067881173,3695
463,2019-10-04,26.690714,27.155478,26.690714,27.155478,96718.270649715,3695
464,2019-10-07,27.127023,27.221873,27.032173,27.108053,40732.268459168,3695
465,2019-10-08,26.956294,26.956294,26.557925,26.557925,38739.475611909,3695
466,2019-10-09,26.861444,27.090885,26.780158,27.070113,188847.711316069,3695
467,2019-10-10,26.937324,27.316723,26.937324,27.117538,164100.468013905,3695
468,2019-10-11,27.496937,27.790971,27.496937,27.677151,71915.06600629,3695
469,2019-10-14,27.572817,27.729319,27.534877,27.667667,61654.222112119,3695
470,2019-10-15,27.468482,27.667667,27.307238,27.544362,38842.861818644,3695
471,2019-10-16,27.496937,27.496937,27.164963,27.316723,79920.38329847,3695
472,2019-10-17,27.221873,27.299555,27.051143,27.193418,52771.544808652,3695
473,2019-10-18,27.041658,27.098568,26.472655,26.690714,53984.672867502,3695
474,2019-10-21,26.766594,26.823504,26.56741,26.700199,34617.306304822,3695
475,2019-10-22,26.633804,26.687679,25.969856,25.988826,104026.442419413,3695
476,2019-10-23,25.893977,26.101603,25.808612,26.026766,66065.683098604,3695
477,2019-10-24,26.30183,26.557925,26.28286,26.47256,140309.309999716,3695
478,2019-10-25,26.576895,26.832989,26.482045,26.823504,36397.635754753,3695
479,2019-10-28,26.851959,26.975263,26.747624,26.861444,60970.35555197,3695
480,2019-10-29,26.861444,27.127023,26.795049,26.984748,36897.49383686,3695
481,2019-10-30,26.927839,27.155478,26.795049,27.079598,74478.854233869,3695
482,2019-10-31,27.174448,27.269298,27.003718,27.127023,105707.179651847,3695
483,2019-11-01,27.278783,27.477967,27.278783,27.440027,50211.550570311,3695
484,2019-11-04,27.639212,27.639212,27.354662,27.392602,51698.794351607,3695
485,2019-11-05,27.421057,27.421057,26.965779,26.994233,57013.224776736,3695
486,2019-11-06,26.937324,26.937418,26.714427,26.776079,62563.83103193,3695
487,2019-11-07,27.117538,27.411572,27.060628,27.21713,134246.515197392,3695
488,2019-11-08,27.136508,27.424472,27.060723,27.316723,49808.439213774,3695
489,2019-11-11,27.383117,27.601272,27.316723,27.572817,88021.49881891,3695
490,2019-11-12,27.582302,27.720403,27.563332,27.639212,36052.382734095,3695
491,2019-11-13,27.686636,27.790023,27.620242,27.705606,46994.247696487,3695
492,2019-11-14,27.828911,28.17037,27.753031,28.09449,39289.604051419,3695
493,2019-11-15,28.20831,28.350585,28.105967,28.350585,53395.656038303,3695
494,2019-11-18,28.198825,28.407494,28.14201,28.350585,50892.571638532,3695
495,2019-11-19,28.398009,28.445434,28.26522,28.331615,159786.702250299,3695
496,2019-11-20,28.274705,28.331615,28.06613,28.217795,180356.763401425,3695
497,2019-11-21,28.198825,28.217795,27.980671,28.047065,78206.448660204,3695
498,2019-11-22,28.198825,28.306954,28.019559,28.289122,75994.55293445,3695
499,2019-11-25,28.445434,28.692044,28.369555,28.677816,110221.078347757,3695
500,2019-11-26,28.673074,28.843803,28.673074,28.806148,138768.950369088,3695
501,2019-11-27,28.872258,29.014533,28.805863,28.995563,77469.466250722,3695
502,2019-11-29,28.891228,29.024018,28.891228,28.959425,34381.130474756,3695
503,2019-12-02,28.929168,29.024018,28.247388,28.407494,78603.869032884,3695
504,2019-12-03,28.11346,28.369555,27.990156,28.340341,93418.448509965,3695
505,2019-12-04,28.559254,28.599091,28.416979,28.464404,97169.755369037,3695
506,2019-12-05,28.483374,28.510881,28.36007,28.463171,122667.260043016,3695
507,2019-12-06,28.511829,28.606679,28.407494,28.492859,128674.09350408,3695
508,2019-12-09,28.435949,28.540284,28.18621,28.236765,89851.150128935,3695
509,2019-12-10,28.17037,28.17037,27.914371,27.971186,55223.410353709,3695
510,2019-12-11,27.923761,27.961701,27.629727,27.923761,88391.412769615,3695
511,2019-12-12,27.923761,28.17037,27.866851,28.122945,60772.119614284,3695
512,2019-12-13,28.122945,28.312645,28.103691,28.30316,60823.338468997,3695
513,2019-12-16,28.492859,28.635134,28.464404,28.521314,66501.991860974,3695
514,2019-12-17,28.578224,28.578224,28.359121,28.454919,62996.345805062,3695
515,2019-12-18,28.549769,28.644619,28.530799,28.568739,24700.766933999,3695
516,2019-12-19,28.511829,28.635134,28.455109,28.616164,48965.225105628,3695
517,2019-12-20,28.682559,28.751989,28.540284,28.673074,47146.007266007,3695
518,2019-12-23,28.777408,28.900713,28.673074,28.758438,131695.057434837,3695
519,2019-12-24,28.739468,28.815348,28.606679,28.805863,1417860.254608766,3695
520,2019-12-26,28.767923,28.900713,28.767923,28.872258,56580.710003604,3695
521,2019-12-27,29.024018,29.052473,28.834318,29.014533,86705.933050633,3695
522,2019-12-30,29.024018,29.024018,28.696407,28.706271,34969.198806646,3695
523,2019-12-31,28.644619,28.834318,28.644619,28.813072,20868.837803619,3695
524,2020-01-02,29.194747,29.299082,29.099897,29.251657,169306.76974575,3695
525,2020-01-03,29.261142,29.261142,28.900713,29.080928,69073.368067028,3695
526,2020-01-06,28.853288,29.080928,28.784807,29.080928,124310.05738307,3695
527,2020-01-07,29.080928,29.18678,28.929168,29.052473,69389.217671092,3695
528,2020-01-08,29.005048,29.299841,29.005048,29.261142,49092.323745101,3695
529,2020-01-09,29.393932,29.564661,29.313309,29.460326,147590.923844748,3695
530,2020-01-10,29.536206,29.611138,29.383403,29.431872,83923.04194456,3695
531,2020-01-13,29.593116,29.816013,29.517331,29.81127,68328.797679071,3695
532,2020-01-14,29.820755,29.915605,29.706936,29.782816,88584.906220753,3695
533,2020-01-15,29.81127,30.11479,29.81127,29.953545,78493.843344982,3695
534,2020-01-16,30.200154,30.309706,30.171699,30.247579,67586.124285732,3695
535,2020-01-17,30.276034,30.342429,30.191618,30.257064,69065.780088552,3695
536,2020-01-21,30.209639,30.40797,30.135657,30.304489,159966.916739104,3695
537,2020-01-22,30.484704,30.731313,30.484704,30.608008,193584.506879712,3695
538,2020-01-23,30.655433,30.712343,30.513158,30.683888,96952.549485162,3695
539,2020-01-24,30.845133,31.063287,30.513253,30.769253,146821.692526743,3695
540,2020-01-27,29.991485,30.219124,29.744876,29.991485,120838.5572303,3695
541,2020-01-28,30.200154,30.68569,30.200154,30.666341,59099.918857636,3695
542,2020-01-29,30.854617,30.993952,30.718982,30.873587,96730.601114739,3695
543,2020-01-30,30.446764,30.949467,30.361399,30.864102,143395.720244829,3695
544,2020-01-31,30.769253,30.804063,30.143244,30.214097,104952.175793485,3695
545,2020-02-03,30.437279,30.781204,30.399339,30.759768,1556409.15360205,3695
546,2020-02-04,31.139167,31.471141,31.120197,31.385776,112169.29182147,3695
547,2020-02-05,31.547021,31.64187,31.110712,31.234016,182709.036728985,3695
548,2020-02-06,31.262471,31.290926,31.123991,31.167622,122795.307179799,3695
549,2020-02-07,30.987407,31.101227,30.873587,30.968437,78162.817783967,3695
550,2020-02-10,30.854617,31.211822,30.835648,31.196077,128527.076421107,3695
551,2020-02-11,31.385776,31.555557,31.281441,31.281441,89952.639341052,3695
552,2020-02-12,31.414231,31.528051,31.215046,31.414231,169662.456236813,3695
553,2020-02-13,31.300411,31.897965,31.204613,31.689295,72547.713711727,3695
554,2020-02-14,31.75569,32.049724,31.74905,32.049724,97757.823700927,3695
555,2020-02-18,31.964359,32.152731,31.964359,32.125604,114835.517758475,3695
556,2020-02-19,32.286848,32.675732,32.248909,32.618822,161980.576527172,3695
557,2020-02-20,32.457578,32.580883,31.78424,32.258393,212273.6978661,3695
558,2020-02-21,32.125604,32.220454,31.689295,31.878995,124546.233213136,3695
559,2020-02-24,30.446764,30.807193,30.143244,30.598523,221771.949923433,3695
560,2020-02-25,30.712343,30.788223,29.555176,29.668996,272009.109921101,3695
561,2020-02-26,29.763846,30.180331,29.412902,29.545691,140800.631606037,3695
562,2020-02-27,29.137837,29.773331,28.654104,28.654104,385177.169409474,3695
563,2020-02-28,27.715091,28.549769,27.506422,28.549769,509889.389651772,3695
564,2020-03-02,28.540284,29.479296,28.11346,29.479296,318103.233670872,3695
565,2020-03-03,29.735391,30.181184,28.616733,28.986078,437883.26790377,3695
566,2020-03-04,29.299082,29.839725,28.904602,29.81127,182799.143973388,3695
567,2020-03-05,28.919683,29.204232,28.407494,28.682559,478559.575021678,3695
568,2020-03-06,27.800456,28.165628,27.463834,28.09449,270238.265444264,3695
569,2020-03-09,25.789642,26.463075,25.419728,25.457668,552535.725681511,3695
570,2020-03-10,26.757109,27.164963,25.725523,27.00277,268598.313596139,3695
571,2020-03-11,26.150071,26.3208,25.135179,25.467153,277949.548570499,3695
572,2020-03-12,23.712433,24.034922,22.356082,22.725996,352405.63886894,3695
573,2020-03-13,24.328956,24.746295,22.9727,24.746295,203196.578614185,3695
574,2020-03-16,19.946898,22.772187,19.946898,21.568829,309272.723719427,3695
575,2020-03-17,21.758528,22.124364,20.805288,22.052562,221990.104304618,3695
576,2020-03-18,20.212478,20.673353,18.808702,19.814109,317582.508647957,3695
577,2020-03-19,19.766684,20.601267,19.060053,20.155568,244947.533183756,3695
578,2020-03-20,20.743636,21.227275,19.482135,19.482135,198572.654230373,3695
579,2020-03-23,19.539045,19.652864,18.638067,19.250322,230679.288156948,3695
580,2020-03-24,20.468572,21.549764,20.468572,21.398099,217280.815162951,3695
581,2020-03-25,21.815438,23.202521,21.668895,22.394021,258264.435409136,3695
582,2020-03-26,22.858785,24.025437,22.858785,23.95743,179198.648186526,3695
583,2020-03-27,23.247669,23.446853,22.650116,22.81136,113359.655944893,3695
584,2020-03-30,23.029515,23.541703,22.896725,23.418399,113085.540222447,3695
585,2020-03-31,23.323549,23.541703,22.763935,22.915695,227285.564783557,3695
586,2020-04-01,22.005138,22.384537,21.530889,21.682648,130572.985117699,3695
587,2020-04-02,21.559344,22.166382,21.341189,21.919773,205884.619989308,3695
588,2020-04-03,21.692133,21.805953,20.971276,21.2084,123429.851879854,3695
589,2020-04-06,22.185352,23.348684,22.185352,23.228699,139998.2028822,3695
590,2020-04-07,24.120287,24.215136,23.276124,23.314064,158613.411078447,3695
591,2020-04-08,23.627068,24.309891,23.484793,24.224621,95593.352840648,3695
592,2020-04-09,24.594535,25.142862,24.480716,24.79372,150495.222606437,3695
593,2020-04-13,24.6799,24.6799,23.968527,24.404836,116116.937623609,3695
594,2020-04-14,25.125694,25.495608,24.945479,25.353333,194870.669231394,3695
595,2020-04-15,24.60402,24.64196,24.328956,24.404836,143151.956436288,3695
596,2020-04-16,24.66093,24.761471,24.186681,24.58505,287365.281361906,3695
597,2020-04-17,25.248998,25.543033,25.135179,25.543033,194675.278785637,3695
598,2020-04-20,25.258483,25.675822,25.144664,25.192089,203331.265232134,3695
599,2020-04-21,24.879084,24.954964,24.300501,24.480716,110936.24531912,3695
600,2020-04-22,24.983419,25.417736,24.746295,25.299648,156783.759768422,3695
601,2020-04-23,25.419728,25.723247,25.211058,25.305908,202695.772034769,3695
602,2020-04-24,25.410243,25.848638,25.211058,25.723247,197508.440249114,3695
603,2020-04-27,26.026766,26.420393,25.893977,26.387195,213594.006120924,3695
604,2020-04-28,26.406165,26.52947,25.770672,25.988826,113409.926302296,3695
605,2020-04-29,26.41565,27.032173,26.387195,26.832989,228333.654310554,3695
606,2020-04-30,26.861444,26.899384,26.463075,26.624319,92795.285777623,3695
607,2020-05-01,26.169041,26.225951,25.732732,25.893977,149288.734028753,3695
608,2020-05-04,25.884492,26.482045,25.799127,26.43462,79030.692822159,3695
609,2020-05-05,26.681229,27.174448,26.643289,26.956294,82726.986837281,3695
610,2020-05-06,27.259813,27.468482,27.079598,27.212388,163317.957733567,3695
611,2020-05-07,27.648697,28.24625,27.648697,27.961701,152385.57774427,3695
612,2020-05-08,28.20831,28.344894,28.122945,28.255735,110872.695999384,3695
613,2020-05-11,28.255735,28.445434,28.07552,28.274705,166834.037259884,3695
614,2020-05-12,28.331615,28.331615,27.468482,27.534877,125743.236817725,3695
615,2020-05-13,27.629727,27.885821,26.913611,27.278783,193649.004696758,3695
616,2020-05-14,26.738139,27.278783,26.39668,27.250328,152704.272840262,3695
617,2020-05-15,27.202903,27.487452,26.880414,27.458997,99206.179092534,3695
618,2020-05-18,28.11346,28.673074,28.11346,28.530799,150030.458924782,3695
619,2020-05-19,28.416979,28.805863,28.26522,28.26522,92736.478944434,3695
620,2020-05-20,28.872258,29.175777,28.824833,28.995563,229283.100117364,3695
621,2020-05-21,28.995563,29.194652,28.644619,28.881743,128969.076167334,3695
622,2020-05-22,28.881743,29.194747,28.796378,29.090412,106108.394013765,3695
623,2020-05-26,30.143244,30.228609,29.574146,29.668996,263381.578393889,3695
624,2020-05-27,29.773331,29.773331,28.967108,29.706936,178036.738982388,3695
625,2020-05-28,29.972515,30.420206,29.90612,29.90612,144063.462350717,3695
626,2020-05-29,30.190669,30.546356,30.01994,30.494189,94072.91165352,3695
627,2020-06-01,30.645948,31.148652,30.645948,31.120197,137087.264639345,3695
628,2020-06-02,31.319381,31.433201,31.072772,31.404746,179409.214589235,3695
629,2020-06-03,31.613415,32.078179,31.493905,31.954874,141145.884626695,3695
630,2020-06-04,31.765175,31.77466,31.319381,31.499596,232618.016657566,3695
631,2020-06-05,31.575475,32.097149,31.575475,31.85054,164683.793859247,3695
632,2020-06-08,31.916934,32.087664,31.67981,32.059209,149520.167372271,3695
633,2020-06-09,31.594445,32.030754,31.538484,31.79363,155608.571601951,3695
634,2020-06-10,32.163544,32.324788,31.822085,32.049724,246368.382153387,3695
635,2020-06-11,31.300411,31.366806,30.228609,30.257064,353166.333711159,3695
636,2020-06-12,31.101227,31.224531,30.11479,30.774944,172999.269771634,3695
637,2020-06-15,30.323459,31.414231,30.143339,31.328866,195437.870622475,3695
638,2020-06-16,32.182514,32.239424,31.471141,31.87577,177818.584601203,3695
639,2020-06-17,32.210969,32.485084,32.106634,32.239424,170329.249845391,3695
640,2020-06-18,31.56599,31.765175,31.414231,31.746205,161714.048783203,3695
641,2020-06-19,31.973844,32.002299,31.167622,31.186592,104014.111954389,3695
642,2020-06-22,31.186592,31.75569,31.123801,31.66084,116645.250625001,3695
643,2020-06-23,32.068694,32.191999,31.839158,31.86951,206951.679462496,3695
644,2020-06-24,31.547021,31.77466,30.570068,30.740798,214363.237438929,3695
645,2020-06-25,30.702858,31.205561,30.522643,31.186592,96499.167771221,3695
646,2020-06-26,31.129682,31.186592,30.589038,30.589038,96324.644266273,3695
647,2020-06-29,30.939982,30.996892,30.465734,30.939982,103213.580225171,3695
648,2020-06-30,30.939982,31.60393,30.939982,31.512306,243334.139260297,3695
649,2020-07-01,31.632385,32.248909,31.56599,32.106634,103644.198003684,3695
650,2020-07-02,32.552428,32.704187,32.286848,32.362728,225377.188196843,3695
651,2020-07-06,32.946054,33.197406,32.656857,32.770582,353247.904479776,3695
652,2020-07-07,32.618822,33.187921,32.533458,32.552428,111644.772809317,3695
653,2020-07-08,32.789552,33.254695,32.789552,33.254316,135090.677802847,3695
654,2020-07-09,33.56732,33.614745,32.841055,33.225861,105790.647415083,3695
655,2020-07-10,33.206891,33.225861,32.912857,33.131011,94676.155942362,3695
656,2020-07-13,33.33968,33.496182,32.258393,32.267878,161299.555458951,3695
657,2020-07-14,31.88848,32.315303,31.433201,32.277363,151588.84000429,3695
658,2020-07-15,32.694702,33.007706,32.505003,32.827492,232999.312575985,3695
659,2020-07-16,32.429123,32.523973,32.161078,32.324788,83436.462824787,3695
660,2020-07-17,32.542943,32.818007,32.419638,32.723157,75698.621773886,3695
661,2020-07-20,32.874917,33.681139,32.865432,33.633715,236825.550722508,3695
662,2020-07-21,33.946719,34.098478,33.671654,33.757019,149283.043044896,3695
663,2020-07-22,33.842384,34.134521,33.794959,34.003629,173191.814725462,3695
664,2020-07-23,33.880324,34.193328,33.292256,33.49144,95941.451353235,3695
665,2020-07-24,33.026676,33.183178,32.628307,32.941312,128638.999103628,3695
666,2020-07-27,33.273286,33.60526,33.206891,33.538865,102779.16845742,3695
667,2020-07-28,33.282771,33.557835,33.149981,33.187921,197386.084096188,3695
668,2020-07-29,33.444015,34.117448,33.406075,34.041568,140959.030656724,3695
669,2020-07-30,33.62423,34.051053,33.33968,34.013114,231439.982999167,3695
670,2020-07-31,34.145903,34.212298,33.513635,33.937234,223590.219265745,3695
671,2020-08-03,34.193328,34.685598,34.193328,34.629637,154336.636709912,3695
672,2020-08-04,34.430452,34.667577,34.27395,34.506332,148818.279363241,3695
673,2020-08-05,35.056461,35.22719,34.895216,35.009036,138193.212502222,3695
674,2020-08-06,35.11337,35.41689,35.009036,35.39792,171852.536524448,3695
675,2020-08-07,35.39792,35.39792,34.795624,35.084915,128638.050606319,3695
676,2020-08-10,34.999551,35.13234,34.202813,34.288178,156749.61386528,3695
677,2020-08-11,34.202813,34.686547,33.871787,34.060538,183579.757259106,3695
678,2020-08-12,34.183843,34.534787,34.145903,34.288178,174451.419152478,3695
679,2020-08-13,34.288178,34.838306,34.288178,34.591697,133649.910389717,3695
680,2020-08-14,34.677062,34.733971,34.496942,34.591697,66786.541053824,3695
681,2020-08-17,34.724487,35.35998,34.724487,35.312555,115084.972550873,3695
682,2020-08-18,35.369465,35.492769,35.127598,35.388435,200362.468653399,3695
683,2020-08-19,35.635044,35.786803,35.254412,35.293585,370768.54678086,3695
684,2020-08-20,35.0944,35.521224,35.046976,35.473799,193108.361230343,3695
685,2020-08-21,35.236675,35.38834,35.13234,35.34101,144686.625083059,3695
686,2020-08-24,35.976503,36.033413,35.521224,35.720409,221038.76150319,3695
687,2020-08-25,35.948048,36.441267,35.929078,36.431782,214937.078311176,3695
688,2020-08-26,36.782726,37.01046,36.621481,36.811181,199950.820821076,3695
689,2020-08-27,37.067275,37.19058,36.744786,37.010365,146674.675443771,3695
690,2020-08-28,37.010365,37.05779,36.754271,37.00088,196668.071632897,3695
691,2020-08-31,37.086245,37.19058,36.929743,36.98191,314807.20552036,3695
692,2020-09-01,36.98191,37.522554,36.88706,37.389764,226126.501071348,3695
693,2020-09-02,37.626888,37.731223,37.058454,37.607918,278580.299281317,3695
694,2020-09-03,37.1147,37.1147,35.502254,35.834228,335368.730195701,3695
695,2020-09-04,35.625559,35.758349,33.823414,34.942641,416838.958097894,3695
696,2020-09-08,34.145903,34.705517,33.868183,34.126933,144577.547892466,3695
697,2020-09-09,34.724487,35.17028,34.430452,34.999551,227049.388953491,3695
698,2020-09-10,35.274615,35.616074,34.48262,34.563242,167622.238524078,3695
699,2020-09-11,34.838306,34.838306,33.747534,34.169616,156759.098838375,3695
700,2020-09-14,34.420967,34.857276,34.383027,34.696032,58573.502850863,3695
701,2020-09-15,35.17028,35.369465,35.051718,35.293585,148938.738521547,3695
702,2020-09-16,35.663499,35.876911,35.255645,35.312555,134898.132849019,3695
703,2020-09-17,34.601182,34.885731,34.421062,34.866761,120236.261438768,3695
704,2020-09-18,35.198735,35.236675,34.500641,34.923671,55934.783335834,3695
705,2020-09-21,34.117448,34.733971,33.861354,34.715002,234334.796787761,3695
706,2020-09-22,35.065946,35.578134,34.809851,35.559164,317882.233797759,3695
707,2020-09-23,35.587619,35.597104,34.620152,34.677062,177545.417376067,3695
708,2020-09-24,34.335603,34.961611,34.060538,34.620152,96960.137463638,3695
709,2020-09-25,34.487362,35.364722,34.411482,35.255645,196130.27365841,3695
710,2020-09-28,35.834228,36.042898,35.710924,35.834228,199943.2328426,3695
711,2020-09-29,35.985988,36.289507,35.985988,36.118778,195275.677582551,3695
712,2020-09-30,36.147232,36.393842,35.796288,36.014443,201331.832903708,3695
713,2020-10-01,36.545601,36.678391,36.326119,36.621481,165582.969308653,3695
714,2020-10-02,35.995473,36.422297,35.882602,36.289507,201559.472257988,3695
715,2020-10-05,36.536116,36.915515,36.536116,36.88706,180789.278174557,3695
716,2020-10-06,36.915515,37.351824,36.450752,36.545601,160518.942173233,3695
717,2020-10-07,37.05779,37.370794,36.915515,37.313884,144576.599395157,3695
718,2020-10-08,37.797618,37.939892,37.664828,37.892468,104135.519610005,3695
719,2020-10-09,38.214957,38.530806,38.025257,38.480536,133428.910516603,3695
720,2020-10-12,38.897875,39.097059,38.71766,38.935815,135227.261415415,3695
721,2020-10-13,38.840965,39.063862,38.746115,38.79354,338001.758726873,3695
722,2020-10-14,38.964269,39.011694,38.186502,38.452081,149497.403436843,3695
723,2020-10-15,37.683798,38.167532,37.513069,38.139077,174206.706846627,3695
724,2020-10-16,38.357231,38.575386,38.110622,38.110622,151173.398182729,3695
725,2020-10-19,38.423626,38.504248,37.588948,37.674313,106361.642795402,3695
726,2020-10-20,37.968347,38.338166,37.930407,37.930407,149867.317387548,3695
727,2020-10-21,37.864013,38.153304,37.569978,37.816588,158097.428542079,3695
728,2020-10-22,37.731223,37.788133,37.086245,37.494099,143064.694683814,3695
729,2020-10-23,37.712253,37.854528,37.318627,37.645858,94068.169166972,3695
730,2020-10-26,37.105215,37.162125,36.042898,36.536116,199348.525029544,3695
731,2020-10-27,36.668906,36.830151,36.270537,36.384357,170490.494388006,3695
732,2020-10-28,35.891138,35.897114,35.350495,35.39792,169283.057313013,3695
733,2020-10-29,35.37895,35.786709,35.255645,35.568649,164020.794239907,3695
734,2020-10-30,35.32204,35.37895,34.231268,34.468392,231063.429567295,3695
735,2020-11-02,34.847791,35.052667,34.335603,34.648891,111499.652720963,3695
736,2020-11-03,34.904701,35.616074,34.762426,35.483284,153794.096248878,3695
737,2020-11-04,36.317962,37.422961,36.175687,37.086245,319206.336041821,3695
738,2020-11-05,37.939892,38.034742,37.61029,37.939892,146330.370920422,3695
739,2020-11-06,38.015772,38.366716,37.655343,38.101137,159026.00740808,3695
740,2020-11-09,38.925097,39.106544,38.152925,38.158047,261577.53651122,3695
741,2020-11-10,37.598433,37.712253,36.479207,37.247489,168125.890595423,3695
742,2020-11-11,37.892468,38.243412,37.797618,38.205472,110802.507198481,3695
743,2020-11-12,38.328776,38.404656,37.741846,37.920922,97755.926706308,3695
744,2020-11-13,38.205472,38.376201,37.996802,38.338261,63925.873168372,3695
745,2020-11-16,38.347746,38.62281,38.263709,38.527961,166211.823024852,3695
746,2020-11-17,38.243412,38.765085,38.129592,38.613325,210702.986321568,3695
747,2020-11-18,38.651265,38.859935,38.376201,38.404656,146022.109294835,3695
748,2020-11-19,38.556416,39.153969,38.499506,38.983239,279203.462013658,3695
749,2020-11-20,39.144484,39.400578,38.983239,39.172939,146393.920240159,3695
750,2020-11-23,39.552338,39.851114,39.253561,39.732552,211330.891540457,3695
751,2020-11-24,40.045556,40.064526,39.647188,40.055041,237722.829177295,3695
752,2020-11-25,39.789462,40.211543,39.742037,40.149891,221111.795796021,3695
753,2020-11-27,40.481865,40.671565,40.282681,40.671565,87725.567658346,3695
754,2020-11-30,40.775899,40.837552,40.021844,40.52929,95655.005165766,3695
755,2020-12-01,40.965599,41.107873,40.62414,40.861264,177505.580489068,3695
756,2020-12-02,40.614655,40.62414,40.254226,40.45341,154352.761164173,3695
757,2020-12-03,40.60517,41.022509,40.52929,40.68105,159339.960017524,3695
758,2020-12-04,40.804354,41.392423,40.804354,41.221693,131433.272177415,3695
759,2020-12-07,41.373453,41.624804,41.316543,41.534697,202323.961089445,3695
760,2020-12-08,41.534697,41.921684,41.534697,41.866671,206699.379178169,3695
761,2020-12-09,42.540104,42.540104,41.014921,41.183753,307002.969657794,3695
762,2020-12-10,40.975084,41.713204,40.685792,41.676972,202546.857957178,3695
763,2020-12-11,41.733882,42.159757,41.63998,42.122766,148331.700243467,3695
764,2020-12-14,42.777229,43.048499,42.521134,42.625469,252298.387332381,3695
765,2020-12-15,42.957443,43.194567,42.867526,43.118688,222996.459949998,3695
766,2020-12-16,43.498087,43.782636,43.25622,43.782636,224528.28310484,3695
767,2020-12-17,44.332764,44.702678,44.305258,44.569889,268870.532323965,3695
768,2020-12-18,44.674223,44.683708,44.237915,44.512979,299177.866854419,3695
769,2020-12-21,43.913528,44.190395,43.289417,44.07667,228720.64121283,3695
770,2020-12-22,44.304309,44.664738,44.252142,44.531949,193991.412225488,3695
771,2020-12-23,45.072592,45.072592,44.342249,44.399159,235977.594127815,3695
772,2020-12-24,44.541434,44.579374,44.309431,44.531949,133679.313806311,3695
773,2020-12-28,45.006197,45.044137,44.09564,44.294824,157902.986593632,3695
774,2020-12-29,44.512979,44.597585,43.668816,43.98182,254059.746836123,3695
775,2020-12-30,44.086155,44.361124,44.010275,44.22843,123073.216891482,3695
776,2020-12-31,44.304309,44.370704,44.029245,44.304309,121786.106042491,3695
777,2021-01-04,44.740618,44.769073,43.441177,43.96285,438642.06575137,3695
778,2021-01-05,43.972335,44.446489,43.972335,44.237915,224327.201675226,3695
779,2021-01-06,43.521799,43.934395,43.280786,43.441177,361522.595007854,3695
780,2021-01-07,43.355812,43.820576,43.346327,43.811091,322887.45409999,3695
781,2021-01-08,44.427614,44.64776,43.94388,44.475039,220402.319808515,3695
782,2021-01-11,43.716241,43.772202,43.289417,43.460147,253890.914315032,3695
783,2021-01-12,43.403237,43.507572,43.061778,43.460147,310775.143457675,3695
784,2021-01-13,43.403237,43.536027,43.166113,43.223022,221755.825469172,3695
785,2021-01-14,43.630876,44.048215,43.441177,43.488602,301754.93404433,3695
786,2021-01-15,43.706756,43.820576,43.15843,43.403237,197539.740660327,3695
787,2021-01-19,44.09564,44.414145,43.860033,44.256884,388000.845899856,3695
788,2021-01-20,44.769073,45.148472,44.731133,44.958772,230211.678983364,3695
789,2021-01-21,45.470961,45.489931,45.006197,45.233837,288829.761207774,3695
790,2021-01-22,44.873408,45.205382,44.807013,44.920833,181144.96466562,3695
791,2021-01-25,45.262292,45.433021,43.973284,44.769073,285593.48838776,3695
792,2021-01-26,45.053622,45.053622,44.20946,44.294824,271753.964144845,3695
793,2021-01-27,43.517057,43.564481,42.587529,42.834138,342822.022053752,3695
794,2021-01-28,42.947958,43.677163,42.886306,43.403237,215168.511654694,3695
795,2021-01-29,43.251477,43.431692,42.345662,42.682379,272295.55610857,3695
796,2021-02-01,43.166113,44.105125,43.166113,44.010275,277889.793240001,3695
797,2021-02-02,44.645768,45.101047,44.645768,45.025167,347837.675826388,3695
798,2021-02-03,45.262292,45.262292,44.645768,44.958772,276208.107510257,3695
799,2021-02-04,45.470961,46.277184,45.349553,46.201304,325669.396708754,3695
800,2021-02-05,46.476368,47.405896,46.476368,47.263621,386539.211545916,3695
801,2021-02-08,47.7189,48.211075,47.68096,48.155208,443775.333190384,3695
802,2021-02-09,47.880144,48.231088,47.550352,48.107784,414469.611818763,3695
803,2021-02-10,48.724307,49.027826,48.117269,48.847611,387723.884685482,3695
804,2021-02-11,49.151131,49.472481,48.857096,49.151131,254157.442059001,3695
805,2021-02-12,49.084736,49.500178,48.909264,49.483105,181015.969031528,3695
806,2021-02-16,50.099628,50.147053,49.39774,49.824564,356795.284417306,3695
807,2021-02-17,49.331345,49.45465,48.278513,48.914006,367869.939003028,3695
808,2021-02-18,48.648427,48.913722,48.060359,48.838126,312097.348707118,3695
809,2021-02-19,49.255465,49.587439,49.094221,49.217525,237082.593493382,3695
810,2021-02-22,48.619972,48.695852,47.908599,47.908599,309306.869622569,3695
811,2021-02-23,46.609158,47.271399,45.290936,47.121346,414964.727414322,3695
812,2021-02-24,46.533278,46.998042,45.793735,46.827312,265823.010468542,3695
813,2021-02-25,46.817827,46.969587,44.835468,45.063107,412512.861869264,3695
814,2021-02-26,44.968257,45.090234,43.943975,44.636283,631379.564533699,3695
815,2021-03-01,45.689115,46.305639,45.480446,46.210789,203616.762922294,3695
816,2021-03-02,46.324609,46.372033,45.565811,45.73654,518173.565152945,3695
817,2021-03-03,45.385596,45.546177,43.782636,44.0577,377870.894634396,3695
818,2021-03-04,43.716241,44.0577,41.629547,42.274525,515384.983063015,3695
819,2021-03-05,42.682379,42.691864,40.168861,42.407315,617465.109003334,3695
820,2021-03-08,42.34092,42.661133,41.107873,41.183753,279726.084031193,3695
821,2021-03-09,42.236585,43.045084,42.20813,42.777229,311495.052915586,3695
822,2021-03-10,43.346327,43.621391,42.559074,42.853108,509542.239636495,3695
823,2021-03-11,43.725726,44.522464,43.611906,44.437099,218108.853314144,3695
824,2021-03-12,43.640361,44.275854,43.166207,44.17152,191482.63684186,3695
825,2021-03-15,44.11461,44.22843,43.678301,44.20946,375827.831429733,3695
826,2021-03-16,44.655253,44.767555,43.706756,43.98182,315707.329467075,3695
827,2021-03-17,43.649846,44.408644,43.204052,44.247399,131326.091981442,3695
828,2021-03-18,43.412722,43.564481,42.2271,42.274525,288291.963233287,3695
829,2021-03-19,42.615984,43.033228,42.20813,42.729804,187905.853487736,3695
830,2021-03-22,42.900533,43.147143,42.729804,42.919503,307421.256971283,3695
831,2021-03-23,42.919503,43.014353,42.24607,42.388345,101645.714172568,3695
832,2021-03-24,42.511649,42.767744,41.402002,41.468302,128604.853200486,3695
833,2021-03-25,40.889719,41.420878,40.501784,41.363968,170058.928112184,3695
834,2021-03-26,41.601092,41.951941,40.975084,41.828731,134655.317537787,3695
835,2021-03-29,41.392423,41.553667,40.538775,40.956114,178190.395546527,3695
836,2021-03-30,40.718989,41.107873,40.405985,40.965599,103260.056593337,3695
837,2021-03-31,41.392423,42.075341,41.316543,41.857186,119481.257580406,3695
838,2021-04-01,42.587529,43.174459,42.483194,43.023838,159859.73654313,3695
839,2021-04-05,43.498087,43.498087,42.978215,43.308387,201378.309271874,3695
840,2021-04-06,43.346327,43.915425,43.185083,43.830061,186791.369149073,3695
841,2021-04-07,43.830061,44.256884,43.759208,43.915425,211895.24743961,3695
842,2021-04-08,44.218945,44.759588,44.218945,44.712163,225081.257036279,3695
843,2021-04-09,44.607828,45.034652,44.456069,44.977742,142027.98712453,3695
844,2021-04-12,44.892378,44.901863,44.351734,44.835468,153893.688466375,3695
845,2021-04-13,45.082077,45.583832,45.082077,45.527871,213945.898622749,3695
846,2021-04-14,45.77448,45.916755,44.873408,45.025167,224004.712589996,3695
847,2021-04-15,45.300232,45.723072,45.148472,45.622721,278199.003362898,3695
848,2021-04-16,45.71757,45.75551,45.157957,45.461476,133620.506973122,3695
849,2021-04-19,45.072592,45.347656,44.408739,44.645768,132874.988087855,3695
850,2021-04-20,44.674223,44.863923,43.972335,44.275854,123044.761972197,3695
851,2021-04-21,43.953365,44.569889,43.758923,44.512979,122130.410565839,3695
852,2021-04-22,44.674223,45.328686,44.427614,44.683708,205766.057825621,3695
853,2021-04-23,44.712163,45.414051,44.712163,45.357141,189310.578003105,3695
854,2021-04-26,45.395081,46.0522,45.376111,45.98315,139335.20326286,3695
855,2021-04-27,45.83139,45.859845,45.395081,45.442506,360942.11465444,3695
856,2021-04-28,45.527871,45.71757,45.214867,45.470961,108369.611599613,3695
857,2021-04-29,45.897785,45.897785,44.712163,45.138987,123443.130842187,3695
858,2021-04-30,44.456069,44.700876,44.105125,44.124095,162566.747864443,3695
859,2021-05-03,44.332764,44.456069,43.830061,43.953365,147742.683414268,3695
860,2021-05-04,43.298902,43.393752,42.027916,42.331435,201273.026070519,3695
861,2021-05-05,42.701349,42.79193,41.895126,42.094311,118282.356981198,3695
862,2021-05-06,41.971006,41.971006,40.927659,41.515727,161335.598356712,3695
863,2021-05-07,42.094311,42.485186,41.933066,42.094311,112884.458792833,3695
864,2021-05-10,42.094311,42.094311,40.794869,40.856522,158570.72869952,3695
865,2021-05-11,39.637703,40.785384,39.220364,40.595685,328123.15924843,3695
866,2021-05-12,39.969677,40.43444,39.277274,39.315213,427791.25653069,3695
867,2021-05-13,39.410063,39.742037,38.537635,39.059119,234587.097072088,3695
868,2021-05-14,39.334183,40.197316,39.231746,40.102466,137215.311776127,3695
869,2021-05-17,39.941222,40.178346,39.628218,40.007617,271728.354717489,3695
870,2021-05-18,40.102466,40.755127,40.069743,40.254226,120634.630308758,3695
871,2021-05-19,39.466973,40.212397,39.286759,40.206801,163277.172349259,3695
872,2021-05-20,40.718989,41.544182,40.718989,41.449332,274258.945539235,3695
873,2021-05-21,41.733882,41.942551,41.375255,41.449332,150875.570027546,3695
874,2021-05-24,41.781306,42.17019,41.733882,42.075341,252890.249653509,3695
875,2021-05-25,42.312465,42.653924,42.26504,42.35989,189734.556300452,3695
876,2021-05-26,42.634954,42.767744,42.45474,42.701349,127711.368734937,3695
877,2021-05-27,42.710834,42.862593,42.309904,42.748774,177210.597825814,3695
878,2021-05-28,42.824654,43.059122,42.748774,42.815169,151619.191918194,3695
879,2021-06-01,43.061778,43.260962,42.563817,42.910018,621933.479828388,3695
880,2021-06-02,42.568559,43.099718,42.540199,42.928988,282692.983615309,3695
881,2021-06-03,42.737581,42.801984,42.312465,42.426285,217727.557395725,3695
882,2021-06-04,42.720319,42.995383,42.720319,42.966928,114171.569641825,3695
883,2021-06-07,42.919503,43.04167,42.777229,42.985898,110537.87644913,3695
884,2021-06-08,43.223022,43.356571,42.862593,43.232507,81432.288009813,3695
885,2021-06-09,43.393752,43.550633,42.976413,42.995383,111914.146045215,3695
886,2021-06-10,43.033323,43.545511,42.995383,43.479117,115985.096497589,3695
887,2021-06-11,43.602421,43.858516,43.545511,43.858516,119148.335024771,3695
888,2021-06-14,43.877486,44.256884,43.877486,44.256884,116082.791720467,3695
889,2021-06-15,44.323279,44.323279,43.89693,44.029245,98861.874569185,3695
890,2021-06-16,44.010275,44.304499,43.412722,43.991305,143869.02040227,3695
891,2021-06-17,43.858516,44.778558,43.858516,44.636283,253176.695840978,3695
892,2021-06-18,44.607828,45.021658,44.522464,44.873408,171904.703876471,3695
893,2021-06-21,44.939803,45.328686,44.437099,45.224352,142618.900948349,3695
894,2021-06-22,45.195897,45.505107,44.906605,45.451991,98723.393961998,3695
895,2021-06-23,45.622721,45.7649,45.489931,45.670145,305647.567002518,3695
896,2021-06-24,46.400488,46.476368,46.134909,46.343579,673950.020778678,3695
897,2021-06-25,46.215531,46.343579,45.783965,46.153879,149343.746872704,3695
898,2021-06-28,45.935725,46.106454,45.614658,45.859845,213478.289449165,3695
899,2021-06-29,45.81242,45.992635,45.71757,45.75551,71179.032094118,3695
900,2021-06-30,45.508901,45.527871,45.167442,45.214867,130793.984990812,3695
901,2021-07-01,45.157957,45.451991,44.968257,45.252807,162140.872572478,3695
902,2021-07-02,45.6986,45.708085,45.262292,45.499416,122297.346092311,3695
903,2021-07-06,45.357141,45.508901,44.958772,45.300232,94655.289001553,3695
904,2021-07-07,45.613236,45.81242,45.02991,45.451991,591468.694744558,3695
905,2021-07-08,44.590756,44.683708,43.801606,44.465554,100432.586113717,3695
906,2021-07-09,44.579374,45.140789,44.579374,45.129502,101587.855836688,3695
907,2021-07-12,45.214867,45.286004,44.863923,45.006197,80604.24985862,3695
908,2021-07-13,44.807013,45.281167,44.588859,44.607828,143300.870513879,3695
909,2021-07-14,44.825983,44.905941,44.105125,44.105125,81147.738816963,3695
910,2021-07-15,44.07667,44.181005,43.269499,43.583451,106890.904294103,3695
911,2021-07-16,44.00079,44.00079,43.441177,43.536027,96611.090453742,3695
912,2021-07-19,42.957443,43.018811,42.312465,42.862593,175547.88204226,3695
913,2021-07-20,42.862593,43.929653,42.72582,43.744696,203159.587219115,3695
914,2021-07-21,44.048215,44.579374,43.868001,44.579374,76462.162108033,3695
915,2021-07-22,44.693193,44.788043,44.380189,44.636283,117090.095863156,3695
916,2021-07-23,44.786146,44.89712,44.579374,44.816498,155531.743319882,3695
917,2021-07-26,44.882893,45.138987,44.76177,45.101047,131454.139118224,3695
918,2021-07-27,44.825983,45.006766,43.811091,44.323279,105670.188256776,3695
919,2021-07-28,44.531949,45.044137,44.389674,44.968257,142635.97389992,3695
920,2021-07-29,45.129502,45.527871,45.069083,45.101047,90616.587457702,3695
921,2021-07-30,44.617313,45.053622,44.465554,44.550919,98187.492982131,3695
922,2021-08-02,45.034652,45.916375,45.034652,45.442506,454284.683379644,3695
923,2021-08-03,45.442506,45.442506,44.401341,44.958772,118248.211078056,3695
924,2021-08-04,45.063107,45.157957,44.740618,45.148472,117183.048599487,3695
925,2021-08-05,45.063107,46.163364,45.063107,46.00212,184561.451974439,3695
926,2021-08-06,45.878815,46.212401,45.624618,45.92624,86096.049280625,3695
927,2021-08-09,46.153879,46.618643,46.153879,46.400488,118288.047965055,3695
928,2021-08-10,46.998042,47.007527,46.011604,46.087484,129468.934249441,3695
929,2021-08-11,46.704008,46.892474,46.153879,46.590188,188509.097776578,3695
930,2021-08-12,46.182334,46.305639,45.992635,46.239244,170466.781955269,3695
931,2021-08-13,46.599673,46.751432,46.419458,46.495338,102436.760928691,3695
932,2021-08-16,46.305639,46.305639,45.480541,46.030574,263078.059254849,3695
933,2021-08-17,45.527871,45.86933,45.198458,45.546841,130012.423207784,3695
934,2021-08-18,45.641691,46.300896,45.527871,45.71757,84363.144696168,3695
935,2021-08-19,45.470961,45.966077,45.433021,45.77448,114253.140410442,3695
936,2021-08-20,45.897785,46.423157,45.897785,46.372033,115868.43132852,3695
937,2021-08-23,46.884222,47.320531,46.884222,47.292076,162681.516038893,3695
938,2021-08-24,47.320531,47.960482,47.320531,47.880144,143393.82325021,3695
939,2021-08-25,48.003449,48.022419,47.586774,47.75684,109739.241714531,3695
940,2021-08-26,47.49126,47.60508,46.978597,47.083406,104034.030397889,3695
941,2021-08-27,47.235166,48.609539,47.235166,48.591517,103395.691708595,3695
942,2021-08-30,49.094221,49.103706,48.563062,49.046796,133343.545758748,3695
943,2021-08-31,48.866581,49.008856,48.657912,48.790702,377652.740253211,3695
944,2021-09-01,49.027826,49.411967,48.809672,49.274435,280473.499911079,3695
945,2021-09-02,49.47362,49.682194,49.146388,49.255465,109002.25930505,3695
946,2021-09-03,49.18907,49.682289,49.037311,49.521045,149101.880058781,3695
947,2021-09-07,49.587439,49.739199,49.087771,49.198555,144745.431916248,3695
948,2021-09-08,48.866581,48.989886,48.264286,48.572547,87546.30166685,3695
949,2021-09-09,48.610487,49.027826,48.574065,48.885551,76276.256635371,3695
950,2021-09-10,49.390247,49.390247,48.297483,48.373363,135593.381376882,3695
951,2021-09-13,48.382848,48.382848,47.391668,47.974994,113840.544080809,3695
952,2021-09-14,48.202633,48.278513,47.434445,47.68096,191620.168951738,3695
953,2021-09-15,47.747355,48.155208,47.538685,48.107784,123836.75722563,3695
954,2021-09-16,47.993964,48.665879,47.993964,48.619972,98564.994911312,3695
955,2021-09-17,48.638942,48.757504,47.970251,48.325938,88768.914698796,3695
956,2021-09-20,46.874737,47.386926,46.344148,46.884222,310668.911759011,3695
957,2021-09-21,47.216196,47.367956,46.713492,47.140316,179850.265838152,3695
958,2021-09-22,47.311046,48.018909,47.235166,47.880144,149633.038552101,3695
959,2021-09-23,48.183663,48.838126,48.136238,48.838126,100088.281590369,3695
960,2021-09-24,48.164693,48.297483,47.986091,48.193148,87270.288949786,3695
961,2021-09-27,47.946539,48.17304,47.56714,47.861174,173225.960628604,3695
962,2021-09-28,47.064436,47.064436,45.802935,45.85036,193029.635953655,3695
963,2021-09-29,46.106454,46.372033,45.527871,45.632206,179480.351887447,3695
964,2021-09-30,45.632206,46.021089,45.252807,45.546841,223884.25343169,3695
965,2021-10-01,45.85036,46.174841,45.233837,46.134909,152191.135795823,3695
966,2021-10-04,45.86933,45.86933,44.132442,44.418129,193796.97027704,3695
967,2021-10-05,44.636283,45.518386,44.636283,45.328686,145438.783449492,3695
968,2021-10-06,44.863923,46.077999,44.84021,46.077999,233746.728455871,3695
969,2021-10-07,46.590188,47.107119,46.391003,46.808342,182062.161563906,3695
970,2021-10-08,46.694523,46.884127,46.077999,46.153879,112207.23171385,3695
971,2021-10-11,46.153879,46.438428,45.403618,45.489931,128443.608657871,3695
972,2021-10-12,45.641691,46.05865,45.461476,45.85036,193372.043482384,3695
973,2021-10-13,46.163364,46.694523,46.163364,46.685038,78717.688710024,3695
974,2021-10-14,47.415381,47.974994,47.415381,47.937054,175290.839271386,3695
975,2021-10-15,48.193148,48.638942,48.060359,48.544092,204561.466242556,3695
976,2021-10-18,48.297483,49.113191,48.126753,48.999371,160293.199813572,3695
977,2021-10-19,49.41671,49.706002,49.160616,49.701259,160237.238472311,3695
978,2021-10-20,49.739199,49.985808,49.335518,49.587439,189347.569398176,3695
979,2021-10-21,49.464135,49.701259,49.340925,49.663319,120293.171277338,3695
980,2021-10-22,49.460625,49.460625,48.705337,49.075251,137510.294439382,3695
981,2021-10-25,49.47362,50.203963,49.37877,50.109113,197973.203930769,3695
982,2021-10-26,50.270357,50.332958,49.18907,49.691774,226606.440709955,3695
983,2021-10-27,49.43568,49.43568,48.138135,48.202633,190731.426972736,3695
984,2021-10-28,48.638942,48.914006,48.363878,48.895036,160160.410190242,3695
985,2021-10-29,48.382848,48.800187,48.316548,48.762247,134556.673817599,3695
986,2021-11-01,48.847611,49.018341,48.667397,49.018341,129651.045732865,3695
987,2021-11-02,49.018341,49.018341,48.420788,48.676882,135616.14531231,3695
988,2021-11-03,48.752762,49.151131,48.449243,49.103706,153667.946106714,3695
989,2021-11-04,49.151131,49.701259,48.838126,49.141646,205320.264090156,3695
990,2021-11-05,49.615894,49.849699,48.743277,49.236495,190021.95098523,3695
991,2021-11-08,49.41671,49.843534,49.41671,49.672804,165871.312490741,3695
992,2021-11-09,49.815079,49.843534,48.657912,49.065766,169363.67958432,3695
993,2021-11-10,48.003449,48.430178,46.950712,47.263621,252584.83351985,3695
994,2021-11-11,48.041389,48.060359,47.510325,47.870659,212050.800998368,3695
995,2021-11-12,47.870659,48.439758,47.64302,48.382848,123000.182598651,3695
996,2021-11-15,48.743277,48.743277,48.031904,48.126753,187738.917961264,3695
997,2021-11-16,47.842204,48.373363,47.68096,48.259543,185760.352573647,3695
998,2021-11-17,48.221603,48.221603,46.922162,47.054952,298447.523926104,3695
999,2021-11-18,47.102376,47.102376,45.821905,45.878815,542279.624273888,3695
1000,2021-11-19,46.324609,46.741947,46.106454,46.134909,370687.924509552,3695
1001,2021-11-22,46.087484,46.087484,43.507572,43.991305,674848.247730774,3695
1002,2021-11-23,43.706756,44.380189,42.995383,44.029245,478196.300552139,3695
1003,2021-11-24,43.507572,44.560404,43.204052,44.408644,364206.842393739,3695
1004,2021-11-26,43.811091,44.266369,43.431692,43.811091,112486.089922843,3695
1005,2021-11-29,44.408644,44.579279,43.536027,44.11461,198249.216647833,3695
1006,2021-11-30,44.01976,44.512979,42.710834,43.289417,351500.772435677,3695
1007,2021-12-01,43.96285,43.96285,41.563152,41.563152,573928.133999974,3695
1008,2021-12-02,41.544182,42.137562,40.984569,41.762337,448939.901040612,3695
1009,2021-12-03,41.961521,41.961521,39.647188,40.197316,371529.241623079,3695
1010,2021-12-06,39.865342,40.889719,39.021179,40.737959,320628.133508761,3695
1011,2021-12-07,41.828731,42.919503,41.828731,42.606499,316162.608175635,3695
1012,2021-12-08,42.549589,42.985898,41.838216,42.767744,310330.29821952,3695
1013,2021-12-09,42.540104,42.900533,41.203956,41.382938,234514.062779256,3695
1014,2021-12-10,41.610577,41.989976,40.761672,40.965599,300303.733160795,3695
1015,2021-12-13,40.766414,41.139743,40.121436,40.387015,360850.110415418,3695
1016,2021-12-14,39.931737,40.168861,39.267789,39.685127,244988.318568065,3695
1017,2021-12-15,39.552338,40.62414,38.944446,40.481865,311603.181608869,3695
1018,2021-12-16,40.766414,40.956114,38.916845,39.258304,407253.444288087,3695
1019,2021-12-17,38.632295,39.542853,38.101137,39.210879,428538.672410576,3695
1020,2021-12-20,38.233927,38.480536,37.920922,38.214957,352190.329979683,3695
1021,2021-12-21,38.613325,39.960097,38.613325,39.903282,441512.218609917,3695
1022,2021-12-22,39.742037,40.292166,39.722783,40.216286,401896.331484031,3695
1023,2021-12-23,40.083496,40.633625,39.827402,40.500835,266563.786867261,3695
1024,2021-12-27,40.595685,41.031994,40.595685,40.908689,307120.583324172,3695
1025,2021-12-28,40.775899,40.813839,40.074011,40.121436,457306.595807711,3695
1026,2021-12-29,40.026586,40.121436,39.561823,39.836887,290523.777402541,3695
1027,2021-12-30,40.12,40.87,39.53,40.45,353373.0,3695
1028,2021-12-31,40.2,40.5994,39.9654,40.03,272746.0,3695
271,2018-12-31,32.030318,32.225146,31.914406,32.126911,374671.648234761,8893
272,2019-01-02,31.750197,32.199356,31.740538,32.155889,60462.537501366,8893
273,2019-01-03,31.904747,31.904747,31.305869,31.305869,72597.546026482,8893
274,2019-01-04,31.663264,32.493965,31.557011,32.378053,85477.288418738,8893
275,2019-01-07,32.493965,33.024359,32.493965,32.870679,83913.443890984,8893
276,2019-01-08,33.131481,33.18538,32.745108,33.054206,550900.215882324,8893
277,2019-01-09,33.28603,33.613481,33.28603,33.527513,73950.817294785,8893
278,2019-01-10,33.392282,33.788315,33.266711,33.788315,57227.629951369,8893
279,2019-01-11,33.469557,33.645357,33.401942,33.57581,119951.41516087,8893
280,2019-01-14,33.343986,33.363208,33.160459,33.237733,72871.870823198,8893
281,2019-01-15,33.28603,33.595128,33.28603,33.57581,84753.80506402,8893
282,2019-01-16,33.624106,33.797974,33.614447,33.624106,78133.304512309,8893
283,2019-01-17,33.488876,33.970393,33.488876,33.797974,67651.006294164,8893
284,2019-01-18,34.049116,34.326436,33.981501,34.300259,103603.00958198,8893
285,2019-01-22,34.116732,34.116732,33.532343,33.817293,206043.036575068,8893
286,2019-01-23,33.826952,33.959575,33.459222,33.691722,120742.513782383,8893
287,2019-01-24,33.85593,34.174688,33.85593,34.082924,110823.35414341,8893
288,2019-01-25,34.377534,34.599698,34.377534,34.590039,144251.376114969,8893
289,2019-01-28,34.2906,34.300259,34.087754,34.300259,81732.368570622,8893
290,2019-01-29,34.261622,34.306055,34.087754,34.155369,149704.064415875,8893
291,2019-01-30,34.319578,34.783129,34.232644,34.696291,108495.457100862,8893
292,2019-01-31,34.686632,35.081698,34.686632,34.918456,68958.878740475,8893
293,2019-02-01,35.053686,35.188917,34.984042,35.121301,128097.122945022,8893
294,2019-02-04,35.015049,35.159939,34.928598,35.159939,141135.278248056,8893
295,2019-02-05,35.179257,35.382103,35.179257,35.299999,112489.58750374,8893
296,2019-02-06,35.28551,35.452423,35.258077,35.275851,1560781.556167341,8893
297,2019-02-07,35.034368,35.089329,34.646063,34.783225,86943.573775828,8893
298,2019-02-08,34.483786,34.773566,34.441961,34.773566,134538.926005915,8893
299,2019-02-11,34.85084,34.932945,34.754247,34.831522,121791.516350104,8893
300,2019-02-12,35.121301,35.382103,35.111642,35.382103,99122.04925817,8893
301,2019-02-13,35.459378,35.584852,35.333807,35.488356,66911.102088939,8893
302,2019-02-14,35.343466,35.594608,35.343466,35.478696,113775.243505246,8893
303,2019-02-15,35.671883,35.807113,35.604268,35.807113,78518.711533046,8893
304,2019-02-19,35.691202,35.942344,35.623586,35.787795,76342.465874598,8893
305,2019-02-20,35.826432,35.990641,35.799193,35.874729,71720.4794229,8893
306,2019-02-21,35.874729,35.952003,35.672366,35.768476,77036.005325448,8893
307,2019-02-22,35.865069,36.106552,35.836091,36.077574,60722.373312339,8893
308,2019-02-25,36.415651,36.550785,36.319058,36.377014,99388.646595823,8893
309,2019-02-26,36.222464,36.386673,36.222464,36.338376,92168.302034393,8893
310,2019-02-27,36.174168,36.357502,36.049176,36.319058,80852.404169891,8893
311,2019-02-28,36.14519,36.251442,36.053619,36.14519,83589.856542746,8893
312,2019-03-01,36.377014,36.470033,36.203146,36.377014,160951.381081198,8893
313,2019-03-04,36.560541,36.5702,35.952003,36.241783,168502.074517546,8893
314,2019-03-05,36.241783,36.347939,36.11399,36.232124,192084.347711225,8893
315,2019-03-06,36.212805,36.222464,35.79784,35.85541,85665.645233384,8893
316,2019-03-07,35.768476,35.768476,35.328977,35.517334,118294.841124368,8893
317,2019-03-08,35.111642,35.392728,35.024708,35.379205,151459.163555423,8893
318,2019-03-11,35.42074,35.961663,35.42074,35.932685,66176.027545628,8893
319,2019-03-12,35.980981,36.170884,35.980981,36.067915,70978.64335291,8893
320,2019-03-13,36.164508,36.502488,36.14519,36.405992,121979.87316475,8893
321,2019-03-14,36.434969,36.454288,36.270761,36.348036,83792.702343134,8893
322,2019-03-15,36.550881,36.818734,36.550881,36.760102,86052.018186504,8893
323,2019-03-18,36.802024,36.936771,36.676453,36.85998,181576.935251127,8893
324,2019-03-19,37.00487,37.134981,36.911947,36.99521,84484.309929219,8893
325,2019-03-20,36.956573,37.130441,36.66293,36.956573,124451.694132335,8893
326,2019-03-21,36.705431,37.362168,36.705431,37.314837,97247.174503156,8893
327,2019-03-22,37.014529,37.033848,36.415651,36.415651,102783.898921365,8893
328,2019-03-25,36.377014,36.440379,36.144707,36.357695,112771.639759517,8893
329,2019-03-26,36.579859,36.744068,36.415651,36.5702,92325.74901279,8893
330,2019-03-27,36.608837,36.608837,36.077574,36.28042,110444.708649352,8893
331,2019-03-28,36.357695,36.462788,36.165957,36.366581,96532.384539884,8893
332,2019-03-29,36.531563,36.742619,36.531563,36.695771,94284.659885108,8893
333,2019-04-01,37.014529,37.265671,37.014529,37.246353,104907.984231142,8893
334,2019-04-02,37.198056,37.36893,37.130441,37.357435,142139.847926168,8893
335,2019-04-03,37.603748,37.80302,37.571099,37.642385,112761.014503306,8893
336,2019-04-04,37.487836,37.671363,37.391243,37.516814,131330.098630254,8893
337,2019-04-05,37.603748,37.864549,37.603748,37.85489,116285.701768144,8893
338,2019-04-08,37.874209,37.893527,37.603748,37.893527,141380.625073288,8893
339,2019-04-09,37.690682,37.777615,37.613407,37.613407,78200.919779105,8893
340,2019-04-10,37.690682,37.869959,37.642385,37.806593,121262.185404329,8893
341,2019-04-11,37.777615,37.794519,37.526473,37.62268,118918.833443656,8893
342,2019-04-12,37.748638,37.845231,37.71483,37.758297,107578.787269584,8893
343,2019-04-15,37.796934,37.816253,37.594088,37.681022,85602.859628502,8893
344,2019-04-16,37.816253,37.90309,37.632726,37.729319,109857.42176061,8893
345,2019-04-17,37.845231,37.845231,37.323627,37.444369,70841.480954552,8893
346,2019-04-18,37.439539,37.444369,37.132662,37.362265,114229.231725162,8893
347,2019-04-22,37.275331,37.371924,37.271177,37.371924,80908.428248094,8893
348,2019-04-23,37.294649,37.603748,37.207715,37.555451,125021.594238187,8893
349,2019-04-24,37.536132,37.588969,37.400902,37.468517,102377.241388206,8893
350,2019-04-25,37.42988,37.42988,37.188397,37.381583,118525.698963857,8893
351,2019-04-26,37.294649,37.57477,37.178737,37.57477,154913.337756316,8893
352,2019-04-29,37.594088,37.71966,37.507154,37.618623,97778.437313696,8893
353,2019-04-30,37.642385,37.796934,37.507154,37.77549,157062.537308046,8893
354,2019-05-01,37.835571,37.912846,37.507154,37.507154,91534.650391276,8893
355,2019-05-02,37.507154,37.705654,37.304309,37.487836,95556.792833256,8893
356,2019-05-03,37.671363,37.883868,37.603748,37.883868,69254.454049612,8893
357,2019-05-06,37.111122,37.636203,36.991347,37.57477,82480.000234909,8893
358,2019-05-07,37.265671,37.294649,36.586138,36.802024,156233.767323603,8893
359,2019-05-08,36.811683,36.966232,36.705431,36.811683,67945.615670918,8893
360,2019-05-09,36.251442,36.618497,36.038937,36.502585,128625.487958414,8893
361,2019-05-10,36.492925,36.811683,36.077574,36.753727,120347.447437818,8893
362,2019-05-13,35.942344,35.971322,35.43069,35.469037,196098.762694142,8893
363,2019-05-14,35.691202,36.164412,35.691202,36.019619,161777.253268492,8893
364,2019-05-15,35.787795,36.317126,35.691202,36.29008,66866.66919933,8893
365,2019-05-16,36.309398,36.642742,36.203146,36.396332,74271.506845875,8893
366,2019-05-17,35.990641,36.242363,35.932685,35.932685,61263.295446707,8893
367,2019-05-20,35.671883,35.739498,35.4304,35.536652,48884.871961125,8893
368,2019-05-21,35.768476,36.0485,35.768476,35.961663,67248.212490536,8893
369,2019-05-22,35.768476,35.990641,35.768476,35.874729,58840.737030645,8893
370,2019-05-23,35.469037,35.469037,35.198576,35.353125,72285.549866838,8893
371,2019-05-24,35.604268,35.681156,35.488356,35.526993,87745.297653552,8893
372,2019-05-28,35.555971,35.700861,35.179257,35.179257,87073.974647506,8893
373,2019-05-29,35.063345,35.117727,34.80264,35.053686,121857.199752134,8893
374,2019-05-30,35.092323,35.28551,35.034368,35.159939,105856.529831052,8893
375,2019-05-31,34.812203,35.00539,34.757918,34.821862,106941.271896936,8893
376,2019-06-03,34.928115,35.092323,34.744588,34.8605,85887.809681428,8893
377,2019-06-04,35.14062,35.536652,35.063345,35.536652,77417.548616654,8893
378,2019-06-05,35.807113,35.836091,35.449718,35.72018,86294.467214586,8893
379,2019-06-06,35.758817,35.893661,35.665411,35.797454,81950.669289135,8893
380,2019-06-07,36.0003,36.338376,35.913366,36.193486,335762.925923194,8893
381,2019-06-10,36.415651,36.753631,36.415651,36.5702,114711.23198418,8893
382,2019-06-11,36.840661,36.99521,36.531563,36.618497,115567.04807534,8893
383,2019-06-12,36.550881,36.560541,36.415651,36.463947,94940.527973029,8893
384,2019-06-13,36.541222,36.647475,36.473607,36.647475,1504931.345793845,8893
385,2019-06-14,36.405992,36.405992,36.212805,36.232124,81624.184143748,8893
386,2019-06-17,36.279577,36.406263,36.230814,36.289329,58977.718444702,8893
387,2019-06-18,36.620917,37.035206,36.611164,36.893989,109761.323876004,8893
388,2019-06-19,36.97201,37.260881,36.97201,37.206071,109141.060143973,8893
389,2019-06-20,37.635185,37.771721,37.440523,37.586422,96419.8020927,8893
390,2019-06-21,37.459638,37.527906,37.349727,37.410875,985716.101089777,8893
391,2019-06-24,37.449886,37.527906,37.31335,37.362113,195181.19729956,8893
392,2019-06-25,37.371865,37.371865,37.001267,37.040278,72210.986652133,8893
393,2019-06-26,37.157308,37.284092,37.108546,37.147556,984388.775713529,8893
394,2019-06-27,37.196319,37.459638,37.196319,37.39137,1445893.274810213,8893
395,2019-06-28,37.537659,37.65469,37.506353,37.615679,173524.630580258,8893
396,2019-07-01,38.152071,38.306162,37.918009,38.07405,173705.053206714,8893
397,2019-07-02,38.03504,38.191081,37.937514,38.191081,196197.415552353,8893
398,2019-07-03,38.181329,38.317865,38.134809,38.317865,97325.816254739,8893
399,2019-07-05,38.005782,38.098432,37.835112,38.044793,70393.106783414,8893
400,2019-07-08,37.810731,37.830236,37.674195,37.713205,69151.604061912,8893
401,2019-07-09,37.518154,37.859494,37.430381,37.810731,79683.409159712,8893
402,2019-07-10,37.976525,38.200639,37.869832,37.99603,74207.338632427,8893
403,2019-07-11,38.054545,38.054545,37.771721,37.878999,68850.249512859,8893
404,2019-07-12,37.927762,37.976525,37.800978,37.927762,77191.626399745,8893
405,2019-07-15,37.99603,38.080877,37.99603,38.07405,223027.722992446,8893
406,2019-07-16,38.064298,38.07405,37.859494,37.878999,83965.764580069,8893
407,2019-07-17,37.95702,38.015535,37.830236,37.849741,74894.895127839,8893
408,2019-07-18,37.791226,38.166017,37.791226,38.161824,76020.342213945,8893
409,2019-07-19,38.249597,38.249597,37.918009,37.918009,94172.808950249,8893
410,2019-07-22,37.99603,38.230092,37.99603,38.171576,59431.213154442,8893
411,2019-07-23,38.366628,38.464153,38.220924,38.464153,71904.755815879,8893
412,2019-07-24,38.415391,38.727473,38.37638,38.727473,77807.989102015,8893
413,2019-07-25,38.571432,38.571432,38.191081,38.210587,88306.635446844,8893
414,2019-07-26,38.386133,38.444551,38.344684,38.37638,70534.519112257,8893
415,2019-07-29,38.512916,38.512916,38.275246,38.37638,75407.880541436,8893
416,2019-07-30,38.103308,38.304991,38.03504,38.249597,103187.113470942,8893
417,2019-07-31,38.249597,38.268809,37.65469,37.752216,84744.020017428,8893
418,2019-08-01,37.95702,38.512916,37.631479,37.810731,105228.327293489,8893
419,2019-08-02,37.635185,37.635185,37.152432,37.332855,76060.327768997,8893
420,2019-08-05,36.640422,36.767205,35.987,36.182051,170008.827507977,8893
421,2019-08-06,36.484381,36.70869,36.319562,36.70869,1452416.77182838,8893
422,2019-08-07,36.347845,36.905204,36.191804,36.884236,78403.871398038,8893
423,2019-08-08,37.079288,37.547411,37.079288,37.547411,87221.17391579,8893
424,2019-08-09,37.284092,37.284092,36.923247,37.118298,66070.765808004,8893
425,2019-08-12,36.854979,36.864731,36.542701,36.591659,61449.020798422,8893
426,2019-08-13,36.523391,37.254834,36.484381,37.118298,111242.73992782,8893
427,2019-08-14,36.503886,36.552649,36.02601,36.113783,110608.822591625,8893
428,2019-08-15,36.06502,36.123536,35.840711,36.006505,84159.840810689,8893
429,2019-08-16,36.221061,36.689185,36.221061,36.601412,71207.446746064,8893
430,2019-08-19,37.05003,37.124735,36.949481,37.040278,140115.236447901,8893
431,2019-08-20,37.05003,37.059783,36.776958,36.815968,273148.153364343,8893
432,2019-08-21,37.157308,37.284092,37.059783,37.167061,92633.852709455,8893
433,2019-08-22,37.137803,37.152432,36.752577,36.923247,72120.287710185,8893
434,2019-08-23,36.659927,37.038327,36.074773,36.10403,98524.407648867,8893
435,2019-08-26,36.377103,36.445371,36.260072,36.425865,85661.737268751,8893
436,2019-08-27,36.523391,36.640422,36.221061,36.230814,93402.355572412,8893
437,2019-08-28,36.162546,36.402849,36.06502,36.347845,94576.565530533,8893
438,2019-08-29,36.66968,36.884236,36.640422,36.796463,79958.431757876,8893
439,2019-08-30,37.030525,37.128051,36.776958,36.903742,97979.23873974,8893
440,2019-09-03,36.679432,36.836254,36.572154,36.66968,108364.755221494,8893
441,2019-09-04,37.001267,37.147556,36.991612,37.128051,124792.966803348,8893
442,2019-09-05,37.527906,37.800978,37.527906,37.6937,64201.197294949,8893
443,2019-09-06,37.771721,37.820484,37.662004,37.742463,52751.674945827,8893
444,2019-09-09,37.791226,37.810731,37.508401,37.635185,63802.317001866,8893
445,2019-09-10,37.332855,37.586422,37.206071,37.586422,50960.127027996,8893
446,2019-09-11,37.65469,37.986277,37.65469,37.986277,68437.715615612,8893
447,2019-09-12,38.132566,38.296507,38.070149,38.188156,60398.668535219,8893
448,2019-09-13,38.269102,38.356875,38.142318,38.191081,68706.886669135,8893
449,2019-09-16,37.95702,38.142221,37.908257,38.044793,74577.936459741,8893
450,2019-09-17,37.99603,38.239844,37.95702,38.239844,71338.131243064,8893
451,2019-09-18,38.161824,38.191081,37.811706,38.132566,74725.200333226,8893
452,2019-09-19,38.220339,38.418511,38.210587,38.249597,63814.02009115,8893
453,2019-09-20,38.269102,38.375405,38.005782,38.093556,51325.848568108,8893
454,2019-09-23,37.99603,38.152071,37.976525,38.113061,89226.303213047,8893
455,2019-09-24,38.200834,38.259349,37.674195,37.752216,57382.197272371,8893
456,2019-09-25,37.635185,37.923861,37.449886,37.888752,62366.738049745,8893
457,2019-09-26,37.966772,37.966772,37.722958,37.830236,131211.136017962,8893
458,2019-09-27,37.810731,37.86437,37.284092,37.508401,90216.189514952,8893
459,2019-09-30,37.576669,37.800978,37.576669,37.703453,52837.497600573,8893
460,2019-10-01,37.761968,37.903088,37.254834,37.254834,77807.013844574,8893
461,2019-10-02,36.962257,37.08904,36.49111,36.650175,126883.918755351,8893
462,2019-10-03,36.650175,37.040278,36.464681,37.040278,51893.448398363,8893
463,2019-10-04,37.206071,37.547411,37.197977,37.498649,102673.152799903,8893
464,2019-10-07,37.459638,37.634209,37.401123,37.401123,47229.767318848,8893
465,2019-10-08,37.137803,37.137803,36.659927,36.659927,76729.354373043,8893
466,2019-10-09,36.825721,37.147556,36.825721,36.981762,156052.893537284,8893
467,2019-10-10,37.020772,37.414679,37.001267,37.274339,60533.254061981,8893
468,2019-10-11,37.742463,38.113061,37.742463,37.820484,69227.674142255,8893
469,2019-10-14,37.781473,37.888069,37.752216,37.837746,64124.151957165,8893
470,2019-10-15,37.976525,38.366628,37.95702,38.308112,80483.120260758,8893
471,2019-10-16,38.220339,38.246476,38.097554,38.103308,87428.903750574,8893
472,2019-10-17,38.356875,38.454401,38.235358,38.278855,71448.335333818,8893
473,2019-10-18,38.220339,38.293483,37.986277,38.122813,102187.474594634,8893
474,2019-10-21,38.33737,38.434896,38.281293,38.395885,59825.217160323,8893
475,2019-10-22,38.454401,38.532421,38.230092,38.269102,117089.408282418,8893
476,2019-10-23,38.113061,38.345172,38.093556,38.278855,89279.942372264,8893
477,2019-10-24,38.464153,38.659205,38.464153,38.659205,81032.190199646,8893
478,2019-10-25,38.473906,38.864009,38.473906,38.785988,165542.148431403,8893
479,2019-10-28,38.864009,39.185844,38.864009,39.185844,131738.750293164,8893
480,2019-10-29,39.029803,39.184771,39.029803,39.049308,98213.300525412,8893
481,2019-10-30,39.068813,39.263474,38.912772,39.234607,104979.636646213,8893
482,2019-10-31,39.224854,39.224854,38.860693,38.990792,92102.337404492,8893
483,2019-11-01,39.244359,39.497926,39.205349,39.497926,121552.186329231,8893
484,2019-11-04,39.849019,39.849019,39.683225,39.722236,143703.208570765,8893
485,2019-11-05,39.653968,39.683225,39.502803,39.546689,101798.346875954,8893
486,2019-11-06,39.575947,39.595452,39.468669,39.546689,77795.310755291,8893
487,2019-11-07,39.810009,39.884323,39.653968,39.683225,102668.276512702,8893
488,2019-11-08,39.556442,39.790504,39.497926,39.790504,93117.580399844,8893
489,2019-11-11,39.605205,39.751493,39.517431,39.741741,86576.528747752,8893
490,2019-11-12,39.741741,39.975802,39.741741,39.839266,74551.604508853,8893
491,2019-11-13,39.731988,39.92704,39.62471,39.858772,88456.82509265,8893
492,2019-11-14,39.634462,39.849019,39.634462,39.800256,98585.848867606,8893
493,2019-11-15,39.96605,40.180607,39.96605,40.170854,76853.212067961,8893
494,2019-11-18,40.200112,40.224688,40.083081,40.161101,125380.071782408,8893
495,2019-11-19,40.336648,40.336648,40.113801,40.287885,78304.395139127,8893
496,2019-11-20,40.161101,40.288568,39.917287,40.131844,91504.504593588,8893
497,2019-11-21,40.063576,40.063576,39.849019,39.995308,84512.884004077,8893
498,2019-11-22,40.092833,40.151349,39.985555,40.102586,60558.610755429,8893
499,2019-11-25,40.287885,40.658483,40.287885,40.658483,97053.719428895,8893
500,2019-11-26,40.638978,40.765761,40.590215,40.707246,124756.882278057,8893
501,2019-11-27,40.775514,40.953986,40.775514,40.921802,95136.363301265,8893
502,2019-11-29,40.785266,40.85841,40.707246,40.765761,103826.882351778,8893
503,2019-12-02,40.765761,40.765761,40.258627,40.356153,106638.549552163,8893
504,2019-12-03,39.985555,40.223615,39.868524,40.209864,114637.611077504,8893
505,2019-12-04,40.473184,40.590215,40.375658,40.551204,93213.155628993,8893
506,2019-12-05,40.64873,40.64873,40.404818,40.551204,84771.327225757,8893
507,2019-12-06,40.853534,40.903662,40.843782,40.853437,55996.356449705,8893
508,2019-12-09,40.873039,40.873039,40.590215,40.590215,106115.811564162,8893
509,2019-12-10,40.619472,40.754253,40.502441,40.629225,106939.904101216,8893
510,2019-12-11,40.736503,40.907173,40.736503,40.882792,67382.487065208,8893
511,2019-12-12,40.882792,41.354524,40.882792,41.2924,89825.111281391,8893
512,2019-12-13,41.370421,41.65071,41.220524,41.350915,151121.016661687,8893
513,2019-12-16,41.649387,41.875316,41.649387,41.767263,89028.512363723,8893
514,2019-12-17,41.836024,41.845847,41.678856,41.737794,147738.431785512,8893
515,2019-12-18,41.718148,41.718148,41.61206,41.639564,104140.167436417,8893
516,2019-12-19,41.698502,41.845847,41.619918,41.806555,89172.910003848,8893
517,2019-12-20,41.983368,42.03209,41.911169,41.993191,84237.85052093,8893
518,2019-12-23,42.042306,42.081598,41.973545,42.061952,113354.112092025,8893
519,2019-12-24,42.042306,42.12089,41.963722,42.12089,44056.996988132,8893
520,2019-12-26,42.061952,42.209297,42.061952,42.209297,50927.181308102,8893
521,2019-12-27,42.327172,42.327172,42.061952,42.140536,95638.388012719,8893
522,2019-12-30,42.130713,42.199474,41.806555,41.826201,91282.883684045,8893
523,2019-12-31,41.777086,42.012739,41.777086,42.003014,49170.834501681,8893
524,2020-01-02,42.268234,42.494163,42.199474,42.494163,132808.501634063,8893
525,2020-01-03,41.934253,42.16696,41.816378,41.993191,154992.694182278,8893
526,2020-01-06,41.75744,42.081598,41.747617,42.052129,103795.381234486,8893
527,2020-01-07,42.111067,42.238765,41.993191,42.179828,84567.902269787,8893
528,2020-01-08,42.199474,42.631586,42.199474,42.464694,94996.948155564,8893
529,2020-01-09,42.631684,42.828144,42.631684,42.74956,146121.571134858,8893
530,2020-01-10,42.887081,42.925293,42.680799,42.769206,324275.843252592,8893
531,2020-01-13,42.857613,43.024603,42.690622,42.995134,188422.221316569,8893
532,2020-01-14,42.887081,43.214579,42.857613,43.024603,337649.815159426,8893
533,2020-01-15,43.054072,43.18177,42.946019,43.01478,107483.905987344,8893
534,2020-01-16,43.211239,43.388053,43.201416,43.37823,104233.485639219,8893
535,2020-01-17,43.515751,43.515751,43.338938,43.407699,234481.139329021,8893
536,2020-01-21,43.338938,43.446991,43.280098,43.299646,114754.867430927,8893
537,2020-01-22,43.496105,43.684215,43.427345,43.456814,174290.898521731,8893
538,2020-01-23,43.358584,43.456814,43.152302,43.407699,224365.446145284,8893
539,2020-01-24,43.594335,43.594335,42.870382,42.985311,83863.59541285,8893
540,2020-01-27,42.21912,42.377466,42.012837,42.12089,99892.715763619,8893
541,2020-01-28,42.38611,42.759383,42.317349,42.670976,126442.235609224,8893
542,2020-01-29,42.837967,42.975488,42.604475,42.621861,84160.249068073,8893
543,2020-01-30,42.258411,42.499074,42.036118,42.445048,75785.185940812,8893
544,2020-01-31,42.278057,42.278057,41.605184,41.737794,98425.164237448,8893
545,2020-02-03,41.953899,42.303204,41.92443,42.111067,122175.137998993,8893
546,2020-02-04,42.867435,43.206328,42.867435,43.103187,92874.204616037,8893
547,2020-02-05,43.555043,43.604158,43.28,43.417522,180873.269858323,8893
548,2020-02-06,43.515751,43.613981,43.417522,43.584512,90884.071154175,8893
549,2020-02-07,43.368407,43.368407,43.103187,43.103187,166205.612971592,8893
550,2020-02-10,43.093364,43.466637,43.083541,43.466637,96622.649478062,8893
551,2020-02-11,43.849732,44.075661,43.790795,43.879201,1052007.533686837,8893
552,2020-02-12,44.095307,44.291766,44.054247,44.242651,2055850.104868512,8893
553,2020-02-13,43.967608,44.27212,43.898847,44.164067,4107596.173407478,8893
554,2020-02-14,44.193536,44.242356,44.075661,44.183713,288248.140892919,8893
555,2020-02-18,43.967608,44.056015,43.864467,44.016723,239061.589641292,8893
556,2020-02-19,44.291766,44.527517,44.291766,44.473491,167380.440030025,8893
557,2020-02-20,44.311412,44.452273,43.81044,44.203359,200689.14464911,8893
558,2020-02-21,44.036369,44.063873,43.682742,43.761326,232961.526068656,8893
559,2020-02-24,42.278057,42.527954,42.07816,42.228943,251938.519331096,8893
560,2020-02-25,42.435225,42.464694,41.131226,41.217177,198460.313047449,8893
561,2020-02-26,41.433282,41.914608,41.109124,41.158239,147965.342362851,8893
562,2020-02-27,40.411693,41.001071,39.743731,39.743731,204721.473307028,8893
563,2020-02-28,38.506037,39.635679,38.319401,39.635679,361143.409437483,8893
564,2020-03-02,39.743731,40.784966,39.390105,40.686736,293375.730562671,8893
565,2020-03-03,40.883196,41.482397,39.70444,40.107181,231375.116621022,8893
566,2020-03-04,40.735851,41.521689,40.5001,41.49222,105869.009930433,8893
567,2020-03-05,40.559038,41.084567,40.118871,40.293818,186912.43102492,8893
568,2020-03-06,39.311521,39.87143,38.962805,39.645502,237390.7026627,8893
569,2020-03-09,36.845956,37.955853,36.344984,36.639673,260215.352771198,8893
570,2020-03-10,38.172056,38.34887,36.787018,38.319401,2009200.826436228,8893
571,2020-03-11,37.366573,37.582678,36.040472,36.403922,342750.882813645,8893
572,2020-03-12,33.791012,34.567027,31.4335,32.867653,541782.892640365,8893
573,2020-03-13,34.734017,35.264654,32.661371,34.979592,1006317.959298106,8893
574,2020-03-16,31.295978,32.93828,30.352973,31.197749,338343.316750776,8893
575,2020-03-17,31.708543,33.064113,30.97182,32.838184,715558.085304506,8893
576,2020-03-18,30.647662,32.051365,29.920763,31.040581,378934.770375902,8893
577,2020-03-19,30.785184,32.238983,30.286177,31.413854,688956.503724707,8893
578,2020-03-20,32.121108,32.612256,30.578902,30.578902,604232.416252335,8893
579,2020-03-23,30.824476,30.961997,29.675188,30.146691,560592.895434634,8893
580,2020-03-24,32.032701,33.073936,32.032701,33.014998,621603.35412971,8893
581,2020-03-25,33.172165,34.62066,32.838184,33.692783,423071.333410634,8893
582,2020-03-26,34.085701,35.662877,34.036587,35.529678,264127.841210781,8893
583,2020-03-27,34.400036,35.104343,34.11517,34.174108,202847.250876015,8893
584,2020-03-30,34.625965,35.392156,34.449151,35.37251,280721.78226272,8893
585,2020-03-31,35.067998,35.560718,34.665257,34.979592,242729.486159846,8893
586,2020-04-01,33.899065,34.203577,33.22128,33.4865,198686.241327917,8893
587,2020-04-02,33.260572,34.090613,33.260572,33.967826,277646.21075774,8893
588,2020-04-03,33.820481,34.026764,33.21519,33.447208,194927.973497176,8893
589,2020-04-06,34.822424,35.785075,34.730186,35.677022,142081.384101967,8893
590,2020-04-07,36.904893,36.944185,35.696668,35.696668,169557.209897491,8893
591,2020-04-08,36.011003,36.811575,35.726137,36.747726,233398.648176518,8893
592,2020-04-09,37.199583,37.464803,36.824443,37.09153,215409.845566907,8893
593,2020-04-13,37.022769,37.022769,36.354807,36.816487,175851.768250704,8893
594,2020-04-14,37.612147,38.020684,37.494272,37.916659,198283.499610561,8893
595,2020-04-15,37.071884,37.278166,36.845956,37.003123,468018.291364435,8893
596,2020-04-16,37.248697,37.503996,36.981611,37.366573,203274.550015161,8893
597,2020-04-17,38.397985,38.476568,38.024712,38.456923,241445.624148665,8893
598,2020-04-20,38.034535,38.692674,38.029623,38.113119,186150.168652558,8893
599,2020-04-21,37.592501,37.715288,36.934362,37.160291,382709.737253461,8893
600,2020-04-22,37.81843,38.073827,37.602324,37.926482,195861.155525196,8893
601,2020-04-23,38.15241,38.623913,37.926482,37.955951,214663.299944491,8893
602,2020-04-24,38.142588,38.525683,37.897013,38.4471,242501.593285635,8893
603,2020-04-27,38.87931,39.282052,38.869487,39.14453,192759.062004683,8893
604,2020-04-28,39.802669,39.891076,38.997186,38.997186,194508.532733002,8893
605,2020-04-29,39.674971,40.163369,39.576839,40.008952,204490.633542202,8893
606,2020-04-30,39.792846,39.841961,39.311521,39.380282,144296.463547425,8893
607,2020-05-01,38.722143,38.800726,38.073827,38.221171,348452.133856411,8893
608,2020-05-04,38.103296,38.545329,38.014889,38.545329,270164.055486763,8893
609,2020-05-05,38.948071,39.311521,38.869487,39.016832,265009.943801478,8893
610,2020-05-06,39.272229,39.370459,38.967717,38.967717,142781.761771418,8893
611,2020-05-07,39.458865,39.694617,39.34099,39.517803,154464.218465357,8893
612,2020-05-08,39.989306,40.175942,39.832138,40.175942,154838.473573436,8893
613,2020-05-11,39.861607,40.5001,39.841961,40.33311,144786.629686354,8893
614,2020-05-12,40.578684,40.657268,39.665148,39.665148,110264.788430843,8893
615,2020-05-13,39.851784,40.058066,38.938248,39.267317,227235.7176041,8893
616,2020-05-14,38.722143,39.429396,38.387572,39.360636,198777.594936976,8893
617,2020-05-15,39.056124,39.498157,39.007009,39.488334,142347.586554171,8893
618,2020-05-18,40.352755,40.917576,40.352755,40.716205,139794.596984882,8893
619,2020-05-19,40.59833,40.942134,40.40187,40.411693,138839.804425687,8893
620,2020-05-20,41.001071,41.378568,41.001071,41.177885,161886.453627166,8893
621,2020-05-21,41.158239,41.185841,40.676913,40.814435,157187.145393432,8893
622,2020-05-22,40.735851,40.912665,40.460808,40.834081,115514.182912674,8893
623,2020-05-26,41.737794,41.786909,41.35018,41.423459,167235.060093028,8893
624,2020-05-27,41.541335,41.669033,40.745674,41.649387,160430.689663455,8893
625,2020-05-28,41.973545,42.356641,41.698502,41.826201,173791.891710958,8893
626,2020-05-29,41.875316,42.309393,41.511866,42.228943,111017.227834489,8893
627,2020-06-01,42.336995,42.680799,42.28788,42.636596,235886.806152281,8893
628,2020-06-02,42.769206,43.073718,42.61695,43.073718,200392.490993886,8893
629,2020-06-03,43.37823,43.771149,43.358682,43.663096,129103.277834388,8893
630,2020-06-04,43.456814,43.712211,43.186682,43.358584,152638.128581052,8893
631,2020-06-05,43.997077,44.350704,43.859555,44.10513,200644.941289888,8893
632,2020-06-08,44.154244,44.414553,43.947962,44.409642,328450.604956892,8893
633,2020-06-09,44.0069,44.232828,43.898847,44.021634,209391.312634614,8893
634,2020-06-10,44.242651,44.458756,44.0069,44.154244,186910.466431176,8893
635,2020-06-11,43.132656,43.171948,41.649387,41.65921,270932.211640354,8893
636,2020-06-12,42.670976,42.887081,41.59045,42.321278,306881.330250299,8893
637,2020-06-15,41.608128,42.862595,41.380923,42.744152,237618.762229825,8893
638,2020-06-16,43.850541,43.850541,42.931843,43.485038,144852.987002563,8893
639,2020-06-17,43.781392,43.92463,43.524551,43.564065,161449.80927985,8893
640,2020-06-18,43.356617,43.65554,43.317104,43.623336,324480.1742197,8893
641,2020-06-19,44.087624,44.127138,43.382499,43.583822,173808.766693763,8893
642,2020-06-22,43.593701,44.057989,43.531664,44.008597,275533.328971363,8893
643,2020-06-23,44.453128,44.532156,44.166652,44.166652,276429.306461125,8893
644,2020-06-24,43.959204,44.127138,42.971357,43.20844,425289.002061788,8893
645,2020-06-25,43.228197,43.86042,43.040309,43.840663,456340.993697063,8893
646,2020-06-26,43.781392,43.850541,43.119534,43.178805,365297.036291913,8893
647,2020-06-29,43.307225,43.494916,42.971357,43.494916,475651.432473113,8893
648,2020-06-30,43.425767,44.146895,43.40601,43.978961,208929.70130625,8893
649,2020-07-01,44.057989,44.314829,43.929569,44.137017,174187.112204875,8893
650,2020-07-02,44.70009,44.848267,44.482763,44.512399,532901.134172888,8893
651,2020-07-06,45.322434,45.618788,45.322434,45.470611,290251.265707825,8893
652,2020-07-07,45.233527,45.599031,45.035958,45.035958,167130.919030263,8893
653,2020-07-08,45.28292,45.569395,45.09671,45.569395,166104.54569855,8893
654,2020-07-09,45.737329,45.757086,44.897659,45.450854,142734.054570875,8893
655,2020-07-10,45.559517,45.66818,45.194013,45.628666,212615.359535913,8893
656,2020-07-13,46.083076,46.428823,45.095229,45.184135,649916.5846137,8893
657,2020-07-14,45.026079,45.836114,44.818631,45.757086,243215.9049608,8893
658,2020-07-15,46.290524,46.404126,45.875628,46.25101,288038.487783825,8893
659,2020-07-16,45.915142,46.004048,45.766965,45.895385,144752.226579238,8893
660,2020-07-17,46.171982,46.50785,46.092954,46.458458,158729.277850075,8893
661,2020-07-20,46.557243,47.169708,46.50785,47.080802,157184.284692425,8893
662,2020-07-21,47.326776,47.466062,46.942503,46.982017,148222.534100225,8893
663,2020-07-22,47.021531,47.268493,46.982017,47.189465,182221.274194113,8893
664,2020-07-23,47.120316,47.396913,46.488093,46.63627,147099.351734338,8893
665,2020-07-24,46.171982,46.275706,45.7966,46.102833,221494.130955963,8893
666,2020-07-27,46.369552,46.972139,46.349795,46.952382,129165.972077063,8893
667,2020-07-28,46.794326,46.863475,46.438701,46.438701,182827.812428638,8893
668,2020-07-29,46.665906,47.110437,46.626392,46.932625,238116.637262725,8893
669,2020-07-30,46.418944,46.982017,46.260888,46.912868,162880.21215215,8893
670,2020-07-31,47.021531,47.021531,46.142347,46.606635,152091.931925363,8893
671,2020-08-03,47.011652,47.525333,47.001774,47.495698,174640.534109838,8893
672,2020-08-04,47.317885,47.574725,47.238857,47.574725,193998.389555688,8893
673,2020-08-05,47.831566,47.910593,47.683389,47.762416,139586.7731129,8893
674,2020-08-06,47.663632,47.792052,47.41667,47.762416,142459.43302495,8893
675,2020-08-07,47.505576,47.673411,47.2191,47.584604,150956.895392025,8893
676,2020-08-10,47.515455,47.643875,47.081493,47.35246,204110.982237825,8893
677,2020-08-11,47.574725,47.653753,46.99397,47.006713,212047.3473456,8893
678,2020-08-12,47.446305,47.969765,47.411731,47.841444,170015.433109763,8893
679,2020-08-13,47.841444,48.029135,47.653753,47.772295,446259.024280838,8893
680,2020-08-14,47.713024,47.742659,47.436427,47.564847,648497.048061563,8893
681,2020-08-17,47.861201,48.177213,47.831566,48.12792,565300.549508313,8893
682,2020-08-18,48.325489,48.345246,47.910593,48.137798,349267.23835765,8893
683,2020-08-19,48.197069,48.197069,47.752538,47.821687,207414.343567225,8893
684,2020-08-20,47.456184,47.900616,47.357399,47.831566,134472.687705513,8893
685,2020-08-21,47.643875,47.811809,47.475941,47.792052,215211.422207463,8893
686,2020-08-24,48.305732,48.322921,47.851323,48.108163,109224.2988843,8893
687,2020-08-25,48.167434,48.335368,48.029135,48.276097,258287.491026188,8893
688,2020-08-26,48.493423,48.898441,48.493423,48.849048,406823.17271655,8893
689,2020-08-27,49.036739,49.09601,48.444031,48.681114,587329.544019563,8893
690,2020-08-28,48.849048,49.026861,48.750264,48.997225,124473.697461438,8893
691,2020-08-31,48.888562,49.268883,48.873745,49.016982,151676.048217325,8893
692,2020-09-01,49.254066,49.333094,49.046618,49.254066,228343.864047488,8893
693,2020-09-02,49.639326,50.014708,49.278762,49.93568,770114.879014838,8893
694,2020-09-03,49.510906,49.510906,47.736238,48.088406,237662.227510475,8893
695,2020-09-04,48.029135,48.335368,46.537486,47.722902,180850.142159063,8893
696,2020-09-08,46.715298,47.070923,46.359673,46.359673,173171.605193325,8893
697,2020-09-09,47.199343,47.772295,47.09068,47.515455,238591.791808013,8893
698,2020-09-10,47.851323,48.019257,46.823961,46.922746,291233.1859116,8893
699,2020-09-11,47.396913,47.579269,46.804204,47.189465,107934.170326825,8893
700,2020-09-14,47.732781,48.177312,47.732781,48.029135,93012.737049138,8893
701,2020-09-15,48.542816,48.740385,48.473666,48.6416,107418.51404275,8893
702,2020-09-16,48.858927,49.016982,48.473666,48.503302,108713.581836663,8893
703,2020-09-17,47.762416,48.290915,47.633996,48.118041,193050.056159688,8893
704,2020-09-18,48.483545,48.483545,47.535211,47.87108,95429.99936165,8893
705,2020-09-21,47.15983,47.34752,46.517729,47.337642,682081.880141988,8893
706,2020-09-22,47.396913,47.574725,46.922746,47.535211,144186.1900835,8893
707,2020-09-23,47.574725,47.584604,46.567121,46.586878,161545.630466738,8893
708,2020-09-24,46.231253,46.932625,45.984291,46.557243,255375.317222638,8893
709,2020-09-25,46.290524,47.15983,46.201618,47.061045,227090.28583965,8893
710,2020-09-28,47.643875,47.821687,47.542126,47.80193,128366.803621475,8893
711,2020-09-29,47.861201,48.12792,47.782173,47.861201,137741.47437985,8893
712,2020-09-30,47.880958,48.404517,47.831566,47.989621,152862.452809613,8893
713,2020-10-01,48.394639,48.611965,48.25634,48.503302,200201.0826739,8893
714,2020-10-02,47.831566,48.345246,47.831566,48.009378,131129.812484613,8893
715,2020-10-05,48.434153,49.076154,48.434153,49.056496,304641.237144838,8893
716,2020-10-06,49.145403,49.402243,48.493423,48.572451,131007.319420963,8893
717,2020-10-07,49.056496,49.422,49.016982,49.303458,449895.290146125,8893
718,2020-10-08,49.747989,49.93568,49.723293,49.896166,484260.521583675,8893
719,2020-10-09,50.172764,50.439482,50.162885,50.350576,208679.775942513,8893
720,2020-10-12,50.775351,51.091462,50.656809,50.933406,193408.64472505,8893
721,2020-10-13,50.795108,50.963042,50.659279,50.765472,171478.43494255,8893
722,2020-10-14,50.884014,50.992677,50.459239,50.558024,135821.09925295,8893
723,2020-10-15,49.777625,50.207338,49.659083,50.153007,121486.447264038,8893
724,2020-10-16,50.360455,50.627173,50.182642,50.222156,144851.011307988,8893
725,2020-10-19,50.439482,50.558024,49.639326,49.747989,144787.789081588,8893
726,2020-10-20,50.014708,50.291305,49.844601,49.915923,103512.565867975,8893
727,2020-10-21,50.014708,50.251792,49.728232,49.728232,462303.639924413,8893
728,2020-10-22,49.797382,50.014708,49.471392,49.915923,144092.344591188,8893
729,2020-10-23,50.064101,50.064101,49.683582,50.044344,118830.12590795,8893
730,2020-10-26,49.451635,49.639326,48.700871,49.155281,148600.879611338,8893
731,2020-10-27,49.244187,49.29358,48.849048,48.898441,495492.34524255,8893
732,2020-10-28,48.088406,48.137798,47.515455,47.515455,198246.132891938,8893
733,2020-10-29,47.614239,48.216727,47.377156,47.900715,529713.350976125,8893
734,2020-10-30,47.54509,47.653753,46.814083,47.2191,124221.796403125,8893
735,2020-11-02,47.643875,47.861201,47.2191,47.663632,196684.3463304,8893
736,2020-11-03,48.039014,48.720628,48.039014,48.542816,193411.608266913,8893
737,2020-11-04,49.145403,50.380212,49.145403,49.93568,173244.7058926,8893
738,2020-11-05,50.982799,51.279153,50.933406,51.190246,122739.037624588,8893
739,2020-11-06,51.239639,51.48423,50.943285,51.348302,191961.448448863,8893
740,2020-11-09,52.948615,52.948615,51.308788,51.35818,218410.071724388,8893
741,2020-11-10,51.081583,51.150733,50.419726,50.666687,315748.592045488,8893
742,2020-11-11,51.111219,51.417451,51.111219,51.377937,147032.178118788,8893
743,2020-11-12,51.417451,51.456965,50.775351,50.97292,112445.668888838,8893
744,2020-11-13,51.368059,51.704717,51.338522,51.68417,100160.800021488,8893
745,2020-11-16,52.099066,52.237365,51.873738,52.237365,142812.094506588,8893
746,2020-11-17,52.039795,52.187972,51.773076,52.029917,148334.160843713,8893
747,2020-11-18,52.148458,52.257122,51.674292,51.713806,133052.163306088,8893
748,2020-11-19,51.723684,52.178094,51.615021,52.158337,141758.061450825,8893
749,2020-11-20,52.267,52.444812,52.187972,52.237365,109377.415213863,8893
750,2020-11-23,52.583111,52.741167,52.276878,52.553476,122468.367467813,8893
751,2020-11-24,52.918979,53.086913,52.583111,53.077035,177237.584628675,8893
752,2020-11-25,52.948615,53.146184,52.84983,53.077035,215357.623606013,8893
753,2020-11-27,53.511688,53.793224,53.511688,53.778406,62419.106555263,8893
754,2020-11-30,53.857434,53.936462,53.258799,53.501809,127700.9945497,8893
755,2020-12-01,54.074761,54.282208,53.808042,54.094517,432803.5563778,8893
756,2020-12-02,53.877191,54.124054,53.709257,54.104396,171205.7890912,8893
757,2020-12-03,54.232816,54.40075,54.094517,54.173545,256498.499588525,8893
758,2020-12-04,54.311844,54.776132,54.311844,54.766254,141058.665571275,8893
759,2020-12-07,54.766254,54.913443,54.667469,54.795889,165000.132431125,8893
760,2020-12-08,54.615508,55.236074,54.615508,55.200906,129748.801976688,8893
761,2020-12-09,55.349084,55.36884,54.292087,54.499535,157802.6770944,8893
762,2020-12-10,54.213059,54.766254,54.084639,54.706983,286034.145637488,8893
763,2020-12-11,54.311844,54.558806,54.045125,54.440264,181100.0675228,8893
764,2020-12-14,54.902389,55.20966,54.773533,54.833005,130840.946279888,8893
765,2020-12-15,55.219572,55.487195,55.051068,55.487195,143272.536078926,8893
766,2020-12-16,55.606138,55.674531,55.378163,55.566491,159221.883189141,8893
767,2020-12-17,55.982793,56.190944,55.982793,56.190944,483419.546775476,8893
768,2020-12-18,56.329712,56.329712,55.943145,56.250416,205494.912863696,8893
769,2020-12-21,55.407899,55.992705,55.090716,55.893585,228032.744856242,8893
770,2020-12-22,55.962969,56.159028,55.848982,56.081913,167589.566260698,8893
771,2020-12-23,56.438744,56.497125,56.210768,56.210768,129312.520871651,8893
772,2020-12-24,56.359448,56.409008,56.133455,56.27024,156176.926733819,8893
773,2020-12-28,56.765839,56.835222,56.36936,56.428832,83148.522841004,8893
774,2020-12-29,56.775751,56.855046,56.22068,56.389184,126135.735246877,8893
775,2020-12-30,56.627873,56.915375,56.627873,56.766667,122382.431223295,8893
776,2020-12-31,56.727012,56.76171,56.449424,56.74684,138556.866728764,8893
777,2021-01-04,57.381326,57.47055,56.214665,56.667529,275251.913667196,8893
778,2021-01-05,56.717098,57.401153,56.717098,57.321843,228589.435556782,8893
779,2021-01-06,57.014513,57.936501,57.0046,57.47055,340911.298498773,8893
780,2021-01-07,57.629172,58.332955,57.629172,58.273571,262874.480183544,8893
781,2021-01-08,58.769264,58.977454,58.273571,58.898144,364916.678905111,8893
782,2021-01-11,58.333055,58.861462,58.194261,58.63047,175730.805321994,8893
783,2021-01-12,58.719694,58.917971,58.491676,58.848574,202292.965940935,8893
784,2021-01-13,59.007196,59.149261,58.871376,58.957627,256981.691667179,8893
785,2021-01-14,59.245128,59.602027,59.205473,59.314525,639312.036502633,8893
786,2021-01-15,58.937799,59.096421,58.443098,58.729608,310674.076131823,8893
787,2021-01-19,59.463233,59.750734,59.324439,59.720993,212732.243040082,8893
788,2021-01-20,60.097719,60.315823,60.029313,60.226599,170046.207517008,8893
789,2021-01-21,60.414962,60.424876,59.91927,60.226599,263602.156289031,8893
790,2021-01-22,59.780476,60.067977,59.750734,59.939097,234076.747878129,8893
791,2021-01-25,60.12746,60.305909,59.393836,60.196857,272442.330447919,8893
792,2021-01-26,60.246426,60.276168,59.74082,59.770562,495590.05736299,8893
793,2021-01-27,58.997282,59.096421,58.174433,58.352882,400834.533539688,8893
794,2021-01-28,58.580901,59.165817,58.570987,58.739522,217248.990092666,8893
795,2021-01-29,58.541245,58.689953,57.629172,57.807621,189308.805241265,8893
796,2021-02-01,58.511504,58.997282,58.228959,58.848574,183213.774319559,8893
797,2021-02-02,59.512802,59.720993,59.334353,59.61194,208134.202471626,8893
798,2021-02-03,59.671423,59.761639,59.230257,59.344267,157317.823977032,8893
799,2021-02-04,59.185645,59.572285,59.14599,59.552457,163052.982383353,8893
800,2021-02-05,59.839959,59.884571,59.582199,59.830045,144636.035501031,8893
801,2021-02-08,60.206771,60.454617,60.132417,60.434789,336307.309624277,8893
802,2021-02-09,60.494272,60.77186,60.434789,60.712377,319911.795411011,8893
803,2021-02-10,60.999878,61.018715,60.196857,60.524014,207522.518333907,8893
804,2021-02-11,60.980051,61.227897,60.796645,61.217983,201703.092258694,8893
805,2021-02-12,61.118845,61.683934,60.999878,61.683934,213315.177031943,8893
806,2021-02-16,61.951607,62.021004,61.356777,61.515398,469346.131117158,8893
807,2021-02-17,61.168414,61.327035,60.682635,61.148586,470195.747496452,8893
808,2021-02-18,60.553755,60.623152,59.980735,60.5141,307990.398723713,8893
809,2021-02-19,60.999878,61.277466,60.861085,60.989965,215954.242144757,8893
810,2021-02-22,60.424876,60.602333,59.968839,59.978753,543179.47983121,8893
811,2021-02-23,59.264956,59.820131,58.333055,59.66151,379074.638663223,8893
812,2021-02-24,59.364094,60.075908,58.937799,60.048149,158703.779284212,8893
813,2021-02-25,59.968839,60.177029,58.32324,58.50159,308116.304534881,8893
814,2021-02-26,58.551159,58.689953,57.649792,58.204175,188013.065909015,8893
815,2021-03-01,59.046851,59.562371,59.027024,59.453319,242674.032873742,8893
816,2021-03-02,59.453319,59.512802,58.917971,58.937799,136365.907337585,8893
817,2021-03-03,58.739522,58.739522,57.708482,57.708482,177232.752596943,8893
818,2021-03-04,57.47055,57.708482,55.775283,56.330458,236181.456831737,8893
819,2021-03-05,56.845978,57.113652,55.270668,56.974858,238834.401325309,8893
820,2021-03-08,56.687357,57.101755,55.914077,55.943818,184330.073086287,8893
821,2021-03-09,56.845978,57.589516,56.845978,57.351584,268184.334708049,8893
822,2021-03-10,57.877018,57.906759,57.292398,57.411067,179329.530475831,8893
823,2021-03-11,58.025725,58.679543,58.015812,58.521418,386407.908625463,8893
824,2021-03-12,58.045553,58.293399,57.786405,58.214088,617494.641334454,8893
825,2021-03-15,58.362796,58.858488,58.204175,58.858488,278444.171241674,8893
826,2021-03-16,59.136076,59.304611,58.709781,58.947713,126919.005962678,8893
827,2021-03-17,58.511504,59.382931,58.283485,59.245128,142568.999152339,8893
828,2021-03-18,58.680039,58.927885,57.98607,58.045553,137042.031457397,8893
829,2021-03-19,58.045553,58.411374,57.589516,58.204175,148931.703845817,8893
830,2021-03-22,58.312434,59.007196,58.312434,58.779178,296568.659743725,8893
831,2021-03-23,58.491676,58.491676,57.648999,57.787793,607764.204038335,8893
832,2021-03-24,57.807621,57.966242,57.21279,57.222704,419075.014009508,8893
833,2021-03-25,56.974858,57.520119,56.622917,57.430895,310830.714857527,8893
834,2021-03-26,57.609344,58.719694,57.609344,58.709781,269782.446263967,8893
835,2021-03-29,58.342968,58.541245,58.006493,58.313227,140562.437248382,8893
836,2021-03-30,58.025725,58.313227,57.85719,58.224002,400729.446799659,8893
837,2021-03-31,58.333055,58.987368,58.333055,58.709781,140537.652639884,8893
838,2021-04-01,59.380948,59.770562,59.35418,59.770562,190187.171766416,8893
839,2021-04-05,60.250392,60.573583,60.167116,60.533928,191996.448186734,8893
840,2021-04-06,60.286082,60.603325,60.226599,60.335651,195911.424944999,8893
841,2021-04-07,60.236512,60.32078,59.949011,60.097719,111913.412593951,8893
842,2021-04-08,60.573583,60.688584,60.424876,60.672722,164618.378256055,8893
843,2021-04-09,60.5141,60.801602,60.414962,60.791688,142906.069827905,8893
844,2021-04-12,60.5141,60.5141,60.257332,60.444703,155030.700304882,8893
845,2021-04-13,60.365392,60.67173,60.305909,60.623152,362168.561514908,8893
846,2021-04-14,60.64298,60.869511,60.316418,60.424876,227629.775515759,8893
847,2021-04-15,60.761946,61.177336,60.702463,61.128758,117787.364807859,8893
848,2021-04-16,61.208069,61.277466,61.064318,61.217983,117969.779526401,8893
849,2021-04-19,61.128758,61.208069,60.628109,60.880912,168724.692191921,8893
850,2021-04-20,60.583497,60.781774,60.17693,60.365392,140824.162714115,8893
851,2021-04-21,60.305909,61.188241,60.226599,61.188241,110286.550892176,8893
852,2021-04-22,61.297294,61.525312,60.752032,60.920568,121600.228979114,8893
853,2021-04-23,61.148586,61.773158,61.128758,61.634364,113545.231217427,8893
854,2021-04-26,61.614537,62.021004,61.584795,61.961521,93763.148099062,8893
855,2021-04-27,61.911952,61.941694,61.604623,61.723589,403341.744535295,8893
856,2021-04-28,61.713675,61.812814,61.426174,61.683934,259225.194428372,8893
857,2021-04-29,62.021004,62.021004,61.217983,61.713675,203703.705856613,8893
858,2021-04-30,61.217983,61.33685,60.722291,60.831343,95627.942042414,8893
859,2021-05-03,61.148586,61.148586,60.77186,60.831343,126428.270714427,8893
860,2021-05-04,60.196857,60.206771,59.393836,59.899442,481001.836801362,8893
861,2021-05-05,60.236512,60.38522,59.899442,60.137374,104565.271866613,8893
862,2021-05-06,59.968839,60.246426,59.53263,60.196857,123399.591556033,8893
863,2021-05-07,60.484359,61.074232,60.484359,60.910654,133232.141439161,8893
864,2021-05-10,60.910654,60.910654,59.877631,59.958925,211891.549119847,8893
865,2021-05-11,58.729608,59.681337,58.546202,59.562371,244066.927871301,8893
866,2021-05-12,58.947713,59.175632,58.045652,58.174433,125009.59972403,8893
867,2021-05-13,58.392538,58.818734,58.156291,58.551159,129844.581149723,8893
868,2021-05-14,59.240171,59.988666,59.136076,59.839959,131062.99250346,8893
869,2021-05-17,59.621854,59.691251,59.397801,59.691251,85365.131355769,8893
870,2021-05-18,59.988666,60.137374,59.651596,59.651596,121997.774099414,8893
871,2021-05-19,58.858488,59.522716,58.689953,59.453319,127468.232886982,8893
872,2021-05-20,59.79039,60.603325,59.737549,60.484359,124831.150542848,8893
873,2021-05-21,60.702463,60.851171,60.315823,60.405048,109143.484748271,8893
874,2021-05-24,60.643971,61.068284,60.573583,60.920568,79154.108466296,8893
875,2021-05-25,61.108931,61.118845,60.791688,60.841257,136388.709177403,8893
876,2021-05-26,61.019706,61.1585,60.90074,61.049448,180315.957894032,8893
877,2021-05-27,61.039534,61.178328,60.90074,61.079189,102614.227485689,8893
878,2021-05-28,61.247725,61.445902,61.208069,61.208069,81939.898461415,8893
879,2021-06-01,61.822727,61.822727,61.281134,61.396432,100370.724724496,8893
880,2021-06-02,61.277466,61.446001,61.168414,61.297294,182466.270527275,8893
881,2021-06-03,60.930482,61.09287,60.605307,60.910654,90417.2259519,8893
882,2021-06-04,61.227897,61.593718,61.227897,61.555054,276828.214767637,8893
883,2021-06-07,61.614537,61.882111,61.465829,61.822727,124939.211435898,8893
884,2021-06-08,61.951607,62.030918,61.460872,61.783072,117930.124152805,8893
885,2021-06-09,62.001177,62.090401,61.886771,61.921866,132097.997754315,8893
886,2021-06-10,62.074395,62.651924,62.004693,62.582222,76274.635043317,8893
887,2021-06-11,62.602137,62.632009,62.308394,62.542393,102876.809294531,8893
888,2021-06-14,62.632009,62.761455,62.507542,62.761455,159272.502626841,8893
889,2021-06-15,62.861029,62.861029,62.462734,62.562308,106203.574685057,8893
890,2021-06-16,62.59218,62.721626,61.835418,62.173969,383876.464109664,8893
891,2021-06-17,61.90512,62.313373,61.795588,62.213799,535273.663691406,8893
892,2021-06-18,61.705972,61.795588,61.402271,61.506824,137855.143517343,8893
893,2021-06-21,61.626312,62.024608,61.337548,61.984779,154185.269947943,8893
894,2021-06-22,61.875247,62.17387,61.705972,62.09431,511991.284654803,8893
895,2021-06-23,62.114225,62.273543,61.969843,62.014651,170183.815152848,8893
896,2021-06-24,62.452776,62.661881,62.452776,62.622052,154266.920580096,8893
897,2021-06-25,62.731583,62.898867,62.701711,62.870987,158085.581242373,8893
898,2021-06-28,63.000433,63.119922,62.920774,63.100007,243998.97383741,8893
899,2021-06-29,63.109964,63.249368,63.060177,63.23941,149574.000710131,8893
900,2021-06-30,62.990475,63.030305,62.841115,62.980518,140487.878534569,8893
901,2021-07-01,62.940689,62.940689,62.641967,62.940689,93525.820434179,8893
902,2021-07-02,63.040262,63.219496,62.940689,63.199581,358036.030512072,8893
903,2021-07-06,63.01039,63.079096,62.507542,62.851072,117974.210327504,8893
904,2021-07-07,63.229453,63.299155,62.681796,63.100007,105542.403712501,8893
905,2021-07-08,62.193884,62.572265,61.880226,62.482648,112416.988644017,8893
906,2021-07-09,62.711668,63.289197,62.671839,63.289197,96370.64794712,8893
907,2021-07-12,63.438558,63.577962,63.438558,63.577962,74028.246919693,8893
908,2021-07-13,63.368856,63.577962,63.219496,63.249368,82003.123906441,8893
909,2021-07-14,63.765161,63.806982,63.309112,63.358899,489670.789894539,8893
910,2021-07-15,63.070135,63.070135,62.542393,62.78137,96796.824417382,8893
911,2021-07-16,62.940689,62.980518,62.273543,62.313373,84629.884487168,8893
912,2021-07-19,61.656185,61.795588,61.347505,61.715929,125423.33690234,8893
913,2021-07-20,61.666142,62.572365,61.516781,62.432861,100415.341456943,8893
914,2021-07-21,62.542393,63.080092,62.532435,63.05022,103749.077023385,8893
915,2021-07-22,63.129879,63.189623,62.908227,63.100007,95127.965155328,8893
916,2021-07-23,63.270477,63.558047,63.160847,63.50826,116298.380889534,8893
917,2021-07-26,63.119922,63.188628,63.001429,63.109964,153762.08069593,8893
918,2021-07-27,62.731583,62.731583,61.974821,62.532435,129764.76075828,8893
919,2021-07-28,62.831157,63.50826,62.791328,63.348942,363563.380013064,8893
920,2021-07-29,63.647664,63.887238,63.647664,63.667578,73477.603022368,8893
921,2021-07-30,63.528175,63.936428,63.528175,63.707408,122001.976267246,8893
922,2021-08-02,64.095746,64.384511,63.896598,63.986215,113028.372645748,8893
923,2021-08-03,64.245107,64.563744,63.921492,64.503999,162973.666037972,8893
924,2021-08-04,64.613531,64.892338,64.613531,64.723062,222694.133281976,8893
925,2021-08-05,64.902295,65.051656,64.772849,65.001869,101974.669383182,8893
926,2021-08-06,64.852508,64.852508,64.603573,64.703147,108163.189856729,8893
927,2021-08-09,64.792764,64.875111,64.623488,64.752934,81778.086798312,8893
928,2021-08-10,64.912253,65.011827,64.454212,64.593616,94389.126508285,8893
929,2021-08-11,64.69319,64.703048,64.30983,64.563744,231646.826375727,8893
930,2021-08-12,64.294894,64.472434,64.105704,64.434298,109469.599971177,8893
931,2021-08-13,64.563744,64.723062,64.459191,64.673275,102252.480680385,8893
932,2021-08-16,64.474127,64.523914,64.125618,64.523914,56880.618428146,8893
933,2021-08-17,64.036002,64.180285,63.647664,64.085789,95210.611526897,8893
934,2021-08-18,64.085789,64.314809,63.677536,63.727323,193581.699961765,8893
935,2021-08-19,63.149794,63.825801,63.100007,63.587919,96996.968040098,8893
936,2021-08-20,63.448516,63.974863,63.408686,63.916513,80518.47643644,8893
937,2021-08-23,64.384511,64.832494,64.374553,64.782806,143420.331116161,8893
938,2021-08-24,65.011827,65.220932,64.902295,65.131315,93570.628707922,8893
939,2021-08-25,65.051656,65.280676,64.971997,65.230889,96293.976012049,8893
940,2021-08-26,65.15123,65.19106,64.827117,64.92221,173359.228152067,8893
941,2021-08-27,64.932167,65.569441,64.892338,65.499739,69458.798737374,8893
942,2021-08-30,65.559483,65.768588,65.499739,65.6491,84153.921046081,8893
943,2021-08-31,65.788503,65.788503,65.519654,65.599313,81728.299827487,8893
944,2021-09-01,65.828333,65.987651,65.718801,65.718801,83644.102464833,8893
945,2021-09-02,66.137012,66.215675,66.022203,66.137012,190584.5243181,8893
946,2021-09-03,66.137012,66.411239,66.097182,66.326203,78438.376795371,8893
947,2021-09-07,66.29633,66.29633,65.969728,66.027481,137839.211686679,8893
948,2021-09-08,65.778546,65.818375,65.310548,65.579398,81133.843395837,8893
949,2021-09-09,65.38025,65.619228,65.249609,65.310548,73591.117315849,8893
950,2021-09-10,65.60927,65.738716,64.912253,64.971997,81748.214615817,8893
951,2021-09-13,65.340421,65.340421,64.69319,65.121358,123475.670603666,8893
952,2021-09-14,65.340421,65.350378,64.862466,64.952082,66167.879965842,8893
953,2021-09-15,65.021784,65.369297,64.852508,65.320506,167552.075875039,8893
954,2021-09-16,65.101443,65.400165,64.851114,65.270719,89763.916918642,8893
955,2021-09-17,65.230889,65.255783,64.673275,64.88238,109258.503214879,8893
956,2021-09-20,63.77711,64.026044,63.148798,63.727323,182527.000959782,8893
957,2021-09-21,64.304852,64.413487,63.896698,63.986215,216882.998047282,8893
958,2021-09-22,64.274979,64.840559,64.145533,64.484085,179133.52102835,8893
959,2021-09-23,64.822636,65.390207,64.8077,65.201017,107685.234936809,8893
960,2021-09-24,64.703147,64.942125,64.668296,64.852508,122056.741935154,8893
961,2021-09-27,64.603573,64.683232,64.304852,64.513957,232366.745973857,8893
962,2021-09-28,63.77711,63.77711,62.890902,63.040262,110520.105055585,8893
963,2021-09-29,63.060177,63.173293,62.59218,62.641967,134843.03178243,8893
964,2021-09-30,62.890902,63.159751,62.40986,62.472691,124323.044847108,8893
965,2021-10-01,62.55235,62.870987,61.915077,62.572265,87710.702241819,8893
966,2021-10-04,62.333287,62.343245,61.317633,61.486909,164053.047565458,8893
967,2021-10-05,61.725886,62.333287,61.646227,62.084353,147057.767204636,8893
968,2021-10-06,61.257889,61.984779,61.058741,61.915077,106602.866191074,8893
969,2021-10-07,62.512521,63.030305,62.452776,62.681796,98556.295966337,8893
970,2021-10-08,62.721626,62.791328,62.183927,62.213799,113578.020803656,8893
971,2021-10-11,62.213799,62.502065,61.82546,61.86529,81471.39905803,8893
972,2021-10-12,62.024608,62.05448,61.59644,61.696014,97419.161552694,8893
973,2021-10-13,62.024608,62.353202,61.895162,62.233714,112255.678858544,8893
974,2021-10-14,62.831157,63.263009,62.791328,63.259325,112428.937517015,8893
975,2021-10-15,63.498303,63.647664,63.383793,63.568004,157687.285475773,8893
976,2021-10-18,63.23941,63.50826,63.050319,63.478388,94726.682170478,8893
977,2021-10-19,63.816939,64.185363,63.747237,64.175405,108413.120450271,8893
978,2021-10-20,64.344681,64.563744,64.314809,64.454212,160461.415490142,8893
979,2021-10-21,64.245107,64.523914,64.145533,64.503999,94294.531263717,8893
980,2021-10-22,64.583659,64.827615,64.23515,64.454212,99640.656190906,8893
981,2021-10-25,64.503999,64.8077,64.314908,64.65336,181353.024187729,8893
982,2021-10-26,64.942125,65.041699,64.573701,64.663318,233433.182888928,8893
983,2021-10-27,64.583659,64.723062,64.045959,64.055917,120954.458401088,8893
984,2021-10-28,64.414383,64.862466,64.414383,64.842551,179679.186228592,8893
985,2021-10-29,64.503999,64.862466,64.384511,64.812679,343123.837010568,8893
986,2021-11-01,65.041699,65.519654,64.932167,65.519654,130438.876343251,8893
987,2021-11-02,65.410122,65.747678,65.410122,65.738716,170278.410397416,8893
988,2021-11-03,65.688929,66.245548,65.599313,66.226629,116340.201945027,8893
989,2021-11-04,66.306288,66.614967,66.196756,66.614967,235934.480303176,8893
990,2021-11-05,66.634882,66.734456,66.316245,66.704584,131082.12400631,8893
991,2021-11-08,66.873859,66.978412,66.71952,66.913689,139929.268721912,8893
992,2021-11-09,67.112837,67.182538,66.585095,66.789221,165840.399818075,8893
993,2021-11-10,66.555223,66.873859,65.83829,66.017523,100406.379802194,8893
994,2021-11-11,66.356075,66.52535,66.253414,66.425776,87511.554358519,8893
995,2021-11-12,66.674711,66.943561,66.545265,66.913689,58184.041324345,8893
996,2021-11-15,67.192496,67.192496,66.650117,66.774285,127394.90094701,8893
997,2021-11-16,66.75437,67.066236,66.684669,67.003305,122047.780280405,8893
998,2021-11-17,67.06305,67.06305,66.734456,66.883817,166561.315155621,8893
999,2021-11-18,67.082964,67.082964,66.535308,66.883817,133270.759243777,8893
1000,2021-11-19,66.903731,67.053092,66.744413,66.774285,80246.639575735,8893
1001,2021-11-22,66.883817,67.02322,66.087225,66.087225,166453.775298639,8893
1002,2021-11-23,65.738716,66.037438,65.181102,65.659057,124298.151361695,8893
1003,2021-11-24,65.250804,65.87812,65.061613,65.87812,125681.233411214,8893
1004,2021-11-26,65.1114,65.439994,64.494042,64.733019,60739.108667084,8893
1005,2021-11-29,65.42008,65.688929,65.021784,65.499739,131840.877441683,8893
1006,2021-11-30,65.340421,65.590749,64.225192,64.523914,108609.281115321,8893
1007,2021-12-01,65.300591,65.678972,63.826897,63.866726,100031.98178159,8893
1008,2021-12-02,63.856769,64.733019,63.856769,64.503999,168485.083708299,8893
1009,2021-12-03,64.683232,64.812679,63.27924,63.647664,123905.830031594,8893
1010,2021-12-06,63.846811,64.064878,63.179666,63.946385,179095.682930523,8893
1011,2021-12-07,64.842551,65.688929,64.842551,65.549526,96633.523153076,8893
1012,2021-12-08,65.738716,66.06034,65.469867,65.997609,114906.337185267,8893
1013,2021-12-09,65.778546,65.987651,65.275598,65.300591,129827.49234152,8893
1014,2021-12-10,65.539568,65.70287,65.249111,65.529611,83158.181629581,8893
1015,2021-12-13,65.46,65.49,64.88,64.98,131320.0,8893
1016,2021-12-14,64.36,64.6639,64.03,64.37,128498.0,8893
1017,2021-12-15,64.3,65.45,63.99,65.4,151443.0,8893
1018,2021-12-16,65.82,65.835,64.6132,64.9,116300.0,8893
1019,2021-12-17,64.29,64.965,64.05,64.49,398844.0,8893
1020,2021-12-20,63.61,63.78,63.2175,63.68,186231.0,8893
1021,2021-12-21,64.27,65.23,64.21,65.18,136096.0,8893
1022,2021-12-22,65.06,65.65,64.8812,65.62,91991.0,8893
1023,2021-12-23,65.74,66.3,65.72,66.18,79954.0,8893
1024,2021-12-27,66.39,66.77,66.29,66.77,85865.0,8893
1025,2021-12-28,66.86,66.86,66.2589,66.39,109988.0,8893
1026,2021-12-29,66.29,66.405,65.96,66.35,102632.0,8893
1027,2021-12-30,66.31,66.93,66.31,66.48,118123.0,8893
1028,2021-12-31,66.4,66.67,66.07,66.07,64080.0,8893
271,2018-12-31,40.043131,40.351614,39.01817,39.177387,342598.635634754,2572286
272,2019-01-02,38.56042,39.346555,38.261888,39.20724,270254.311893394,2572286
273,2019-01-03,38.331545,38.488772,37.615068,37.734481,190020.774966044,2572286
274,2019-01-04,38.610176,39.903815,38.391252,39.615234,97017.021992299,2572286
275,2019-01-07,39.983424,40.421271,39.605283,40.381467,173939.835878556,2572286
276,2019-01-08,40.789461,40.908874,40.013277,40.600391,74491.765978414,2572286
277,2019-01-09,41.247211,42.053248,41.165711,41.88408,195314.74748742,2572286
278,2019-01-10,41.685058,42.132757,41.391302,42.063199,527533.415571334,2572286
279,2019-01-11,41.714911,41.764667,41.296966,41.595498,66872.226956577,2572286
280,2019-01-14,41.068091,41.068091,40.630244,40.799412,143288.531065882,2572286
281,2019-01-15,41.257162,41.79452,41.257162,41.366624,308251.501133286,2572286
282,2019-01-16,41.724862,42.192563,41.655205,42.043297,130991.986245085,2572286
283,2019-01-17,41.615401,42.749823,41.605449,42.371682,175545.939572071,2572286
284,2019-01-18,43.028453,43.77359,42.958796,43.426496,234750.862341204,2572286
285,2019-01-22,42.769725,42.769725,41.396477,41.695009,227210.93192871,2572286
286,2019-01-23,42.212465,42.272172,41.600474,41.903982,153625.708989201,2572286
287,2019-01-24,42.282123,42.67519,42.212167,42.63041,111597.338793653,2572286
288,2019-01-25,43.287181,44.0562,43.038404,43.904148,214974.093564921,2572286
289,2019-01-28,43.376741,43.55586,42.779676,43.416545,163674.305703647,2572286
290,2019-01-29,43.585714,43.585714,42.928943,43.078209,180626.959063452,2572286
291,2019-01-30,43.545909,43.929026,43.147866,43.814588,2099372.568517259,2572286
292,2019-01-31,44.152925,44.869402,44.003659,44.680332,276057.779514572,2572286
293,2019-02-01,44.411653,44.779843,44.20268,44.411653,173683.098113422,2572286
294,2019-02-04,44.521115,44.789794,44.318809,44.620626,85579.2550448,2572286
295,2019-02-05,44.929109,45.58588,44.789794,45.58588,195064.975475603,2572286
296,2019-02-06,45.715244,45.715244,44.978864,45.008718,109652.898510426,2572286
297,2019-02-07,44.720136,44.720136,43.535958,43.864344,334257.643590737,2572286
298,2019-02-08,43.844442,44.476335,43.747419,44.441506,432302.61175119,2572286
299,2019-02-11,44.879354,45.346955,44.869402,44.988815,136876.057583223,2572286
300,2019-02-12,45.506271,45.824706,45.396013,45.67544,207999.38427877,2572286
301,2019-02-13,46.252602,46.456599,45.914265,45.944119,209198.488957014,2572286
302,2019-02-14,45.77495,45.794853,45.287348,45.725195,128236.533254166,2572286
303,2019-02-15,45.516222,45.516222,44.759941,44.869402,145730.52515751,2572286
304,2019-02-19,44.958962,45.677629,44.879354,45.595831,270132.908764145,2572286
305,2019-02-20,45.884412,46.521182,45.804804,45.924217,98877.873235715,2572286
306,2019-02-21,46.391917,46.451624,45.695342,45.894363,234737.925942186,2572286
307,2019-02-22,46.770058,47.780092,46.770058,47.71541,253197.172233826,2572286
308,2019-02-25,48.780175,48.909539,48.372281,48.700567,470118.691404824,2572286
309,2019-02-26,47.974138,48.16082,47.416878,48.063698,211720.091657985,2572286
310,2019-02-27,47.516389,47.765166,47.277563,47.595997,140382.816824826,2572286
311,2019-02-28,47.71541,47.775117,47.06859,47.426829,114033.362239579,2572286
312,2019-03-01,47.974138,48.013943,47.444442,47.595997,198790.658392902,2572286
313,2019-03-04,48.461741,48.461741,47.367123,48.0836,183391.368022922,2572286
314,2019-03-05,48.571203,49.734882,48.551301,49.556359,264383.176954274,2572286
315,2019-03-06,49.606115,49.755381,49.138514,49.168267,417605.867358671,2572286
316,2019-03-07,48.611007,48.611007,46.974055,47.168101,332490.3324633,2572286
317,2019-03-08,45.854559,46.710352,45.725195,46.561085,356347.042468463,2572286
318,2019-03-11,47.277563,48.242817,47.277563,48.143307,167794.051237199,2572286
319,2019-03-12,48.461741,48.531398,47.914432,48.193062,134383.313003139,2572286
320,2019-03-13,48.193062,48.501545,48.033845,48.302524,176391.781046351,2572286
321,2019-03-14,47.814921,47.814921,47.317367,47.695508,114405.532488262,2572286
322,2019-03-15,48.262719,48.551997,48.17316,48.45179,102011.467121018,2572286
323,2019-03-18,48.909539,49.068757,48.588916,48.839882,95112.386013744,2572286
324,2019-03-19,48.879686,49.058806,48.511496,48.660762,250861.654657196,2572286
325,2019-03-20,48.242817,48.392083,47.43678,48.003991,640901.050815274,2572286
326,2019-03-21,47.566144,48.242817,47.566144,48.242817,156644.865498572,2572286
327,2019-03-22,47.834823,47.909854,46.784985,46.819813,249550.102818254,2572286
328,2019-03-25,46.770058,47.426829,46.710352,47.377074,244318.822076736,2572286
329,2019-03-26,47.635802,47.765166,47.277563,47.486535,99017.188302067,2572286
330,2019-03-27,47.566144,47.814921,47.308411,47.456682,46813.842724739,2572286
331,2019-03-28,47.635802,48.003991,47.387025,47.864676,76913.857917706,2572286
332,2019-03-29,48.421937,48.939393,48.312475,48.869735,155013.884114637,2572286
333,2019-04-01,49.56631,50.19293,49.436946,50.063864,283795.736342809,2572286
334,2019-04-02,49.904647,50.083766,49.626017,49.755381,315919.800428346,2572286
335,2019-04-03,50.183277,50.820046,50.153822,50.39225,439715.168388734,2572286
336,2019-04-04,50.451956,50.820146,50.282788,50.800244,221243.271550761,2572286
337,2019-04-05,51.098776,51.725694,50.979363,51.636134,311869.71242797,2572286
338,2019-04-08,51.466966,51.656036,51.088825,51.59633,163120.03076109,2572286
339,2019-04-09,51.815254,51.815254,51.397308,51.466966,142629.769823561,2572286
340,2019-04-10,51.665987,51.745596,51.257993,51.466966,412990.558231953,2572286
341,2019-04-11,51.049021,51.049021,50.511663,50.680831,454130.297325698,2572286
342,2019-04-12,51.397308,51.695841,51.257993,51.417211,200676.387326738,2572286
343,2019-04-15,51.337602,51.337602,50.242984,50.412152,214248.660112274,2572286
344,2019-04-16,50.899755,50.988618,50.591271,50.85995,135301.797333446,2572286
345,2019-04-17,51.337602,51.516721,51.049021,51.218189,192936.440283268,2572286
346,2019-04-18,51.417211,51.516721,51.109921,51.427162,110651.986557693,2572286
347,2019-04-22,50.929608,51.218189,50.750488,51.208238,150427.433108806,2572286
348,2019-04-23,51.22814,51.765498,51.22814,51.705792,165871.503321542,2572286
349,2019-04-24,51.576428,51.825205,51.009216,51.098776,476826.711849673,2572286
350,2019-04-25,50.451956,50.451956,49.884745,50.382299,226932.301796006,2572286
351,2019-04-26,50.422103,50.680831,50.183277,50.680831,172013.307532431,2572286
352,2019-04-29,50.541516,50.78671,50.501712,50.700733,76160.561451788,2572286
353,2019-04-30,50.650978,51.050513,50.521614,50.879852,122791.304375036,2572286
354,2019-05-01,51.098776,51.486769,50.611173,50.660929,129109.242634099,2572286
355,2019-05-02,50.650978,51.025835,50.173326,50.521614,452032.610469484,2572286
356,2019-05-03,51.148532,51.546475,51.030014,51.50677,73223.003766994,2572286
357,2019-05-06,49.078708,49.735379,48.650811,49.675772,374463.971739924,2572286
358,2019-05-07,49.068757,49.227974,47.645753,47.964187,590491.884271036,2572286
359,2019-05-08,47.874627,48.17316,47.536291,47.814921,169082.715600955,2572286
360,2019-05-09,46.710352,47.645753,46.192896,47.416878,221187.54552422,2572286
361,2019-05-10,47.954236,48.0836,46.921712,47.765166,116961.963955822,2572286
362,2019-05-13,45.794853,46.151101,45.546076,45.695342,309051.567657193,2572286
363,2019-05-14,46.42177,46.804887,45.834657,46.680498,265666.865779946,2572286
364,2019-05-15,46.939226,47.635802,46.839716,47.396976,221924.920268269,2572286
365,2019-05-16,47.396976,47.755215,47.098444,47.367123,348377.225565512,2572286
366,2019-05-17,45.526173,45.869486,45.058473,45.12813,357380.959282318,2572286
367,2019-05-20,44.222582,44.222582,43.187671,43.27723,265781.303155878,2572286
368,2019-05-21,43.963855,44.3818,43.769809,44.262387,200063.40103479,2572286
369,2019-05-22,44.312142,44.413643,43.769809,43.973806,125744.783781698,2572286
370,2019-05-23,42.501046,42.540851,41.98359,42.302025,318723.018584872,2572286
371,2019-05-24,42.590606,42.66912,41.943786,41.943786,585176.01938209,2572286
372,2019-05-28,42.560753,42.978698,42.142808,42.142808,69845.608515575,2572286
373,2019-05-29,42.013444,42.484926,42.003493,42.421438,106637.722431522,2572286
374,2019-05-30,42.292074,42.411487,42.164302,42.292074,52056.069650042,2572286
375,2019-05-31,41.874129,42.172561,41.821487,42.043297,125324.848367409,2572286
376,2019-06-03,42.182612,42.282123,41.645254,41.923884,96515.487753432,2572286
377,2019-06-04,41.466134,42.282123,41.366624,42.202514,90603.553402023,2572286
378,2019-06-05,42.650312,42.736489,41.575596,41.953737,71128.30223363,2572286
379,2019-06-06,41.675107,41.973639,41.655205,41.854226,66976.713256341,2572286
380,2019-06-07,42.132856,42.884163,42.132856,42.660264,90341.840098805,2572286
381,2019-06-10,43.307083,44.112126,43.307083,43.73498,151331.985932477,2572286
382,2019-06-11,44.630577,44.879354,44.29224,44.451457,112538.710599146,2572286
383,2019-06-12,43.526007,43.744931,43.167768,43.326986,84654.800068793,2572286
384,2019-06-13,43.695175,43.695175,43.267279,43.45635,40052.086468583,2572286
385,2019-06-14,42.829432,42.829432,42.580655,42.63041,63728.681995106,2572286
386,2019-06-17,42.640361,42.958796,42.640361,42.80953,55597.657658233,2572286
387,2019-06-18,43.307083,44.8495,43.307083,44.461408,302619.192022198,2572286
388,2019-06-19,44.909207,44.958962,44.431555,44.700234,170515.670569147,2572286
389,2019-06-20,45.575929,45.924217,45.12813,45.426663,109688.72238463,2572286
390,2019-06-21,45.157984,45.268341,44.875174,44.879354,91319.035778502,2572286
391,2019-06-24,44.988815,44.988815,44.531066,44.720136,61543.425668613,2572286
392,2019-06-25,44.142974,44.237509,43.416545,43.535958,150013.468340217,2572286
393,2019-06-26,44.063365,44.550968,44.063365,44.441506,58872.556825122,2572286
394,2019-06-27,44.958962,45.267445,44.809696,45.257494,79751.904840819,2572286
395,2019-06-28,45.376907,45.376907,44.869402,45.12813,115029.464963996,2572286
396,2019-07-01,47.466633,47.874627,46.571036,46.750156,613017.140284921,2572286
397,2019-07-02,46.461575,46.534715,46.242651,46.342162,121930.536286504,2572286
398,2019-07-03,46.043629,46.120054,45.784901,45.989695,93059.479000286,2572286
399,2019-07-05,45.725195,45.725195,45.108228,45.416712,98837.073823426,2572286
400,2019-07-08,44.710185,44.779843,44.396726,44.421604,67432.472544835,2572286
401,2019-07-09,43.983757,44.501213,43.943952,44.461408,27740.615033534,2572286
402,2019-07-10,44.690283,44.93906,44.394637,44.441506,120022.914985098,2572286
403,2019-07-11,44.262387,44.415733,43.990225,44.10317,99739.636431864,2572286
404,2019-07-12,44.172827,44.218304,43.973806,44.172827,88859.129749773,2572286
405,2019-07-15,44.620626,44.976377,44.620626,44.899256,119827.873892206,2572286
406,2019-07-16,44.819647,44.949011,44.650479,44.700234,56644.510871106,2572286
407,2019-07-17,44.779843,44.909207,44.48131,44.48131,65461.164355954,2572286
408,2019-07-18,44.023561,44.225369,43.884246,44.162876,110951.51395035,2572286
409,2019-07-19,44.48131,44.620626,44.192729,44.192729,89709.946762137,2572286
410,2019-07-22,44.431555,44.431555,44.023561,44.033512,28321.757881745,2572286
411,2019-07-23,44.521115,45.001752,44.521115,44.988815,138024.41177301,2572286
412,2019-07-24,45.018669,45.496519,45.018669,45.476418,53876.121481169,2572286
413,2019-07-25,45.764999,45.77495,45.21769,45.287348,62824.129171434,2572286
414,2019-07-26,45.416712,45.491544,45.187837,45.287348,73750.410803898,2572286
415,2019-07-29,45.177886,45.366956,45.009812,45.237592,113266.134267026,2572286
416,2019-07-30,44.620626,44.89627,44.590772,44.819647,50331.548150127,2572286
417,2019-07-31,44.610674,44.851291,43.993708,44.461408,84356.267783753,2572286
418,2019-08-01,44.670381,45.118179,43.06567,43.167768,425937.903434138,2572286
419,2019-08-02,42.988649,42.998501,42.401536,42.510997,70039.654500851,2572286
420,2019-08-05,41.028287,41.277064,40.043728,40.520782,507301.882614173,2572286
421,2019-08-06,41.247211,41.486037,40.68995,40.938727,357445.64127741,2572286
422,2019-08-07,40.272005,40.978532,40.13269,40.938727,281779.648311172,2572286
423,2019-08-08,41.565645,41.784569,41.386526,41.784569,95228.81360491,2572286
424,2019-08-09,41.306917,41.432898,40.938727,41.068091,71874.63294623,2572286
425,2019-08-12,41.127798,41.296966,40.829266,41.097945,89808.4624162,2572286
426,2019-08-13,41.048189,42.729921,40.809363,42.481144,255603.342451248,2572286
427,2019-08-14,41.79452,41.834324,41.326819,41.565645,108435.881895079,2572286
428,2019-08-15,42.292074,42.44134,41.804471,42.26222,166617.834034142,2572286
429,2019-08-16,42.580655,43.187671,42.580655,43.147866,76659.110367805,2572286
430,2019-08-19,44.600723,45.068424,44.541017,45.038571,136596.432342902,2572286
431,2019-08-20,45.108228,45.227641,44.829598,44.829598,70306.343342154,2572286
432,2019-08-21,45.297299,45.297299,44.990806,45.12813,61296.638979646,2572286
433,2019-08-22,44.929109,44.929109,44.341995,44.556043,32594.749988284,2572286
434,2019-08-23,44.222582,44.566193,43.356839,43.376741,462050.35884781,2572286
435,2019-08-26,44.162876,44.313137,43.96883,44.093219,71764.176000766,2572286
436,2019-08-27,44.431555,44.859451,44.282289,44.411653,70179.96467482,2572286
437,2019-08-28,44.033512,44.650479,44.027541,44.57087,50682.821138858,2572286
438,2019-08-29,45.068424,45.526173,45.068424,45.257494,82501.387186038,2572286
439,2019-08-30,45.157984,45.255405,44.809696,45.058473,36149.274395494,2572286
440,2019-09-03,45.556027,45.95407,45.556027,45.735146,141045.558497615,2572286
441,2019-09-04,46.451624,46.556707,46.103336,46.230312,42974.717539125,2572286
442,2019-09-05,46.909373,47.52634,46.849667,47.446731,571125.099832874,2572286
443,2019-09-06,47.52634,47.745263,47.392,47.556193,188555.976554114,2572286
444,2019-09-09,47.954236,48.481643,47.954236,48.342328,181367.319130351,2572286
445,2019-09-10,47.974138,47.974138,47.516389,47.964187,107595.015958883,2572286
446,2019-09-11,48.153258,48.372181,47.854725,48.312475,113116.868124506,2572286
447,2019-09-12,48.690616,48.713006,48.128181,48.45179,70425.75625617,2572286
448,2019-09-13,48.710518,48.909539,48.521447,48.710518,229513.610953986,2572286
449,2019-09-16,48.322426,48.486619,48.103502,48.27267,171240.108914178,2572286
450,2019-09-17,47.80497,47.944285,47.561169,47.89453,68874.383481578,2572286
451,2019-09-18,47.834823,48.003991,47.595997,47.944285,60347.306313219,2572286
452,2019-09-19,48.212964,48.760273,48.212964,48.332377,139213.565375086,2572286
453,2019-09-20,48.372181,48.62882,47.914432,48.073649,109295.654875994,2572286
454,2019-09-23,47.864676,47.864676,47.561169,47.655704,40150.602122646,2572286
455,2019-09-24,47.814921,47.864676,46.630743,46.869569,131570.143770446,2572286
456,2019-09-25,46.391917,47.070481,46.222749,46.998933,26416.126795573,2572286
457,2019-09-26,46.650645,46.87952,46.481477,46.640694,46990.97188053,2572286
458,2019-09-27,46.869569,47.138248,45.058473,45.337103,97510.595370232,2572286
459,2019-09-30,45.526173,45.86451,45.426663,45.536125,53304.929709126,2572286
460,2019-10-01,45.396809,45.513834,45.03051,45.237891,32832.580708699,2572286
461,2019-10-02,44.929109,45.327052,44.899256,45.287348,47796.013942521,2572286
462,2019-10-03,45.416712,46.239566,45.361981,46.103336,41331.794863788,2572286
463,2019-10-04,46.302357,46.401868,46.032584,46.252602,29682.06999391,2572286
464,2019-10-07,46.212798,46.271509,45.868291,45.934168,23046.692405088,2572286
465,2019-10-08,45.277397,45.426663,44.899256,45.162959,75811.278678291,2572286
466,2019-10-09,45.406761,45.934964,45.406761,45.705293,38681.82328025,2572286
467,2019-10-10,45.993874,46.833446,45.993874,46.685474,37326.486706168,2572286
468,2019-10-11,46.889471,47.675606,46.819813,47.118346,97430.986760888,2572286
469,2019-10-14,47.207905,47.277563,47.088492,47.099538,34384.948590907,2572286
470,2019-10-15,47.128297,47.645753,47.128297,47.516389,61471.777920203,2572286
471,2019-10-16,47.34722,47.765166,47.311198,47.765166,47279.553089402,2572286
472,2019-10-17,47.914432,48.001603,47.725361,47.725361,23141.227628684,2572286
473,2019-10-18,47.52634,47.529524,46.805285,46.849667,15667.969426516,2572286
474,2019-10-21,47.237759,47.456682,47.237759,47.416878,9881.418634824,2572286
475,2019-10-22,47.277563,47.416878,46.87952,46.87952,18511.98699533,2572286
476,2019-10-23,46.740205,46.87952,46.552328,46.760107,33230.623755419,2572286
477,2019-10-24,46.630743,46.750156,46.630743,46.750156,12911.52132798,2572286
478,2019-10-25,46.809862,47.536689,46.809862,47.406927,44817.656845438,2572286
479,2019-10-28,48.013943,48.68564,47.924383,48.54135,73514.570298717,2572286
480,2019-10-29,47.785068,47.785068,47.511413,47.625851,36497.562061374,2572286
481,2019-10-30,47.466633,47.745263,47.277662,47.675606,36779.177516928,2572286
482,2019-10-31,47.486535,47.582563,47.277563,47.546242,27764.497616337,2572286
483,2019-11-01,48.013943,48.489803,47.974138,48.282622,39938.644200268,2572286
484,2019-11-04,49.019001,49.851409,49.019001,49.815087,96894.623755433,2572286
485,2019-11-05,49.884745,49.884745,49.426995,49.546408,96215.960360775,2572286
486,2019-11-06,49.596164,49.596164,49.023977,49.158316,57225.653719318,2572286
487,2019-11-07,49.964353,50.631076,49.765332,50.432054,156127.409537836,2572286
488,2019-11-08,50.123571,50.242984,49.816779,50.163375,39938.644200268,2572286
489,2019-11-11,49.307582,49.496653,48.999099,49.486702,77567.643621943,2572286
490,2019-11-12,49.337436,49.486702,49.058806,49.307582,63507.768104176,2572286
491,2019-11-13,48.91949,49.00905,48.581154,48.810029,51323.670444077,2572286
492,2019-11-14,48.561252,48.561252,48.153656,48.242817,32149.936883574,2572286
493,2019-11-15,48.501545,48.670614,48.442336,48.511496,28660.094471457,2572286
494,2019-11-18,48.521447,48.63081,48.27267,48.282622,90245.314659975,2572286
495,2019-11-19,49.028952,49.088659,48.607027,48.879686,25262.797067702,2572286
496,2019-11-20,48.630909,48.630909,48.0836,48.352279,39935.658877418,2572286
497,2019-11-21,48.133355,48.620958,48.133355,48.620958,53494.000156318,2572286
498,2019-11-22,48.740371,48.740371,48.471692,48.714498,32653.461337675,2572286
499,2019-11-25,48.760273,49.317533,48.740371,49.138414,68183.778795519,2572286
500,2019-11-26,49.267778,49.357338,48.979197,49.307582,44985.830032678,2572286
501,2019-11-27,49.685723,50.032021,49.547105,49.994207,49196.130359358,2572286
502,2019-11-29,49.645919,49.775283,49.576261,49.685723,33982.92511372,2572286
503,2019-12-02,49.924549,49.924549,49.488095,49.616066,26624.104287484,2572286
504,2019-12-03,49.188169,49.37724,48.705542,49.267778,52217.277083963,2572286
505,2019-12-04,49.735479,49.735479,49.277729,49.352362,39483.88001939,2572286
506,2019-12-05,49.725528,50.193228,49.725528,50.193228,111421.204745479,2572286
507,2019-12-06,50.919657,50.99429,50.551467,50.561418,137742.796317456,2572286
508,2019-12-09,50.611173,50.688195,50.093717,50.103669,70622.787564296,2572286
509,2019-12-10,50.063864,50.39225,50.063864,50.203179,46847.67638371,2572286
510,2019-12-11,50.402201,50.742428,50.332543,50.690782,35798.001406763,2572286
511,2019-12-12,50.710684,51.575234,50.710684,51.447064,101441.270456592,2572286
512,2019-12-13,51.745596,51.939642,51.089323,51.160672,175046.395548438,2572286
513,2019-12-16,52.014275,52.537105,51.87496,52.402367,152284.303921754,2572286
514,2019-12-17,52.780508,52.97953,52.631341,52.936939,85551.39203153,2572286
515,2019-12-18,53.029285,53.317767,52.939725,53.148698,156000.035762886,2572286
516,2019-12-19,53.049187,53.178551,52.80041,53.049187,104955.99055913,2572286
517,2019-12-20,52.969578,52.969578,52.496405,52.601389,92478.336152074,2572286
518,2019-12-23,52.546901,52.586709,52.248339,52.586709,114195.960413262,2572286
519,2019-12-24,52.626518,52.895223,52.407572,52.696182,26782.001034296,2572286
520,2019-12-26,52.954936,53.382874,52.915127,53.323162,67339.649882374,2572286
521,2019-12-27,53.163929,53.163929,52.63647,52.755894,84157.643843155,2572286
522,2019-12-30,52.765846,52.765846,52.248339,52.268243,66034.934213839,2572286
523,2019-12-31,52.178675,52.556853,52.049298,52.327956,42165.902486792,2572286
524,2020-01-02,53.731197,55.114534,53.542108,55.054821,187232.172070386,2572286
525,2020-01-03,54.169088,54.935397,54.169088,54.388033,126508.654731433,2572286
526,2020-01-06,54.457697,54.835876,54.417889,54.835876,216931.12323777,2572286
527,2020-01-07,55.074725,55.19415,54.80602,55.034917,152937.35747257,2572286
528,2020-01-08,54.587074,55.691753,54.557218,55.452904,182434.281728655,2572286
529,2020-01-09,56.268973,56.418254,56.069932,56.278925,216581.80577045,2572286
530,2020-01-10,56.816337,57.035282,56.493293,56.766576,208201.172174158,2572286
531,2020-01-13,57.831447,58.717181,57.721975,58.647517,342411.729696436,2572286
532,2020-01-14,57.980728,58.219578,57.294036,57.463221,397692.462907837,2572286
533,2020-01-15,57.741879,57.901112,57.473173,57.662262,244836.712364954,2572286
534,2020-01-16,58.120057,58.17977,57.761982,57.950872,132416.200275618,2572286
535,2020-01-17,58.309146,58.319099,57.662262,58.030489,164697.712205664,2572286
536,2020-01-21,56.696912,57.005426,56.229165,56.358542,245462.697228042,2572286
537,2020-01-22,57.433365,57.572694,56.468015,56.6372,239635.763407084,2572286
538,2020-01-23,55.273767,55.512616,54.736355,55.423048,244118.173301122,2572286
539,2020-01-24,55.273767,55.283719,53.920386,54.248704,225434.167228592,2572286
540,2020-01-27,50.964523,52.351542,50.556488,52.049298,522711.293569248,2572286
541,2020-01-28,52.63647,53.173881,52.138966,53.014648,1579397.627417498,2572286
542,2020-01-29,53.631676,53.772,53.343166,53.502299,162828.714474535,2572286
543,2020-01-30,52.248339,52.745942,51.800496,52.745942,193302.931473946,2572286
544,2020-01-31,52.039346,52.238387,51.501934,51.72088,202914.635460763,2572286
545,2020-02-03,51.750736,52.805655,51.750736,52.477237,389951.747065068,2572286
546,2020-02-04,54.298464,55.214054,54.238752,54.865732,537298.034647606,2572286
547,2020-02-05,56.030124,56.030124,54.439883,54.686595,755019.351814298,2572286
548,2020-02-06,55.423048,55.557401,54.965352,55.373287,225400.330208966,2572286
549,2020-02-07,55.522568,55.522568,54.80602,55.114534,152202.895105386,2572286
550,2020-02-10,54.736355,55.383239,54.706499,55.303623,102969.036342514,2572286
551,2020-02-11,56.169453,56.627248,55.920651,55.960459,144054.144614181,2572286
552,2020-02-12,57.154707,57.592598,56.816337,57.423413,149872.121577002,2572286
553,2020-02-13,56.627248,56.925809,56.239117,56.527727,134909.192456916,2572286
554,2020-02-14,56.73672,56.73672,56.020172,56.268973,171466.111337403,2572286
555,2020-02-18,57.02533,57.045234,56.647152,56.895953,107783.845194059,2572286
556,2020-02-19,57.035282,57.483125,56.97557,57.433365,141641.76415611,2572286
557,2020-02-20,57.712023,57.791639,56.746672,57.124851,154460.023355758,2572286
558,2020-02-21,57.672214,57.741879,57.070114,57.224371,189967.994627827,2572286
559,2020-02-24,55.452904,56.408302,55.206093,56.020172,359663.633673602,2572286
560,2020-02-25,57.294036,57.622454,56.244392,56.39835,231797.517331274,2572286
561,2020-02-26,55.880843,56.884011,55.661897,56.209261,613215.369005272,2572286
562,2020-02-27,55.343431,56.303805,54.417889,55.243911,220310.844374571,2572286
563,2020-02-28,53.034552,53.930238,52.248339,53.930238,414387.051267627,2572286
564,2020-03-02,54.776164,55.293671,54.437793,55.263815,358092.202673893,2572286
565,2020-03-03,55.641993,56.176419,54.457697,55.313575,422491.01746815,2572286
566,2020-03-04,55.253863,55.731562,55.154342,55.731562,239488.472851063,2572286
567,2020-03-05,55.233959,56.089836,55.233959,55.542473,224270.77087732,2572286
568,2020-03-06,54.019807,54.328221,53.223841,53.830717,286235.310671394,2572286
569,2020-03-09,50.407207,51.850257,49.859844,51.332749,194829.578182973,2572286
570,2020-03-10,53.761053,54.129279,52.394834,54.129279,265821.635772079,2572286
571,2020-03-11,52.288147,52.785751,51.491982,51.740784,123509.102462198,2572286
572,2020-03-12,48.456603,49.013918,47.023505,48.088376,215722.942595815,2572286
573,2020-03-13,51.38251,51.571599,48.45511,50.068837,263446.077953014,2572286
574,2020-03-16,44.575297,46.943889,42.982967,44.585249,216336.984981388,2572286
575,2020-03-17,45.709833,47.40666,44.789267,46.545806,248115.917649336,2572286
576,2020-03-18,44.465825,45.502034,43.162502,44.10755,299683.535559969,2572286
577,2020-03-19,44.704674,46.744847,44.535489,45.898922,180693.665630814,2572286
578,2020-03-20,47.570869,47.580821,45.127637,45.391367,364835.721644143,2572286
579,2020-03-23,45.431175,46.381597,44.465825,45.779497,151629.656184656,2572286
580,2020-03-24,47.570869,48.556123,47.282259,48.068472,191196.079398973,2572286
581,2020-03-25,48.894493,49.620098,48.15615,48.765117,109714.545725683,2572286
582,2020-03-26,48.765117,49.760323,48.482179,49.720515,272614.915065309,2572286
583,2020-03-27,47.730102,47.767323,46.864272,47.292211,103537.299230946,2572286
584,2020-03-30,46.973745,47.43154,46.61975,47.19269,166264.167173074,2572286
585,2020-03-31,47.202642,48.501884,47.202642,47.650485,250931.356723544,2572286
586,2020-04-01,47.14293,48.194565,46.824464,46.874224,107939.097401756,2572286
587,2020-04-02,48.138136,49.003966,47.580821,48.854685,87935.447563796,2572286
588,2020-04-03,48.814877,49.033822,47.799269,48.087978,50530.61277973,2572286
589,2020-04-06,49.491617,50.019077,49.133442,49.810083,90943.956691167,2572286
590,2020-04-07,51.332749,51.397438,49.909604,49.98922,208211.124238754,2572286
591,2020-04-08,49.810083,50.009125,49.26272,49.780227,136192.013583341,2572286
592,2020-04-09,50.208166,50.526632,49.571731,49.869796,185100.439833923,2572286
593,2020-04-13,49.133343,49.242816,48.466555,48.874589,119726.322709259,2572286
594,2020-04-14,50.048933,50.506728,49.810083,50.138501,228405.853716958,2572286
595,2020-04-15,49.431905,50.15343,49.36224,50.009125,97480.47271782,2572286
596,2020-04-16,50.815242,51.141471,50.447015,51.073996,124096.274273362,2572286
597,2020-04-17,51.989585,51.989585,51.243181,51.880113,176451.10049354,2572286
598,2020-04-20,51.800496,52.39762,51.48203,51.511886,125812.010209713,2572286
599,2020-04-21,51.153612,51.17063,50.367498,50.576392,119490.458778334,2572286
600,2020-04-22,51.77064,51.790544,51.273037,51.292941,70207.834898942,2572286
601,2020-04-23,51.621359,51.681071,50.739109,50.994379,111088.92584639,2572286
602,2020-04-24,50.984427,50.984427,50.357447,50.715721,53351.027886237,2572286
603,2020-04-27,51.362605,51.460633,51.183468,51.392462,42839.657259942,2572286
604,2020-04-28,52.288147,52.288147,50.914762,51.153612,86003.751825713,2572286
605,2020-04-29,51.730832,51.850257,51.402414,51.840304,115060.794826654,2572286
606,2020-04-30,52.188627,52.646422,51.348374,51.581551,102163.914316698,2572286
607,2020-05-01,50.556488,50.556488,49.02387,49.26272,146843.70832044,2572286
608,2020-05-04,49.242816,49.630946,49.02387,49.36224,696036.450573184,2572286
609,2020-05-05,50.267878,50.73463,50.257926,50.337543,263176.377002462,2572286
610,2020-05-06,51.591503,52.049298,51.53179,51.710928,82463.802448916,2572286
611,2020-05-07,52.387668,52.616566,52.079154,52.487189,204539.80760929,2572286
612,2020-05-08,53.36297,53.880478,53.014648,53.631676,140921.23467936,2572286
613,2020-05-11,53.432635,53.432635,53.144025,53.273402,66973.413905242,2572286
614,2020-05-12,53.611772,54.238752,53.462491,53.532155,98428.904473819,2572286
615,2020-05-13,54.089471,54.427841,53.114169,53.641628,80703.282221883,2572286
616,2020-05-14,52.785751,54.059615,52.497141,53.800861,225902.909471064,2572286
617,2020-05-15,53.36297,53.840669,53.248522,53.830717,65600.028990994,2572286
618,2020-05-18,54.487554,55.224006,54.258656,55.015013,168512.33856531,2572286
619,2020-05-19,55.930603,56.219213,55.184198,55.681801,78253.083918348,2572286
620,2020-05-20,56.328686,56.726768,55.283719,56.10974,328468.88719744,2572286
621,2020-05-21,54.437793,54.78114,54.074543,54.507458,371062.72846186,2572286
622,2020-05-22,53.0246,53.173881,51.929873,51.999538,360446.861157307,2572286
623,2020-05-26,54.388033,54.746307,53.960094,53.960094,212190.954870695,2572286
624,2020-05-27,53.860574,53.860574,52.885271,53.452539,619766.813128819,2572286
625,2020-05-28,53.233594,53.41283,52.606613,52.755894,152950.295156545,2572286
626,2020-05-29,53.591868,54.238752,52.895223,54.139231,251913.625499169,2572286
627,2020-06-01,54.786116,56.10974,54.716451,55.990315,106554.765216453,2572286
628,2020-06-02,56.34859,56.97557,56.050028,56.746672,96950.027674853,2572286
629,2020-06-03,57.483125,58.128019,57.463221,58.020537,159121.570412525,2572286
630,2020-06-04,57.692118,58.297702,57.224371,57.403509,69717.198114359,2572286
631,2020-06-05,58.418619,58.993849,58.269338,58.687325,141422.818734998,2572286
632,2020-06-08,58.597756,58.687325,57.921016,58.458427,240622.013008548,2572286
633,2020-06-09,57.930968,58.199674,57.55279,58.010585,94452.059461257,2572286
634,2020-06-10,58.597756,59.125116,58.423595,59.055551,94036.063161144,2572286
635,2020-06-11,58.000632,58.488284,57.453269,57.582646,111198.398556946,2572286
636,2020-06-12,58.786846,58.786846,57.871256,58.597756,125844.85202288,2572286
637,2020-06-15,57.632406,58.816702,57.518057,58.657469,78420.278603561,2572286
638,2020-06-16,60.707594,60.797163,59.622819,59.662627,204056.137269924,2572286
639,2020-06-17,60.140326,60.856875,60.140326,60.608073,49360.249983241,2572286
640,2020-06-18,60.578217,61.344526,60.578217,61.235053,209203.345078976,2572286
641,2020-06-19,61.633136,62.389493,61.294666,61.36443,155122.830857852,2572286
642,2020-06-22,62.011314,62.328785,61.65304,62.220308,103615.920541254,2572286
643,2020-06-23,63.344891,63.852446,63.19561,63.573789,318533.741111253,2572286
644,2020-06-24,63.394651,63.543932,62.130839,62.727863,136283.572577624,2572286
645,2020-06-25,62.449205,63.006521,62.399445,63.006521,67317.755340263,2572286
646,2020-06-26,63.036377,63.354843,62.700694,62.887096,100990.565900829,2572286
647,2020-06-29,62.817432,62.976665,62.289972,62.787576,235087.669886712,2572286
648,2020-06-30,63.185658,63.586726,62.877144,63.175706,59956.213158602,2572286
649,2020-07-01,63.583741,63.91614,63.394651,63.623549,51645.244014482,2572286
650,2020-07-02,64.678468,65.136263,64.564019,64.827749,109729.473822577,2572286
651,2020-07-06,68.301019,69.6545,68.11193,69.614692,311787.236521624,2572286
652,2020-07-07,68.629437,69.107137,68.426913,68.460252,179767.128416927,2572286
653,2020-07-08,70.440713,71.346351,70.211816,71.316495,356031.130096062,2572286
654,2020-07-09,73.555709,73.625374,72.082804,72.769496,398135.329782359,2572286
655,2020-07-10,72.271893,72.500791,71.605204,72.11266,285563.546311164,2572286
656,2020-07-13,72.859065,72.968538,71.067693,71.177166,259508.045992377,2572286
657,2020-07-14,69.843589,70.659659,69.176801,70.580042,241062.88947015,2572286
658,2020-07-15,70.440713,70.440713,69.694308,69.963014,194309.085204602,2572286
659,2020-07-16,66.668881,67.226196,66.331506,67.156532,360802.149863384,2572286
660,2020-07-17,67.425238,67.474998,66.947638,67.275957,349815.0705494,2572286
661,2020-07-20,67.683991,68.360732,67.604375,68.251259,163432.804795512,2572286
662,2020-07-21,69.972966,70.172007,69.475363,69.505219,249843.596063201,2572286
663,2020-07-22,68.78867,68.947904,67.743704,68.191547,241101.702522075,2572286
664,2020-07-23,68.868287,69.146945,67.738728,67.942745,423189.652402789,2572286
665,2020-07-24,65.882668,66.599216,65.65377,66.579312,1011366.622090985,2572286
666,2020-07-27,66.56936,66.848018,66.310706,66.768401,201678.58903794,2572286
667,2020-07-28,67.176436,67.325717,66.629072,66.678833,206955.173686739,2572286
668,2020-07-29,68.181595,68.748862,68.181595,68.579677,199273.175025087,2572286
669,2020-07-30,68.121882,68.360732,67.604375,68.271163,192719.740488621,2572286
670,2020-07-31,68.500061,68.848383,68.171642,68.818527,137890.831009878,2572286
671,2020-08-03,70.460617,70.828844,70.415833,70.589994,248462.249497276,2572286
672,2020-08-04,70.719371,71.495632,70.639755,71.455824,469457.795916052,2572286
673,2020-08-05,72.202229,72.560503,72.152468,72.391318,265179.727605637,2572286
674,2020-08-06,72.212181,72.505767,71.744434,72.470934,117839.411261857,2572286
675,2020-08-07,70.739275,70.848748,69.535175,70.132199,363989.796153483,2572286
676,2020-08-10,69.913254,70.042631,69.186753,69.773925,137359.390760452,2572286
677,2020-08-11,69.545027,69.574884,68.78867,68.828479,126663.90693913,2572286
678,2020-08-12,69.256418,69.763973,69.037472,69.674404,97881.540921039,2572286
679,2020-08-13,69.425603,69.425603,68.695619,68.967808,126078.725540886,2572286
680,2020-08-14,68.967808,68.967808,68.261211,68.480156,121280.835199154,2572286
681,2020-08-17,69.415651,70.152103,69.176801,70.152103,172423.499951538,2572286
682,2020-08-18,70.162055,70.500426,69.863493,70.301384,167561.916396392,2572286
683,2020-08-19,69.26637,69.26637,68.370684,68.4503,213266.773053522,2572286
684,2020-08-20,68.460252,69.345986,68.460252,69.326082,278265.697342918,2572286
685,2020-08-21,69.355938,70.062535,68.778718,69.972966,134276.241148611,2572286
686,2020-08-24,71.525488,71.72453,70.8587,71.306543,195829.760674871,2572286
687,2020-08-25,70.958221,71.764338,70.669611,71.764338,170024.057177443,2572286
688,2020-08-26,71.177166,71.207022,70.779083,71.127406,146975.075573107,2572286
689,2020-08-27,72.072852,72.082804,71.19707,71.425968,120275.676674958,2572286
690,2020-08-28,72.092756,72.550551,71.903667,72.540599,117117.886578647,2572286
691,2020-08-31,71.396111,71.445872,70.52023,70.57009,147803.087347494,2572286
692,2020-09-01,71.416016,72.082804,71.177166,72.082804,111606.433205382,2572286
693,2020-09-02,72.908825,73.127771,71.883763,72.381366,155329.833801449,2572286
694,2020-09-03,71.14731,71.14731,69.455459,70.132199,210695.159561916,2572286
695,2020-09-04,70.072487,70.440713,68.519965,70.072487,258590.465636626,2572286
696,2020-09-08,67.266005,67.703895,66.679828,67.066963,243824.58739554,2572286
697,2020-09-09,67.066963,67.654036,66.88285,67.465046,270106.994787117,2572286
698,2020-09-10,67.236148,67.285909,65.982188,66.012044,222078.331046821,2572286
699,2020-09-11,67.614327,67.82332,66.668881,67.266005,292961.911131831,2572286
700,2020-09-14,68.35078,69.017568,68.181595,68.828479,160983.601698436,2572286
701,2020-09-15,69.923206,70.092391,69.515171,69.813733,202528.495354438,2572286
702,2020-09-16,69.823685,70.062535,69.515171,69.644548,154735.695545068,2572286
703,2020-09-17,68.858335,69.953062,68.858335,69.60474,81454.663098881,2572286
704,2020-09-18,69.70426,69.843589,69.166849,69.564932,68346.79881949,2572286
705,2020-09-21,68.11193,69.117089,67.783213,68.997664,257610.18727392,2572286
706,2020-09-22,68.957856,69.02752,68.201499,68.758814,55648.959601453,2572286
707,2020-09-23,69.017568,69.067328,68.017784,68.171642,84794.575977299,2572286
708,2020-09-24,67.047059,67.604375,66.701026,67.355573,95118.847789189,2572286
709,2020-09-25,66.270798,66.828114,65.743339,66.80821,220827.356527104,2572286
710,2020-09-28,67.345621,67.465046,66.917682,67.295861,183723.074093837,2572286
711,2020-09-29,67.614327,67.781024,67.315765,67.634231,129483.326839177,2572286
712,2020-09-30,68.032314,69.007616,67.942745,68.828479,80859.52963604,2572286
713,2020-10-01,69.574884,69.94311,69.286274,69.89335,104909.688938734,2572286
714,2020-10-02,68.679198,69.505219,68.609533,68.868287,72294.782844723,2572286
715,2020-10-05,68.947904,69.276322,68.858335,69.276322,47907.248552225,2572286
716,2020-10-06,70.102343,70.649707,70.032679,70.18196,158366.208709688,2572286
717,2020-10-07,71.316495,71.575249,71.057741,71.356303,118613.681887426,2572286
718,2020-10-08,71.53544,71.629985,71.256783,71.505584,165316.730623535,2572286
719,2020-10-09,72.003187,72.520695,71.993235,72.391318,84696.050537798,2572286
720,2020-10-12,73.764703,74.272258,73.555709,74.043361,249629.626674387,2572286
721,2020-10-13,74.152833,74.242302,73.794559,74.093121,208000.140469319,2572286
722,2020-10-14,73.615422,73.734847,73.048154,73.117819,173483.394831012,2572286
723,2020-10-15,71.913619,72.381366,71.664817,72.192277,165119.679744534,2572286
724,2020-10-16,72.510743,72.590359,71.963379,72.261941,82767.340419094,2572286
725,2020-10-19,72.242037,72.621211,71.664917,71.82405,214901.897266645,2572286
726,2020-10-20,72.679928,72.908726,72.500791,72.630167,207583.148962747,2572286
727,2020-10-21,72.421174,72.908825,72.361462,72.600311,117366.688193547,2572286
728,2020-10-22,72.759544,72.819257,72.0629,72.480886,59893.515151647,2572286
729,2020-10-23,72.142516,72.381366,71.505584,72.331605,133419.368386895,2572286
730,2020-10-26,72.122612,72.441078,71.575348,72.192277,195005.729726322,2572286
731,2020-10-27,72.849113,73.824415,72.849113,73.734847,299677.564321212,2572286
732,2020-10-28,73.018298,73.112843,72.371513,72.699832,176977.564710668,2572286
733,2020-10-29,73.933888,74.531012,73.695038,74.262306,216334.994568469,2572286
734,2020-10-30,73.983648,74.272159,73.515901,74.063265,228739.247880924,2572286
735,2020-11-02,75.138088,75.138088,74.28221,74.988807,125397.00911606,2572286
736,2020-11-03,75.575979,75.804876,75.048519,75.53617,209252.110195496,2572286
737,2020-11-04,77.198165,79.049249,77.033956,78.591454,300478.70552119,2572286
738,2020-11-05,81.139183,81.60693,79.915079,80.770956,383705.831324618,2572286
739,2020-11-06,80.124072,80.512203,79.779731,80.193737,351017.279952597,2572286
740,2020-11-09,83.746624,83.905857,80.731148,80.960045,484519.250475639,2572286
741,2020-11-10,79.108961,79.108961,77.536535,78.263036,451828.708690698,2572286
742,2020-11-11,76.35224,78.014234,75.924301,77.586296,368855.360534467,2572286
743,2020-11-12,78.153563,78.899968,77.337593,77.347446,323456.032260434,2572286
744,2020-11-13,79.069153,79.745894,78.730783,79.079105,245571.174732138,2572286
745,2020-11-16,80.40273,80.601771,79.5369,79.865318,231212.33593303,2572286
746,2020-11-17,79.616517,79.616517,78.62131,78.929824,217027.658264351,2572286
747,2020-11-18,79.039297,79.188578,77.419001,77.516631,202034.872950477,2572286
748,2020-11-19,77.616152,77.984378,77.158357,77.835097,160862.186510365,2572286
749,2020-11-20,78.004282,78.382361,77.840073,78.223228,137888.840596959,2572286
750,2020-11-23,78.302844,78.432221,76.949363,77.098644,314596.704357075,2572286
751,2020-11-24,78.083899,78.193372,77.352422,77.874905,312301.758261238,2572286
752,2020-11-25,76.939411,77.327542,76.533367,77.188213,231415.358050788,2572286
753,2020-11-27,77.964474,79.029345,77.855001,78.700927,195335.14306445,2572286
754,2020-11-30,78.481981,78.481981,76.939411,77.07874,332278.537524788,2572286
755,2020-12-01,77.835097,77.984378,77.228021,77.407158,168020.706574268,2572286
756,2020-12-02,77.068788,77.237973,76.511473,76.969268,151691.358985151,2572286
757,2020-12-03,77.327542,77.785337,77.237973,77.297686,119243.647576353,2572286
758,2020-12-04,77.516631,77.805241,77.357398,77.476823,119263.551705545,2572286
759,2020-12-07,77.446967,77.909738,77.446967,77.795289,235099.612364227,2572286
760,2020-12-08,78.23318,78.820352,77.974426,78.730783,240778.260422705,2572286
761,2020-12-09,78.591454,78.591454,77.210804,77.486775,161875.306686238,2572286
762,2020-12-10,77.665912,78.919872,77.665912,78.760639,148214.107615309,2572286
763,2020-12-11,77.725624,78.382461,77.675864,77.775385,129411.671974086,2572286
764,2020-12-14,78.193372,78.651167,78.173467,78.312796,225383.411699152,2572286
765,2020-12-15,78.760639,79.327907,78.223228,79.308003,192616.239016822,2572286
766,2020-12-16,79.258242,79.646373,78.939776,79.14877,132171.379486557,2572286
767,2020-12-17,79.586661,80.372874,79.467236,80.213641,117054.193365233,2572286
768,2020-12-18,79.934983,80.223493,79.636421,80.11412,169651.849961552,2572286
769,2020-12-21,78.94,80.1,78.94,79.77,130646.0,2572286
770,2020-12-22,79.44,79.75,78.5,78.75,199120.0,2572286
771,2020-12-23,79.96,80.0,79.41,79.64,134382.0,2572286
772,2020-12-24,79.3,79.4,78.33,78.75,110053.0,2572286
773,2020-12-28,77.48,77.8,76.85,76.99,308980.0,2572286
774,2020-12-29,78.2,78.62,78.005,78.61,160548.0,2572286
775,2020-12-30,80.63,81.7689,80.565,81.6,129337.0,2572286
776,2020-12-31,82.92,83.03,81.7,82.33,125901.0,2572286
777,2021-01-04,84.04,84.42,82.74,83.1,172773.0,2572286
778,2021-01-05,84.02,84.93,84.0105,84.82,137604.0,2572286
779,2021-01-06,84.82,85.36,83.58,83.86,186306.0,2572286
780,2021-01-07,84.62,84.95,84.085,84.75,176409.0,2572286
781,2021-01-08,86.34,88.51,86.0,88.51,198417.0,2572286
782,2021-01-11,87.648,87.97,86.71,86.78,300572.0,2572286
783,2021-01-12,88.0,88.9,87.65,88.73,200976.0,2572286
784,2021-01-13,88.41,88.87,87.98,88.6,416482.0,2572286
785,2021-01-14,89.9,90.42,89.61,89.69,236394.0,2572286
786,2021-01-15,88.81,89.205,88.1,88.72,272347.0,2572286
787,2021-01-19,93.21,94.16,93.21,93.84,364165.0,2572286
788,2021-01-20,96.16,96.42,95.39,95.98,535088.0,2572286
789,2021-01-21,96.85,97.0,95.77,96.52,287665.0,2572286
790,2021-01-22,96.05,97.7,95.97,97.36,254587.0,2572286
791,2021-01-25,100.31,100.57,97.63,99.03,595283.0,2572286
792,2021-01-26,97.44,97.8,96.8,97.41,333360.0,2572286
793,2021-01-27,94.89,96.3591,94.2296,94.98,1457630.0,2572286
794,2021-01-28,93.31,94.34,92.9376,94.02,248495.0,2572286
795,2021-01-29,93.05,93.6198,92.1,92.53,178036.0,2572286
796,2021-02-01,94.97,95.9899,94.4773,95.95,313690.0,2572286
797,2021-02-02,97.43,98.21,97.0407,98.17,428030.0,2572286
798,2021-02-03,98.6,98.8576,98.1,98.39,241189.0,2572286
799,2021-02-04,97.96,98.22,97.462,97.79,253709.0,2572286
800,2021-02-05,97.83,98.64,97.14,98.33,175820.0,2572286
801,2021-02-08,99.09,99.8054,99.04,99.42,290985.0,2572286
802,2021-02-09,100.51,102.64,100.49,102.45,316143.0,2572286
803,2021-02-10,104.71,105.295,103.1402,104.15,334157.0,2572286
804,2021-02-11,105.92,106.96,105.44,106.47,331311.0,2572286
805,2021-02-12,105.95,107.45,105.41,106.99,208014.0,2572286
806,2021-02-16,108.15,108.54,107.5841,108.11,435453.0,2572286
807,2021-02-17,108.42,108.61,106.251,107.37,297556.0,2572286
808,2021-02-18,104.08,104.7,102.84,104.52,393166.0,2572286
809,2021-02-19,105.42,106.5625,105.132,106.24,173636.0,2572286
810,2021-02-22,101.95,103.15,100.81,100.98,334870.0,2572286
811,2021-02-23,98.47,100.4859,96.1,100.23,396980.0,2572286
812,2021-02-24,97.61,98.0,95.94,97.62,474918.0,2572286
813,2021-02-25,97.38,97.95,94.64,95.04,401546.0,2572286
814,2021-02-26,94.04,95.0,92.5701,93.95,390618.0,2572286
815,2021-03-01,97.13,98.15,96.75,98.11,315121.0,2572286
816,2021-03-02,97.49,98.02,96.9249,97.2,191889.0,2572286
817,2021-03-03,97.57,97.79,94.5,94.91,223123.0,2572286
818,2021-03-04,92.73,93.14,89.032,90.1,517477.0,2572286
819,2021-03-05,91.27,91.27,87.39,90.38,336218.0,2572286
820,2021-03-08,86.96,87.0,83.4,83.95,590455.0,2572286
821,2021-03-09,86.34,89.23,86.25,88.62,544125.0,2572286
822,2021-03-10,89.36,89.36,86.28,86.79,333282.0,2572286
823,2021-03-11,90.35,92.2299,90.165,92.1,345101.0,2572286
824,2021-03-12,88.61,88.79,87.51,88.33,204954.0,2572286
825,2021-03-15,86.89,87.29,86.01,87.2,270078.0,2572286
826,2021-03-16,87.8,88.32,87.205,87.84,263398.0,2572286
827,2021-03-17,86.55,88.92,85.932,88.4,660945.0,2572286
828,2021-03-18,88.22,88.605,87.5,87.6,187013.0,2572286
829,2021-03-19,87.65,88.37,87.18,88.11,247215.0,2572286
830,2021-03-22,88.1,88.4799,87.51,88.17,147379.0,2572286
831,2021-03-23,86.68,86.9999,86.1101,86.64,211839.0,2572286
832,2021-03-24,85.28,85.372,81.01,81.08,393179.0,2572286
833,2021-03-25,80.5,81.72,79.0,79.33,541923.0,2572286
834,2021-03-26,80.02,81.47,78.0,81.25,324270.0,2572286
835,2021-03-29,80.45,80.45,78.52,79.36,338582.0,2572286
836,2021-03-30,80.44,81.53,79.79,81.15,209857.0,2572286
837,2021-03-31,81.63,81.7911,81.15,81.45,175257.0,2572286
838,2021-04-01,84.15,84.63,83.5,83.72,308652.0,2572286
839,2021-04-05,84.67,84.68,83.5001,83.89,175870.0,2572286
840,2021-04-06,84.29,85.7799,83.89,85.32,203649.0,2572286
841,2021-04-07,83.31,83.64,82.63,83.23,296041.0,2572286
842,2021-04-08,84.44,84.77,84.03,84.33,255617.0,2572286
843,2021-04-09,83.21,83.41,82.03,83.04,317909.0,2572286
844,2021-04-12,81.47,81.665,80.53,80.76,264379.0,2572286
845,2021-04-13,79.94,81.1899,79.79,80.71,226266.0,2572286
846,2021-04-14,81.58,81.69,80.82,80.97,171350.0,2572286
847,2021-04-15,81.27,81.71,80.81,80.88,201178.0,2572286
848,2021-04-16,81.71,81.71,80.66,81.33,126752.0,2572286
849,2021-04-19,82.0,82.52,81.5,81.83,166469.0,2572286
850,2021-04-20,82.01,82.095,80.93,81.11,174005.0,2572286
851,2021-04-21,81.04,82.18,80.8,82.14,139576.0,2572286
852,2021-04-22,82.74,83.74,82.5,83.08,182517.0,2572286
853,2021-04-23,84.22,85.0799,84.087,84.8,119377.0,2572286
854,2021-04-26,84.21,84.46,83.59,84.34,157124.0,2572286
855,2021-04-27,84.58,84.99,84.5,84.8,198415.0,2572286
856,2021-04-28,84.97,85.41,84.635,84.96,109763.0,2572286
857,2021-04-29,84.96,84.99,82.88,83.74,382121.0,2572286
858,2021-04-30,82.83,83.09,82.21,82.56,176348.0,2572286
859,2021-05-03,82.41,82.71,81.7,81.82,206842.0,2572286
860,2021-05-04,81.49,81.557,79.83,80.31,386704.0,2572286
861,2021-05-05,80.56,80.75,79.63,79.74,174789.0,2572286
862,2021-05-06,79.74,79.9873,79.1,79.7,145812.0,2572286
863,2021-05-07,78.39,79.1483,78.15,78.48,393001.0,2572286
864,2021-05-10,77.21,77.313,75.465,75.78,312515.0,2572286
865,2021-05-11,74.5,76.41,74.1,76.02,1338355.0,2572286
866,2021-05-12,76.27,76.78,75.5,75.64,245025.0,2572286
867,2021-05-13,75.73,75.95,74.0501,74.53,263298.0,2572286
868,2021-05-14,75.38,76.83,75.15,76.44,197714.0,2572286
869,2021-05-17,77.12,77.86,77.04,77.62,183983.0,2572286
870,2021-05-18,78.15,78.77,77.89,78.09,236115.0,2572286
871,2021-05-19,77.2,78.4799,77.0001,78.11,217535.0,2572286
872,2021-05-20,78.36,79.05,78.26,78.53,194388.0,2572286
873,2021-05-21,78.43,78.43,77.18,77.24,108274.0,2572286
874,2021-05-24,77.66,78.3792,77.43,78.15,185386.0,2572286
875,2021-05-25,79.91,80.46,79.802,79.98,181157.0,2572286
876,2021-05-26,80.33,80.67,80.21,80.52,131201.0,2572286
877,2021-05-27,81.05,81.468,80.31,81.37,667959.0,2572286
878,2021-05-28,80.89,81.26,80.6838,80.79,206579.0,2572286
879,2021-06-01,83.41,83.939,83.03,83.53,630189.0,2572286
880,2021-06-02,83.05,83.3499,82.355,82.75,699295.0,2572286
881,2021-06-03,81.17,81.44,80.02,80.24,115653.0,2572286
882,2021-06-04,81.13,81.23,80.71,81.12,198955.0,2572286
883,2021-06-07,81.04,81.1799,80.4,80.86,146191.0,2572286
884,2021-06-08,80.35,80.581,79.762,80.19,215302.0,2572286
885,2021-06-09,80.44,80.865,80.23,80.23,132182.0,2572286
886,2021-06-10,80.55,81.5,80.35,81.03,178082.0,2572286
887,2021-06-11,81.15,81.348,80.51,80.81,144154.0,2572286
888,2021-06-14,80.98,81.42,80.5,81.06,126626.0,2572286
889,2021-06-15,81.23,81.43,79.93,80.16,252288.0,2572286
890,2021-06-16,79.21,79.3633,77.68,78.1,186407.0,2572286
891,2021-06-17,79.62,80.96,79.62,80.81,353951.0,2572286
892,2021-06-18,81.04,81.499,80.81,81.03,188302.0,2572286
893,2021-06-21,81.09,81.18,80.2827,81.0,151970.0,2572286
894,2021-06-22,80.17,80.19,79.52,80.05,329205.0,2572286
895,2021-06-23,81.68,82.63,81.5218,81.89,138486.0,2572286
896,2021-06-24,82.29,83.14,82.25,83.0,222617.0,2572286
897,2021-06-25,84.21,84.92,83.96,84.6,190533.0,2572286
898,2021-06-28,84.99,85.8697,84.88,85.08,363178.0,2572286
899,2021-06-29,84.59,85.13,83.83,85.12,268857.0,2572286
900,2021-06-30,84.85,85.0,84.01,84.2,363306.0,2572286
901,2021-07-01,83.62,84.07,82.395,82.69,296613.0,2572286
902,2021-07-02,81.71,81.8,81.0,81.2,592605.0,2572286
903,2021-07-06,79.36,79.674,78.44,78.6,520971.0,2572286
904,2021-07-07,79.61,79.8353,78.275,78.41,412406.0,2572286
905,2021-07-08,76.27,76.8888,75.88,76.56,456617.0,2572286
906,2021-07-09,78.34,78.9835,77.575,78.76,254112.0,2572286
907,2021-07-12,78.39,78.76,77.81,78.37,193231.0,2572286
908,2021-07-13,78.75,79.98,78.55,79.38,195363.0,2572286
909,2021-07-14,79.75,79.7792,78.55,78.75,144380.0,2572286
910,2021-07-15,79.15,79.97,78.512,79.11,121154.0,2572286
911,2021-07-16,78.82,79.3,77.53,77.66,183990.0,2572286
912,2021-07-19,76.43,76.93,75.95,76.77,211529.0,2572286
913,2021-07-20,76.62,77.57,76.0263,77.12,158749.0,2572286
914,2021-07-21,77.2,78.464,77.2,78.37,71550.0,2572286
915,2021-07-22,78.67,78.76,77.96,78.23,74585.0,2572286
916,2021-07-23,76.0,76.1,74.0,74.88,500609.0,2572286
917,2021-07-26,71.41,72.65,70.81,70.93,1221646.0,2572286
918,2021-07-27,67.25,68.75,66.5,68.28,1064095.0,2572286
919,2021-07-28,70.5,72.79,70.17,72.3,1231399.0,2572286
920,2021-07-29,74.31,74.59,72.09,72.82,586587.0,2572286
921,2021-07-30,71.67,72.57,71.505,72.19,306942.0,2572286
922,2021-08-02,72.31,72.95,71.85,72.57,239139.0,2572286
923,2021-08-03,70.91,70.91,69.92,70.48,362774.0,2572286
924,2021-08-04,72.09,72.9335,71.8635,72.11,220644.0,2572286
925,2021-08-05,71.08,71.54,70.715,71.19,156756.0,2572286
926,2021-08-06,71.05,71.15,69.9933,70.53,341004.0,2572286
927,2021-08-09,70.65,71.7,70.32,71.39,214413.0,2572286
928,2021-08-10,72.0,72.2892,70.99,71.27,327085.0,2572286
929,2021-08-11,71.81,72.03,70.841,71.2,140866.0,2572286
930,2021-08-12,70.74,70.74,70.0,70.45,256515.0,2572286
931,2021-08-13,69.83,70.0,68.75,68.9,199969.0,2572286
932,2021-08-16,67.83,67.94,66.555,66.76,229743.0,2572286
933,2021-08-17,64.57,65.15,63.75,64.54,325849.0,2572286
934,2021-08-18,65.01,65.35,64.54,64.84,232417.0,2572286
935,2021-08-19,63.67,64.525,63.6201,63.94,303867.0,2572286
936,2021-08-20,63.97,65.75,63.61,64.49,322913.0,2572286
937,2021-08-23,65.73,66.68,65.52,66.63,305124.0,2572286
938,2021-08-24,69.08,70.67,68.81,70.44,697542.0,2572286
939,2021-08-25,69.89,70.18,69.355,70.08,342842.0,2572286
940,2021-08-26,69.47,69.8001,68.9,69.1,166748.0,2572286
941,2021-08-27,68.97,68.995,68.2,68.84,341751.0,2572286
942,2021-08-30,68.51,69.55,68.03,69.44,308415.0,2572286
943,2021-08-31,70.26,71.17,70.0998,70.96,305263.0,2572286
944,2021-09-01,71.25,73.19,71.25,72.8,394462.0,2572286
945,2021-09-02,72.84,73.0,71.94,72.09,258805.0,2572286
946,2021-09-03,71.82,72.2461,71.6211,72.07,99030.0,2572286
947,2021-09-07,73.81,74.49,73.615,74.18,243264.0,2572286
948,2021-09-08,73.61,73.72,72.18,72.5,225375.0,2572286
949,2021-09-09,71.01,72.29,70.68,72.06,165501.0,2572286
950,2021-09-10,72.96,73.2688,71.5101,71.62,123228.0,2572286
951,2021-09-13,71.0,71.01,70.0,70.64,253191.0,2572286
952,2021-09-14,69.87,70.0,69.11,69.29,110478.0,2572286
953,2021-09-15,68.5,68.56,67.4,68.54,219806.0,2572286
954,2021-09-16,67.09,67.37,66.591,67.23,171508.0,2572286
955,2021-09-17,67.93,68.11,67.3,67.63,110969.0,2572286
956,2021-09-20,65.75,66.0,64.0,64.78,981653.0,2572286
957,2021-09-21,65.34,65.8,64.95,65.43,385426.0,2572286
958,2021-09-22,66.57,68.0,66.45,67.29,300565.0,2572286
959,2021-09-23,67.5,67.63,66.98,67.62,130931.0,2572286
960,2021-09-24,66.31,66.3405,65.61,65.85,162290.0,2572286
961,2021-09-27,65.76,66.74,65.12,66.62,147879.0,2572286
962,2021-09-28,66.62,66.76,65.45,65.68,139156.0,2572286
963,2021-09-29,65.43,65.6672,64.38,64.47,132369.0,2572286
964,2021-09-30,65.36,66.01,65.11,65.78,167518.0,2572286
965,2021-10-01,65.51,65.6787,64.35,64.91,151881.0,2572286
966,2021-10-04,64.26,64.26,62.85,63.49,282114.0,2572286
967,2021-10-05,63.52,64.39,63.52,63.92,405820.0,2572286
968,2021-10-06,62.98,64.0,62.98,64.0,203316.0,2572286
969,2021-10-07,65.91,67.7879,65.91,67.35,302120.0,2572286
970,2021-10-08,67.64,68.1,67.35,68.05,159764.0,2572286
971,2021-10-11,68.8,68.865,67.43,67.65,188873.0,2572286
972,2021-10-12,67.08,67.27,66.41,66.5,205930.0,2572286
973,2021-10-13,67.69,68.54,67.4301,68.4,108430.0,2572286
974,2021-10-14,68.26,68.43,67.57,68.03,437891.0,2572286
975,2021-10-15,68.7,69.3,68.32,69.01,602762.0,2572286
976,2021-10-18,69.01,69.9,68.75,69.58,476582.0,2572286
977,2021-10-19,70.32,72.11,70.32,71.99,349691.0,2572286
978,2021-10-20,72.6,72.81,72.02,72.33,201039.0,2572286
979,2021-10-21,71.65,72.11,71.33,71.8,227068.0,2572286
980,2021-10-22,72.5,73.2,71.52,71.85,160847.0,2572286
981,2021-10-25,72.49,72.49,71.6,71.94,204351.0,2572286
982,2021-10-26,71.9,71.94,69.53,69.81,281659.0,2572286
983,2021-10-27,69.0,69.83,68.67,69.12,153285.0,2572286
984,2021-10-28,69.0,69.52,68.2986,69.45,191287.0,2572286
985,2021-10-29,69.42,69.42,68.0,68.25,246320.0,2572286
986,2021-11-01,68.46,70.825,68.46,70.74,182022.0,2572286
987,2021-11-02,69.44,69.54,68.42,68.78,251154.0,2572286
988,2021-11-03,68.87,69.3768,68.54,69.22,124903.0,2572286
989,2021-11-04,70.02,70.34,68.59,68.76,240678.0,2572286
990,2021-11-05,68.87,69.12,67.89,68.2,198223.0,2572286
991,2021-11-08,68.68,69.0,68.43,68.88,219726.0,2572286
992,2021-11-09,68.8,69.2,68.23,68.74,165544.0,2572286
993,2021-11-10,69.0,70.47,69.0,69.34,281338.0,2572286
994,2021-11-11,70.98,72.27,70.98,72.09,158984.0,2572286
995,2021-11-12,71.95,72.945,71.71,72.87,216407.0,2572286
996,2021-11-15,72.74,72.99,71.75,71.96,178387.0,2572286
997,2021-11-16,72.69,72.88,72.15,72.67,508048.0,2572286
998,2021-11-17,72.64,72.72,70.73,71.1,339461.0,2572286
999,2021-11-18,69.08,69.21,68.28,68.64,299047.0,2572286
1000,2021-11-19,69.23,69.52,68.61,68.81,346552.0,2572286
1001,2021-11-22,68.91,69.2392,67.881,68.34,247947.0,2572286
1002,2021-11-23,68.11,68.8,67.7,68.1,170530.0,2572286
1003,2021-11-24,67.67,68.57,67.4,68.42,126610.0,2572286
1004,2021-11-26,66.32,67.0,65.7,66.58,223017.0,2572286
1005,2021-11-29,66.36,66.4125,65.3162,65.56,189662.0,2572286
1006,2021-11-30,65.8,66.75,65.11,65.81,294706.0,2572286
1007,2021-12-01,66.44,66.45,64.49,64.72,145466.0,2572286
1008,2021-12-02,64.96,65.2867,63.3,64.15,289264.0,2572286
1009,2021-12-03,63.5,63.71,60.88,61.76,571624.0,2572286
1010,2021-12-06,61.44,63.13,61.01,63.05,604543.0,2572286
1011,2021-12-07,64.37,64.78,64.01,64.46,294545.0,2572286
1012,2021-12-08,64.63,65.75,64.18,65.24,192896.0,2572286
1013,2021-12-09,65.46,66.24,64.89,65.17,144951.0,2572286
1014,2021-12-10,65.27,65.5867,64.79,65.25,99516.0,2572286
1015,2021-12-13,64.9,64.9,63.62,64.15,195181.0,2572286
1016,2021-12-14,62.99,64.0,62.89,63.41,151324.0,2572286
1017,2021-12-15,62.8,62.8,61.2,62.4,540216.0,2572286
1018,2021-12-16,63.0,63.92,62.3,62.39,435934.0,2572286
1019,2021-12-17,61.01,61.705,60.24,61.55,290490.0,2572286
1020,2021-12-20,60.04,60.19,59.1001,59.46,307754.0,2572286
1021,2021-12-21,60.45,62.31,60.37,62.2,219617.0,2572286
1022,2021-12-22,61.57,61.99,61.17,61.86,190559.0,2572286
1023,2021-12-23,61.71,62.065,61.0691,61.85,378280.0,2572286
1024,2021-12-27,61.56,62.13,61.26,61.44,310390.0,2572286
1025,2021-12-28,60.8,60.9,60.2,60.68,843912.0,2572286
1026,2021-12-29,59.99,60.02,59.12,59.49,375543.0,2572286
1027,2021-12-30,59.57,62.87,59.57,62.41,521252.0,2572286
1028,2021-12-31,62.02,62.73,61.7842,62.13,231556.0,2572286
271,2018-12-31,22.914189,23.066771,22.214108,22.38464,657628.243423061,2573125
272,2019-01-02,22.205132,23.784713,22.0346,23.712999,720202.9169597,2573125
273,2019-01-03,23.695048,24.395129,23.353983,23.73095,597329.73059225,2573125
274,2019-01-04,24.125867,24.502834,23.982261,24.314351,434091.490824483,2573125
275,2019-01-07,24.682342,24.987506,24.323326,24.987506,577479.742354832,2573125
276,2019-01-08,25.256767,25.391398,24.323416,24.951604,596812.747719002,2573125
277,2019-01-09,25.131112,26.145332,24.960669,26.019676,742268.033202632,2573125
278,2019-01-10,26.010701,26.926191,25.669636,26.5582,935405.115806574,2573125
279,2019-01-11,26.818487,28.110944,26.549225,27.626272,1224730.631645091,2573125
280,2019-01-14,27.680125,28.281476,27.285207,28.084018,984780.5703606,2573125
281,2019-01-15,28.272501,28.344304,26.953118,27.177502,982376.959015881,2573125
282,2019-01-16,27.410863,27.725002,27.105699,27.536518,562169.509973123,2573125
283,2019-01-17,27.285207,27.732182,27.024562,27.464715,484671.44367,2573125
284,2019-01-18,27.778854,28.092993,27.473691,27.841682,730654.766888472,2573125
285,2019-01-22,28.030165,28.407132,27.554469,27.769879,836543.809314131,2573125
286,2019-01-23,28.066067,28.108341,27.015945,27.509592,440315.928716801,2573125
287,2019-01-24,27.464715,28.039141,27.374961,28.012214,485820.29449944,2573125
288,2019-01-25,28.541763,28.811025,28.092993,28.721271,872943.532273458,2573125
289,2019-01-28,28.568689,30.363768,28.290452,30.336842,1295114.798202791,2573125
290,2019-01-29,30.489424,30.866391,29.295696,29.825245,1229215.63757846,2573125
291,2019-01-30,30.040654,30.624055,29.726515,30.345818,962745.970467825,2573125
292,2019-01-31,30.677907,31.593398,30.417621,31.557496,878405.958951561,2573125
293,2019-02-01,31.934463,32.652495,31.907537,32.185774,1404178.438584488,2573125
294,2019-02-04,32.742249,34.420648,32.553765,33.451305,2290893.820175858,2573125
295,2019-02-05,33.44233,33.837157,32.051143,32.823027,1678896.495634617,2573125
296,2019-02-06,32.31143,32.499913,30.525326,31.099751,1830045.773041659,2573125
297,2019-02-07,30.51635,31.844709,30.202211,31.611349,1196850.35561783,2573125
298,2019-02-08,31.665201,31.835644,30.713809,30.812538,1113881.78477921,2573125
299,2019-02-11,31.144628,31.193993,29.861146,30.094506,1003542.740468892,2573125
300,2019-02-12,29.888072,31.103341,29.582909,30.875366,786229.528222922,2573125
301,2019-02-13,31.252333,31.535506,31.117792,31.351062,1023339.773863391,2573125
302,2019-02-14,31.39567,31.4138,30.983161,31.360037,466287.137779829,2573125
303,2019-02-15,31.907537,32.230651,31.422865,32.033192,1012072.060337774,2573125
304,2019-02-19,31.772906,32.051143,31.638813,31.97934,872147.414550245,2573125
305,2019-02-20,32.09602,32.562651,32.042168,32.517864,1034681.085645269,2573125
306,2019-02-21,32.499913,32.867904,32.268707,32.410159,743342.3882361,2573125
307,2019-02-22,32.724298,32.883521,32.31143,32.796101,515419.359072309,2573125
308,2019-02-25,32.939707,32.975609,32.324893,32.42811,695173.227052986,2573125
309,2019-02-26,32.401184,33.155117,32.221676,33.056388,692825.263170318,2573125
310,2019-02-27,33.3436,33.532084,32.840978,33.280772,815947.965577287,2573125
311,2019-02-28,33.316674,33.523108,33.208969,33.289748,813009.42056511,2573125
312,2019-03-01,33.550034,33.612862,32.939707,33.316674,622653.813524007,2573125
313,2019-03-04,33.550034,33.576961,32.266553,32.89483,927781.413505587,2573125
314,2019-03-05,33.208969,33.720567,32.634544,33.46028,667987.646761652,2573125
315,2019-03-06,33.523108,33.79237,32.589757,32.912781,697465.543473603,2573125
316,2019-03-07,32.921757,33.056388,31.952414,31.97934,736610.84040735,2573125
317,2019-03-08,31.234382,32.131922,30.96512,32.024217,762142.255012233,2573125
318,2019-03-11,32.176799,32.634544,32.078069,32.598642,509689.465560477,2573125
319,2019-03-12,32.634544,33.235895,32.418686,32.823027,799149.612355569,2573125
320,2019-03-13,33.46028,33.657739,32.903896,33.119215,791603.098469685,2573125
321,2019-03-14,33.217945,33.262822,32.760199,33.029461,514055.098712349,2573125
322,2019-03-15,33.478231,33.553804,32.89483,33.523108,922719.289538367,2573125
323,2019-03-18,33.567985,34.438599,33.532084,34.411673,1369144.771064541,2573125
324,2019-03-19,35.004049,35.228434,34.680934,34.770688,1967974.290513036,2573125
325,2019-03-20,34.761713,34.905319,34.106509,34.438599,924408.459273528,2573125
326,2019-03-21,34.339869,34.618107,34.1425,34.501426,641701.401260238,2573125
327,2019-03-22,34.196263,34.312943,32.921757,33.056388,1181125.45988987,2573125
328,2019-03-25,32.903806,33.642481,32.670445,33.253846,887688.314637552,2573125
329,2019-03-26,33.388915,33.659052,33.242771,33.587015,549701.476695819,2573125
330,2019-03-27,33.47896,33.57675,32.002212,32.542486,884135.399660438,2573125
331,2019-03-28,32.506468,32.785609,31.633115,32.461445,712177.086227104,2573125
332,2019-03-29,32.740586,32.956696,32.466848,32.749591,539230.071921636,2573125
333,2019-04-01,33.046741,33.136787,32.5695,32.983709,644056.676684431,2573125
334,2019-04-02,33.055746,33.08276,32.533481,32.758595,413645.251124852,2573125
335,2019-04-03,32.86665,32.956606,32.299363,32.380404,652981.097762506,2573125
336,2019-04-04,32.776605,32.776605,32.05624,32.344386,486977.500966172,2573125
337,2019-04-05,32.506468,32.722577,32.443436,32.686559,379799.805149512,2573125
338,2019-04-08,32.704568,32.803618,32.236331,32.299363,509024.269776139,2573125
339,2019-04-09,32.236331,32.342855,31.633025,31.759089,632342.642398822,2573125
340,2019-04-10,31.768094,32.371399,31.759089,32.326376,380111.362983536,2573125
341,2019-04-11,32.326376,32.337002,31.245829,31.506961,715533.086364122,2573125
342,2019-04-12,31.705062,31.993208,31.506961,31.597007,518479.059536989,2573125
343,2019-04-15,31.515966,31.597007,30.408405,30.525464,1010469.399988748,2573125
344,2019-04-16,30.61551,31.100495,30.570487,30.741574,496779.866807755,2573125
345,2019-04-17,31.002706,31.209811,30.51646,30.696551,854712.99438084,2573125
346,2019-04-18,31.452934,31.461938,30.393187,30.507455,739779.66959178,2573125
347,2019-04-22,30.61551,31.443929,30.525464,31.434925,684530.380510211,2573125
348,2019-04-23,31.515966,31.515966,31.083747,31.380897,603651.407527397,2573125
349,2019-04-24,31.380897,31.651034,31.118685,31.461938,529696.942474196,2573125
350,2019-04-25,31.299856,31.368291,31.047819,31.173793,354885.983901589,2573125
351,2019-04-26,31.200806,31.795107,31.173793,31.795107,417536.122225484,2573125
352,2019-04-29,31.903162,32.35339,31.660489,32.326376,506014.945263686,2573125
353,2019-04-30,32.371399,32.614522,31.849135,32.110267,384093.180157106,2573125
354,2019-05-01,32.191308,32.407417,31.84013,31.948185,460745.411888736,2573125
355,2019-05-02,32.020221,32.029226,30.867637,31.389902,651266.629219205,2573125
356,2019-05-03,31.560989,31.930176,31.467341,31.903162,339426.952414515,2573125
357,2019-05-06,31.245829,32.110267,31.059435,31.975199,359514.328603567,2573125
358,2019-05-07,32.011217,32.137281,31.092751,31.299856,486968.496404495,2573125
359,2019-05-08,31.200806,31.515876,31.110761,31.218815,371523.712512182,2573125
360,2019-05-09,31.155783,31.173793,30.408405,30.633519,492481.989519323,2573125
361,2019-05-10,30.570487,30.957683,30.192295,30.885647,444719.093016011,2573125
362,2019-05-13,30.291345,30.318359,29.039711,29.282835,867672.359546378,2573125
363,2019-05-14,29.579985,30.237318,29.47193,29.976186,780898.100033633,2573125
364,2019-05-15,29.940168,30.560942,29.625008,30.480441,496147.746578029,2573125
365,2019-05-16,30.705555,30.831619,30.507455,30.507455,319513.36426583,2573125
366,2019-05-17,30.345373,30.723564,30.174286,30.318359,577315.765990675,2573125
367,2019-05-20,30.165282,30.210304,29.715054,29.940168,300197.679012497,2573125
368,2019-05-21,30.30035,30.606145,30.214176,30.51646,293378.524454505,2573125
369,2019-05-22,30.570487,31.110761,30.435418,30.678542,267548.038827863,2573125
370,2019-05-23,30.462432,30.61551,29.643017,29.742067,316495.935647867,2573125
371,2019-05-24,30.246323,30.507365,29.994285,30.120259,373646.988155618,2573125
372,2019-05-28,30.345373,30.480351,29.769081,29.922158,359685.41527543,2573125
373,2019-05-29,29.805099,29.88614,29.048716,29.210798,509472.696947654,2573125
374,2019-05-30,29.444917,29.625008,28.643511,28.652515,540225.976443112,2573125
375,2019-05-31,28.364369,28.454415,27.716041,27.887128,603576.669665478,2573125
376,2019-06-03,27.869118,28.094142,27.013685,27.12174,559257.117547451,2573125
377,2019-06-04,27.490927,28.472424,27.391877,28.472424,326646.778026349,2573125
378,2019-06-05,29.17478,29.228807,28.139255,28.454415,400766.026558239,2573125
379,2019-06-06,28.472424,28.534015,28.094232,28.34636,280313.805917345,2573125
380,2019-06-07,28.607492,29.219803,28.50394,28.886634,414172.918439124,2573125
381,2019-06-10,29.390889,29.931163,29.264825,29.661026,679153.756732874,2573125
382,2019-06-11,29.850122,29.877136,29.039711,29.309848,350826.727497597,2573125
383,2019-06-12,29.219803,29.291839,28.868625,29.246816,278463.368492722,2573125
384,2019-06-13,29.345867,29.435912,28.706543,28.769575,332626.707436045,2573125
385,2019-06-14,28.679529,28.724552,28.013191,28.067219,384350.710621068,2573125
386,2019-06-17,28.139255,28.391383,27.914141,28.391383,248174.724379797,2573125
387,2019-06-18,28.56247,28.769575,28.409392,28.409392,241888.639873083,2573125
388,2019-06-19,28.544461,28.949666,28.469903,28.796588,321660.952225794,2573125
389,2019-06-20,29.17478,29.390889,28.985684,29.291839,331544.359122469,2573125
390,2019-06-21,28.913648,28.931657,28.139255,28.796588,452228.897454629,2573125
391,2019-06-24,28.733556,28.733556,28.166269,28.535456,481949.353725736,2573125
392,2019-06-25,28.508442,28.58219,28.085228,28.085228,232889.48093309,2573125
393,2019-06-26,28.238305,28.355365,27.959164,28.184278,290892.364975485,2573125
394,2019-06-27,28.310342,28.589483,28.260817,28.544461,206030.674362934,2573125
395,2019-06-28,28.707468,28.888588,28.544461,28.689356,236046.025477088,2573125
396,2019-07-01,29.024428,29.105932,28.807175,29.069708,222328.021418317,2573125
397,2019-07-02,29.08782,29.124043,28.481069,28.63502,263055.496763916,2573125
398,2019-07-03,28.616908,28.897644,28.309005,28.825196,382976.643679063,2573125
399,2019-07-05,28.852364,28.915756,28.526892,28.743692,253644.51853717,2573125
400,2019-07-08,28.616908,28.653132,28.218445,28.309005,497936.922741428,2573125
401,2019-07-09,28.281837,28.444845,27.98299,28.290893,368426.394721294,2573125
402,2019-07-10,28.472013,28.607852,27.98299,27.98299,365193.408552175,2573125
403,2019-07-11,28.118829,28.145997,27.57547,27.765646,363583.254656183,2573125
404,2019-07-12,27.611694,27.62075,26.637089,26.678928,926929.736227619,2573125
405,2019-07-15,26.669872,27.213231,26.289521,27.177007,455536.807212534,2573125
406,2019-07-16,27.231343,27.48491,26.986831,27.276623,232160.102885579,2573125
407,2019-07-17,27.276623,27.75659,27.276623,27.548302,429536.17250621,2573125
408,2019-07-18,27.394351,27.453214,26.986831,27.330959,308392.467796018,2573125
409,2019-07-19,27.204175,27.403407,26.968719,27.013999,270040.376966273,2573125
410,2019-07-22,26.977775,27.013999,26.51592,26.69704,442477.173166353,2573125
411,2019-07-23,26.615536,26.635912,26.271952,26.42536,508140.299539037,2573125
412,2019-07-24,26.262353,26.325745,25.954449,26.171793,431606.370372487,2573125
413,2019-07-25,26.063121,26.416304,25.664658,25.72805,280586.975544861,2573125
414,2019-07-26,25.709938,26.056238,25.565042,25.918225,321152.348782821,2573125
415,2019-07-29,25.872945,25.961966,25.193747,25.519762,550759.569872672,2573125
416,2019-07-30,25.211859,25.709123,24.949235,25.528818,389187.237277892,2573125
417,2019-07-31,25.402034,25.809553,25.266194,25.429202,255762.713116881,2573125
418,2019-08-01,25.338642,25.395242,24.408412,24.469268,657030.632606551,2573125
419,2019-08-02,24.885843,25.673714,24.858675,25.655602,634180.574617976,2573125
420,2019-08-05,25.610322,25.610322,24.686611,24.903955,367600.489010864,2573125
421,2019-08-06,25.130355,26.035953,25.094131,25.574098,453845.149463539,2573125
422,2019-08-07,25.610322,25.900113,25.32053,25.800497,438100.416260092,2573125
423,2019-08-08,26.398192,26.488752,25.827665,25.999729,286042.300105862,2573125
424,2019-08-09,26.117457,26.180849,25.438258,25.854833,241207.936167278,2573125
425,2019-08-12,25.827665,25.827665,25.266194,25.565042,266187.055915965,2573125
426,2019-08-13,25.420146,26.203489,25.356754,26.189905,400968.166430292,2573125
427,2019-08-14,25.356754,25.356754,24.541716,24.559828,785337.62039734,2573125
428,2019-08-15,24.26098,24.270036,23.192374,23.282934,901873.640617763,2573125
429,2019-08-16,23.282934,23.953077,23.282934,23.771957,996102.961869631,2573125
430,2019-08-19,23.862517,24.116085,23.365343,23.527446,409315.066576166,2573125
431,2019-08-20,23.092758,23.703947,23.092758,23.364438,336344.66698258,2573125
432,2019-08-21,23.509334,23.681397,23.33727,23.554614,401157.436488933,2573125
433,2019-08-22,23.545558,23.613477,22.956919,23.011254,318168.402164545,2573125
434,2019-08-23,22.866359,23.264731,22.41356,22.440728,557700.075755061,2573125
435,2019-08-26,22.630903,22.658071,22.159539,22.36828,548929.355573572,2573125
436,2019-08-27,22.486007,22.617048,21.399289,21.553241,536420.325334345,2573125
437,2019-08-28,21.381177,21.91548,20.996208,21.770585,596168.083175744,2573125
438,2019-08-29,22.123768,22.156279,21.91548,21.969816,417403.871187531,2573125
439,2019-08-30,22.14188,22.187069,21.661913,21.743417,397470.745538097,2573125
440,2019-09-03,21.661913,22.359224,21.589465,22.323,294055.034454424,2573125
441,2019-09-04,22.440728,22.612791,21.661913,21.987928,404815.148292034,2573125
442,2019-09-05,22.323,22.992599,22.229995,22.938807,697379.567834869,2573125
443,2019-09-06,23.002199,23.500278,22.736405,23.301046,998595.16857479,2573125
444,2019-09-09,23.545558,23.708475,22.657528,22.658071,475758.818740945,2573125
445,2019-09-10,22.712407,23.11078,22.386392,23.083702,266466.885811275,2573125
446,2019-09-11,23.183318,23.42783,23.002199,23.282934,514044.800889921,2573125
447,2019-09-12,22.929751,23.074646,22.703351,22.712407,492918.096593177,2573125
448,2019-09-13,22.875415,22.956919,22.639959,22.839191,221885.183817001,2573125
449,2019-09-16,22.775799,22.875415,22.268664,22.268664,367232.816073984,2573125
450,2019-09-17,22.259608,22.449059,21.734361,21.788697,309769.882911769,2573125
451,2019-09-18,21.716249,21.824921,21.435513,21.734361,342881.275993421,2573125
452,2019-09-19,21.734361,21.951704,21.281562,21.354009,610906.696593786,2573125
453,2019-09-20,21.537306,21.537306,21.014911,21.253197,1050153.527255105,2573125
454,2019-09-23,21.216537,21.482317,21.005747,21.0699,411238.814004467,2573125
455,2019-09-24,21.216537,21.308185,20.080101,20.107595,946016.530009893,2573125
456,2019-09-25,20.318386,20.36421,19.686014,20.245067,1033319.602524187,2573125
457,2019-09-26,20.657484,20.712473,19.896805,20.153419,903990.3729726,2573125
458,2019-09-27,20.235903,20.335524,19.612695,19.667684,688301.129952239,2573125
459,2019-09-30,19.667684,19.808914,18.998653,19.026148,788340.540227072,2573125
460,2019-10-01,19.081136,19.236938,18.412105,18.567907,503138.039204168,2573125
461,2019-10-02,18.476259,18.861181,17.743074,18.577072,1086835.68303445,2573125
462,2019-10-03,18.577072,19.273597,18.297637,19.273597,642241.539621132,2573125
463,2019-10-04,19.383575,19.566871,19.071972,19.136125,548078.606119745,2573125
464,2019-10-07,19.035312,19.062807,18.682467,18.68705,595569.739919367,2573125
465,2019-10-08,18.522083,18.632061,18.219644,18.366281,785376.640369722,2573125
466,2019-10-09,18.476259,18.583945,18.146326,18.19215,466778.484769841,2573125
467,2019-10-10,18.008853,18.008853,17.064878,17.110702,1615626.02805408,2573125
468,2019-10-11,17.174856,17.495624,17.064878,17.092372,721650.960474527,2573125
469,2019-10-14,17.064878,17.174856,16.560813,16.872417,728605.219014281,2573125
470,2019-10-15,17.239009,18.036348,17.211515,17.981359,982526.387343603,2573125
471,2019-10-16,18.082172,18.145226,17.569584,17.733909,713607.005914244,2573125
472,2019-10-17,18.329622,18.539863,17.963029,18.384611,1258246.974970052,2573125
473,2019-10-18,18.512918,18.540413,17.724744,17.972194,520491.608715271,2573125
474,2019-10-21,17.963029,18.329622,17.596437,18.256303,968821.329066918,2573125
475,2019-10-22,18.265468,18.265468,17.972194,18.17382,244979.978778209,2573125
476,2019-10-23,18.045513,18.586237,17.935535,18.531248,495586.234991256,2573125
477,2019-10-24,18.632061,18.879511,18.494588,18.742038,471106.108494764,2573125
478,2019-10-25,18.622896,18.944489,18.467094,18.769533,461102.717355937,2573125
479,2019-10-28,18.89784,19.062807,18.467094,18.467094,413519.935446935,2573125
480,2019-10-29,18.357116,18.40294,17.91858,17.92637,440749.505224827,2573125
481,2019-10-30,17.935535,18.182985,17.759021,17.807228,337620.637182794,2573125
482,2019-10-31,17.807228,17.821433,17.458965,17.770568,247907.219391806,2573125
483,2019-11-01,17.825557,18.118831,17.701924,17.963029,338490.377740811,2573125
484,2019-11-04,18.027183,18.19215,17.880546,17.953865,371751.309597,2573125
485,2019-11-05,17.889711,18.265468,17.889711,17.999689,322381.389555088,2573125
486,2019-11-06,17.871381,17.963029,17.623931,17.642261,623177.816388998,2573125
487,2019-11-07,17.688085,17.871381,17.229845,17.248174,929440.136466332,2573125
488,2019-11-08,17.248174,18.008853,17.229845,17.999689,863460.829561482,2573125
489,2019-11-11,18.018018,18.073924,17.458965,17.550613,530554.571125195,2573125
490,2019-11-12,17.477294,17.513954,16.964065,17.009889,737112.913008027,2573125
491,2019-11-13,16.9549,17.031243,16.505824,16.505824,823540.746077742,2573125
492,2019-11-14,16.130067,16.166726,15.607673,15.75431,1528181.817451341,2573125
493,2019-11-15,15.451871,15.662662,15.309817,15.396882,1268862.575479537,2573125
494,2019-11-18,15.314399,15.419794,14.663698,14.727851,1529724.255132206,2573125
495,2019-11-19,14.663698,15.451871,14.617873,15.241081,982360.504265625,2573125
496,2019-11-20,15.442706,16.038419,15.424377,15.745145,1714060.679933669,2573125
497,2019-11-21,16.313363,17.394811,15.98343,17.028219,2667805.895007577,2573125
498,2019-11-22,16.899911,16.936571,15.946771,16.084243,1072814.438780404,2573125
499,2019-11-25,16.139232,16.49666,15.781804,15.836793,779014.428616563,2573125
500,2019-11-26,15.699321,15.922943,15.442706,15.561849,928059.915939069,2573125
501,2019-11-27,15.598508,15.864288,15.598508,15.827628,558857.340263927,2573125
502,2019-11-29,15.900947,15.992595,15.699321,15.818464,249808.917661441,2573125
503,2019-12-02,15.845958,15.845958,15.396882,15.50686,444717.868360981,2573125
504,2019-12-03,15.341894,15.653497,15.186092,15.626003,525482.764752106,2573125
505,2019-12-04,15.708486,15.763475,15.451871,15.451871,346304.295546549,2573125
506,2019-12-05,15.561849,15.635167,15.316232,15.433542,600856.919349499,2573125
507,2019-12-06,15.433542,15.48853,15.360315,15.433542,327149.840686129,2573125
508,2019-12-09,15.424377,15.992595,15.415212,15.946771,850161.772409351,2573125
509,2019-12-10,15.946771,15.975274,15.580179,15.644332,595821.772220162,2573125
510,2019-12-11,15.580179,15.827628,15.497695,15.552684,587929.037040357,2573125
511,2019-12-12,15.644332,16.02348,15.580179,16.00176,616048.509960328,2573125
512,2019-12-13,16.240045,16.414176,16.02009,16.029254,792348.312050259,2573125
513,2019-12-16,16.139232,16.267539,15.946771,16.056749,691012.997508793,2573125
514,2019-12-17,16.065914,16.065914,15.73598,15.818464,633513.890164875,2573125
515,2019-12-18,15.809299,15.827628,15.424377,15.470201,777728.605641961,2573125
516,2019-12-19,15.451871,15.745145,15.370671,15.626003,619624.619188336,2573125
517,2019-12-20,15.671827,15.763475,15.497695,15.662662,530860.675810524,2573125
518,2019-12-23,15.635167,15.690156,15.41063,15.52519,942580.642389236,2573125
519,2019-12-24,15.497695,15.708486,15.442706,15.708486,821488.744908724,2573125
520,2019-12-26,15.616838,15.644332,15.328146,15.332729,1233916.234891849,2573125
521,2019-12-27,15.332729,15.452421,15.25941,15.305234,1173539.376913399,2573125
522,2019-12-30,15.333266,15.398673,15.127794,15.146389,1876883.307592925,2573125
523,2019-12-31,15.05295,16.099462,15.043606,15.99668,2268988.833105821,2573125
524,2020-01-02,16.314371,16.314371,15.627597,15.791115,1328467.237216632,2573125
525,2020-01-03,15.688332,15.875209,15.492111,15.632269,1048495.445155627,2573125
526,2020-01-06,15.557518,15.604238,15.333266,15.370641,1177595.75026957,2573125
527,2020-01-07,15.333266,15.557425,15.160405,15.17442,657984.915668016,2573125
528,2020-01-08,15.165076,15.613581,14.93148,15.314578,1535072.015270995,2573125
529,2020-01-09,15.408017,15.678988,15.257581,15.641613,985088.046048523,2573125
530,2020-01-10,15.641613,15.650957,15.305234,15.361297,824998.846278125,2573125
531,2020-01-13,15.417361,16.248964,15.155733,16.202244,1690267.838249117,2573125
532,2020-01-14,16.136837,16.688125,15.725708,16.622718,2280245.375060482,2573125
533,2020-01-15,16.89369,17.794063,16.678781,17.519728,3089733.422264366,2573125
534,2020-01-16,17.809387,18.057,17.314163,17.463665,1832010.378994051,2573125
535,2020-01-17,17.50104,17.818731,17.248756,17.519728,892935.21183781,2573125
536,2020-01-21,17.575791,17.809387,17.010021,17.089911,1511347.967771299,2573125
537,2020-01-22,17.248756,17.329487,16.931065,17.071223,636553.850151946,2573125
538,2020-01-23,17.089911,17.290803,16.740918,17.080567,878254.147075493,2573125
539,2020-01-24,17.127286,17.267444,16.164869,16.286339,1455870.698287272,2573125
540,2020-01-27,15.865866,16.006023,15.510799,15.744395,978554.822727614,2573125
541,2020-01-28,15.987336,16.174213,15.837834,16.155525,1087017.35560344,2573125
542,2020-01-29,16.267651,16.333058,15.959304,15.99668,569994.768799214,2573125
543,2020-01-30,15.847178,15.99724,15.669645,15.800459,835955.450491651,2573125
544,2020-01-31,15.772427,15.791115,15.351954,15.454736,755298.360920117,2573125
545,2020-02-03,15.576206,15.70702,15.417361,15.566862,541686.62610324,2573125
546,2020-02-04,15.688332,16.015367,15.660301,15.847178,605567.758651949,2573125
547,2020-02-05,15.977992,15.987336,15.604238,15.622925,578208.01722467,2573125
548,2020-02-06,15.641613,15.772427,15.351954,15.351954,605005.258589136,2573125
549,2020-02-07,15.043606,15.202452,14.866073,15.034262,1364116.846679251,2573125
550,2020-02-10,15.024919,15.043606,14.791322,14.791322,1029789.982103386,2573125
551,2020-02-11,14.838042,15.202452,14.716571,14.987543,773460.011619274,2573125
552,2020-02-12,15.043606,15.117049,14.697884,14.707228,900128.111312117,2573125
553,2020-02-13,14.679196,14.922043,14.641821,14.800666,572692.339698451,2573125
554,2020-02-14,15.445392,15.576206,15.09995,15.351954,1186820.00379131,2573125
555,2020-02-18,15.351954,15.454736,15.099669,15.305234,482618.513194978,2573125
556,2020-02-19,15.305234,15.445392,15.258515,15.445392,474540.75066505,2573125
557,2020-02-20,15.445392,15.99668,15.277203,15.594894,914710.131212875,2573125
558,2020-02-21,15.538831,15.622925,15.296825,15.398673,593953.347055997,2573125
559,2020-02-24,14.847385,14.894105,14.52035,14.557726,1038840.439924656,2573125
560,2020-02-25,14.744603,14.763291,14.006438,14.03447,1418688.696626957,2573125
561,2020-02-26,13.997095,14.342817,13.838249,13.959719,607036.61263657,2573125
562,2020-02-27,13.688747,13.735467,12.875832,13.249586,1309061.919435077,2573125
563,2020-02-28,12.754362,13.049441,11.679819,12.997302,1679941.94423891,2573125
564,2020-03-02,13.212211,13.343025,12.791831,13.277618,656232.00849553,2573125
565,2020-03-03,13.090741,13.371056,12.670267,12.829113,1016798.28630048,2573125
566,2020-03-04,12.997302,13.436463,12.885176,13.399088,654083.856262296,2573125
567,2020-03-05,13.025334,13.263976,12.745018,12.838457,640734.290818099,2573125
568,2020-03-06,12.389952,12.626445,12.053573,12.24045,1029532.091709139,2573125
569,2020-03-09,10.876247,11.629642,10.698714,10.979029,1092211.604522338,2573125
570,2020-03-10,11.483598,11.577036,10.93231,11.34344,715603.796686872,2573125
571,2020-03-11,11.072468,11.292703,10.465211,10.595931,859964.485564699,2573125
572,2020-03-12,9.42795,9.83721,9.231729,9.269104,1461322.837600416,2573125
573,2020-03-13,9.839079,9.839079,8.970101,9.661546,1184203.72442939,2573125
574,2020-03-16,8.540283,9.42795,8.437501,8.914038,898819.03724567,2573125
575,2020-03-17,9.017909,9.468426,8.611867,9.395622,680368.63665014,2573125
576,2020-03-18,8.517438,9.159551,8.319422,8.592981,1084739.218822411,2573125
577,2020-03-19,8.55521,9.414508,8.498553,9.112337,824982.842912982,2573125
578,2020-03-20,9.197323,9.851994,9.159551,9.178437,1309491.944565939,2573125
579,2020-03-23,9.065123,9.404593,8.817154,9.065123,920398.927368016,2573125
580,2020-03-24,9.650579,9.88665,9.461722,9.829993,858947.781077413,2573125
581,2020-03-25,9.971635,10.623191,9.745007,10.38712,998460.9671294,2573125
582,2020-03-26,10.651519,11.945188,10.636505,11.435275,1872868.559923238,2573125
583,2020-03-27,11.21809,11.737446,11.134237,11.454161,946460.211484899,2573125
584,2020-03-30,11.331404,11.406946,10.764833,10.906476,539077.364508365,2573125
585,2020-03-31,10.727062,11.246324,10.623191,10.764833,392687.905006647,2573125
586,2020-04-01,10.472106,10.647931,9.933864,9.971635,830523.899299006,2573125
587,2020-04-02,9.999964,10.472106,9.905535,10.169935,571119.741186439,2573125
588,2020-04-03,10.132163,10.292692,9.829993,9.858321,518562.802479332,2573125
589,2020-04-06,10.311577,10.443777,10.113278,10.349349,594089.440673491,2573125
590,2020-04-07,10.727062,10.783719,10.358792,10.38712,504373.052255614,2573125
591,2020-04-08,10.500434,10.783719,10.302134,10.679848,451832.166370348,2573125
592,2020-04-09,10.897033,11.000904,10.642077,10.812048,512292.759125004,2573125
593,2020-04-13,10.783719,10.812048,10.528763,10.812048,385884.341397018,2573125
594,2020-04-14,10.95369,11.114218,10.793162,11.000904,558042.357087931,2573125
595,2020-04-15,10.906476,10.906476,10.613748,10.736505,760175.712573993,2573125
596,2020-04-16,10.745948,10.783719,10.349349,10.500434,450919.98837633,2573125
597,2020-04-17,10.774276,10.95369,10.708176,10.878148,614294.277669358,2573125
598,2020-04-20,10.755391,11.208647,10.642077,10.906476,608968.51795273,2573125
599,2020-04-21,10.670405,10.932444,10.547648,10.660962,444985.165713386,2573125
600,2020-04-22,10.915919,10.972576,10.689291,10.802605,272891.361309836,2573125
601,2020-04-23,10.745948,11.005626,10.736505,10.859262,798355.932897117,2573125
602,2020-04-24,10.963133,11.284189,10.82149,11.236975,606190.435490617,2573125
603,2020-04-27,11.359732,11.829985,11.359732,11.690231,1140375.466472057,2573125
604,2020-04-28,12.049059,12.105716,11.429137,11.576917,659867.294592035,2573125
605,2020-04-29,11.680789,11.812988,11.614689,11.746888,657479.201272292,2573125
606,2020-04-30,11.690231,11.690231,11.312518,11.388061,638861.705071399,2573125
607,2020-05-01,11.227532,11.331404,10.718186,10.906476,756716.801609098,2573125
608,2020-05-04,10.906476,11.284189,10.802605,11.284189,466727.296471428,2573125
609,2020-05-05,11.293632,11.507607,11.142547,11.189761,474895.349937533,2573125
610,2020-05-06,11.161433,11.284189,11.029611,11.114218,326910.051088102,2573125
611,2020-05-07,11.189761,11.284189,11.000904,11.161433,286661.849598415,2573125
612,2020-05-08,11.227532,11.312518,11.104776,11.15199,404368.693604996,2573125
613,2020-05-11,11.104776,11.142547,10.972576,11.048119,355430.249797555,2573125
614,2020-05-12,11.208647,11.293632,10.878148,10.906476,499149.275171858,2573125
615,2020-05-13,10.878148,10.944247,10.198263,10.349349,926695.4106642,2573125
616,2020-05-14,10.169935,10.481548,9.924421,10.481548,515186.988474555,2573125
617,2020-05-15,10.698734,11.321961,10.606572,11.321961,941501.778103336,2573125
618,2020-05-18,11.907417,12.455101,11.822148,12.21903,1779860.398744338,2573125
619,2020-05-19,12.237916,12.266244,11.812988,11.954631,847545.556152186,2573125
620,2020-05-20,12.096273,12.162373,11.879088,11.992402,374893.824137828,2573125
621,2020-05-21,12.275687,12.804486,12.039616,12.719501,1614938.42856912,2573125
622,2020-05-22,12.7856,13.295514,12.427717,13.248299,2193003.375910842,2573125
623,2020-05-26,13.710998,13.812981,13.386165,13.48437,1676403.739114289,2573125
624,2020-05-27,13.607127,13.692113,12.908357,13.456042,1130565.303759992,2573125
625,2020-05-28,13.408828,13.928184,13.315344,13.578799,919828.580050845,2573125
626,2020-05-29,13.021671,13.125543,12.672286,12.993343,969214.614302555,2573125
627,2020-06-01,12.898914,13.169641,12.776252,13.097214,688192.026588485,2573125
628,2020-06-02,13.153871,13.219971,12.94915,13.078328,468853.823223529,2573125
629,2020-06-03,13.134985,13.361613,13.106657,13.276628,601903.387775459,2573125
630,2020-06-04,13.210528,13.380499,13.05,13.219971,509087.86045865,2573125
631,2020-06-05,13.352171,13.427713,13.191642,13.257742,755266.381941591,2573125
632,2020-06-08,13.352171,14.428654,13.314399,14.419211,1743008.785499458,2573125
633,2020-06-09,14.258683,14.485311,13.984841,14.154812,879220.606495195,2573125
634,2020-06-10,14.192583,14.38144,13.899855,14.022612,616788.130756524,2573125
635,2020-06-11,13.48437,13.578799,12.662844,12.700615,1426989.15760495,2573125
636,2020-06-12,13.012229,13.269546,12.700615,12.9839,545618.417266712,2573125
637,2020-06-15,12.704365,13.157404,12.444109,13.109209,451040.637267251,2573125
638,2020-06-16,13.523691,13.53815,13.128487,13.350187,622742.35295456,2573125
639,2020-06-17,13.388743,13.417661,13.022457,13.109209,659522.35837465,2573125
640,2020-06-18,13.051374,13.301991,12.935704,13.167043,484947.219825028,2573125
641,2020-06-19,13.301991,13.398382,12.926162,13.022457,411430.585042816,2573125
642,2020-06-22,12.9839,13.045976,12.87787,13.012817,326785.581610686,2573125
643,2020-06-23,13.041735,13.475495,13.022457,13.070652,757751.779250115,2573125
644,2020-06-24,12.964622,13.056193,12.482666,12.694726,583364.603618357,2573125
645,2020-06-25,12.627252,12.7622,12.511583,12.723644,442426.152154707,2573125
646,2020-06-26,12.723644,12.742922,12.241687,12.357357,431359.473898344,2573125
647,2020-06-29,12.424831,12.65617,12.116379,12.5405,525531.787485155,2573125
648,2020-06-30,12.463387,12.463387,12.289883,12.405553,408776.934207543,2573125
649,2020-07-01,12.3188,12.704365,12.3188,12.511583,403246.968772759,2573125
650,2020-07-02,12.646531,12.723644,12.405553,12.453748,492162.104133788,2573125
651,2020-07-06,12.530861,12.694726,12.415192,12.617613,575741.984364692,2573125
652,2020-07-07,12.501944,12.675448,12.467339,12.607974,385917.751658144,2573125
653,2020-07-08,12.607974,12.688654,12.450278,12.569418,316316.529041889,2573125
654,2020-07-09,12.5405,12.604986,12.154935,12.299522,436098.067253303,2573125
655,2020-07-10,12.357357,12.636892,12.309161,12.627252,476134.168758228,2573125
656,2020-07-13,12.704365,13.09957,12.5405,12.627252,1252310.169608564,2573125
657,2020-07-14,12.588696,12.781478,12.415192,12.781478,464598.065163406,2573125
658,2020-07-15,12.868231,13.222083,12.82977,13.147765,1112882.168874617,2573125
659,2020-07-16,13.051374,13.155476,12.829674,13.022457,505732.062891134,2573125
660,2020-07-17,13.109209,13.2056,12.945344,13.032096,557024.733395085,2573125
661,2020-07-20,13.003178,13.032096,12.820035,12.887509,453301.01184361,2573125
662,2020-07-21,12.887509,13.051374,12.868231,12.916426,552637.96806587,2573125
663,2020-07-22,12.868231,12.972333,12.704365,12.742922,376077.16997369,2573125
664,2020-07-23,12.723644,12.76808,12.482666,12.588696,704826.24114175,2573125
665,2020-07-24,12.598335,12.619059,12.338079,12.501944,557910.568890041,2573125
666,2020-07-27,12.501944,12.829674,12.482666,12.810396,460532.282663158,2573125
667,2020-07-28,12.868231,13.397418,12.839313,13.253795,1252641.755473923,2573125
668,2020-07-29,13.234517,13.253795,12.781478,12.800757,899114.352169457,2573125
669,2020-07-30,12.704365,12.848952,12.627252,12.810396,345691.759410556,2573125
670,2020-07-31,12.791118,12.897052,12.43447,12.473026,959574.79350315,2573125
671,2020-08-03,12.579057,12.897148,12.530861,12.858591,838984.532788724,2573125
672,2020-08-04,12.87787,13.109209,12.723644,13.09957,576999.890045779,2573125
673,2020-08-05,13.157404,13.157404,12.916426,13.032096,401394.329141305,2573125
674,2020-08-06,12.868231,12.868231,12.453748,12.473026,765872.741214218,2573125
675,2020-08-07,12.43447,12.445073,12.019988,12.145296,915445.919950797,2573125
676,2020-08-10,12.424831,12.508402,12.328536,12.473026,737527.933200402,2573125
677,2020-08-11,12.376635,12.501944,12.164574,12.203131,880747.001400795,2573125
678,2020-08-12,12.386274,12.43447,12.222409,12.3188,615689.405928882,2573125
679,2020-08-13,12.280244,12.444109,12.222409,12.405553,429336.221772213,2573125
680,2020-08-14,12.424831,12.424831,12.174214,12.232048,556201.552206083,2573125
681,2020-08-17,12.299522,12.338079,12.21277,12.260966,475223.27154089,2573125
682,2020-08-18,12.270605,12.3188,12.164574,12.232048,624059.057292004,2573125
683,2020-08-19,12.222409,12.376635,12.193492,12.289883,287346.141880927,2573125
684,2020-08-20,12.193492,12.193492,12.048905,12.097101,566601.20308213,2573125
685,2020-08-21,12.048905,12.068183,11.856123,11.952514,734989.951853045,2573125
686,2020-08-24,11.933236,11.952514,11.76937,11.952514,594235.607657662,2573125
687,2020-08-25,11.923596,12.033579,11.827205,12.019988,444342.410004515,2573125
688,2020-08-26,12.010348,12.010348,11.827205,11.894679,364916.028302195,2573125
689,2020-08-27,11.913957,12.024711,11.836844,11.894679,299821.096152668,2573125
690,2020-08-28,11.923596,12.222409,11.865762,12.222409,467692.223965159,2573125
691,2020-08-31,12.260966,12.260966,12.000806,12.174214,820862.979681884,2573125
692,2020-09-01,12.183853,12.203131,11.865762,11.942875,1139122.756120761,2573125
693,2020-09-02,12.010348,12.019988,11.836844,11.962153,547155.234338652,2573125
694,2020-09-03,11.865762,12.087461,11.644062,11.759731,586049.099650407,2573125
695,2020-09-04,11.759731,11.827205,11.258497,11.672979,746315.92254482,2573125
696,2020-09-08,11.11391,11.11391,10.863293,10.901849,983162.69382642,2573125
697,2020-09-09,11.056075,11.200662,10.988601,11.133188,330717.380287431,2573125
698,2020-09-10,11.191023,11.277775,11.004024,11.00788,487902.575241282,2573125
699,2020-09-11,11.027158,11.084993,10.754274,10.844014,338229.149615176,2573125
700,2020-09-14,10.940406,11.11391,10.796783,11.065714,408180.272432377,2573125
701,2020-09-15,11.202812,11.217501,11.065714,11.12447,447159.641037675,2573125
702,2020-09-16,11.12447,11.359494,11.105375,11.193019,346600.696387278,2573125
703,2020-09-17,11.095092,11.114678,10.93841,11.055922,573326.411360087,2573125
704,2020-09-18,11.114678,11.114678,10.801312,10.948202,658005.566293566,2573125
705,2020-09-21,10.79152,10.827263,10.47316,10.605459,664401.157477655,2573125
706,2020-09-22,10.634837,10.867707,10.527118,10.840483,431130.023507074,2573125
707,2020-09-23,10.527118,10.64463,10.09624,10.154996,1467306.867137825,2573125
708,2020-09-24,10.09624,10.272508,9.91018,10.154996,564707.88463965,2573125
709,2020-09-25,10.047277,10.213752,10.008106,10.20396,489638.274383781,2573125
710,2020-09-28,10.233338,10.287001,10.145204,10.174582,520486.156467687,2573125
711,2020-09-29,10.213752,10.310896,10.066862,10.213752,589002.513591735,2573125
712,2020-09-30,10.20396,10.355746,10.135509,10.194167,598225.247900685,2573125
713,2020-10-01,10.282301,10.282301,10.101039,10.174582,382383.103655172,2573125
714,2020-10-02,9.998314,10.154996,9.929765,10.145204,645233.96926051,2573125
715,2020-10-05,10.213752,10.605459,10.20396,10.605459,909861.224761413,2573125
716,2020-10-06,10.517325,10.585874,10.282301,10.311679,813990.030072466,2573125
717,2020-10-07,10.399813,10.732764,10.399813,10.722971,727867.435940496,2573125
718,2020-10-08,10.83069,11.364391,10.79152,11.300738,2356320.481928625,2573125
719,2020-10-09,11.633689,11.682652,11.27136,11.330116,2966718.994874389,2573125
720,2020-10-12,11.447628,11.770786,11.373792,11.633689,2048937.46058964,2573125
721,2020-10-13,11.516177,11.535762,11.27136,11.37908,1545091.984108361,2573125
722,2020-10-14,11.447628,11.447628,11.144056,11.251775,713284.195408655,2573125
723,2020-10-15,11.016751,11.047108,10.820898,10.97758,754195.022678244,2573125
724,2020-10-16,11.026544,11.055922,10.840875,10.869861,1564117.178645871,2573125
725,2020-10-19,10.957995,11.290946,10.854193,11.281153,1147729.036885127,2573125
726,2020-10-20,11.281153,11.320324,10.967788,11.104885,1172468.252944481,2573125
727,2020-10-21,11.144056,11.388872,11.114678,11.193019,1064033.065774772,2573125
728,2020-10-22,11.23219,11.398665,11.065714,11.388872,743740.370790121,2573125
729,2020-10-23,11.477006,11.506384,11.232288,11.261568,976378.898436261,2573125
730,2020-10-26,11.241982,11.241982,10.781727,10.860068,1288138.262908257,2573125
731,2020-10-27,10.948202,11.012442,10.79152,10.801312,682802.55909153,2573125
732,2020-10-28,10.64463,10.762142,10.458569,10.556496,1940834.244850249,2573125
733,2020-10-29,10.53691,10.752349,10.335965,10.713178,712952.223978337,2573125
734,2020-10-30,10.585874,10.595666,10.292192,10.49774,1289315.341549089,2573125
735,2020-11-02,10.6838,11.261568,10.674008,11.193019,2682760.034341316,2573125
736,2020-11-03,11.428043,11.457421,11.055922,11.408458,3145102.227165565,2573125
737,2020-11-04,11.212604,11.290946,10.987373,11.055922,2297873.924857553,2573125
738,2020-11-05,11.682652,12.250627,11.486799,12.221249,4575804.102960372,2573125
739,2020-11-06,12.818602,14.395221,12.730468,13.376784,9921049.43272471,2573125
740,2020-11-09,15.063375,15.191267,13.445333,13.562845,5654056.122033717,2573125
741,2020-11-10,13.034041,13.053626,12.505236,12.838187,2978276.301129881,2573125
742,2020-11-11,12.59337,13.004565,12.289798,12.828395,2390283.411563685,2573125
743,2020-11-12,12.710882,12.926223,12.44648,12.534614,1472434.307872765,2573125
744,2020-11-13,12.661919,12.808515,12.544603,12.799017,1360885.052418658,2573125
745,2020-11-16,12.828395,12.975285,12.681504,12.916529,1151094.776725843,2573125
746,2020-11-17,12.857773,13.28865,12.84798,13.269065,1905489.569822331,2573125
747,2020-11-18,13.376784,13.484503,13.053626,13.102589,2006327.605498217,2573125
748,2020-11-19,13.092797,13.171138,12.975285,13.122175,834620.242823225,2573125
749,2020-11-20,13.122175,13.200516,12.975285,13.083004,1074425.044590505,2573125
750,2020-11-23,13.190723,13.327821,13.034138,13.278857,1495353.067032529,2573125
751,2020-11-24,13.954551,14.218953,13.758698,14.042685,3370070.158311174,2573125
752,2020-11-25,14.0231,14.150405,13.758698,14.052478,1942416.739928106,2573125
753,2020-11-27,14.199368,14.90444,14.121027,14.894647,2251286.288202851,2573125
754,2020-11-30,15.276561,15.589927,14.542111,15.501793,4719254.931527949,2573125
755,2020-12-01,15.854329,15.864121,14.625349,14.689001,3458966.03589642,2573125
756,2020-12-02,14.698794,15.367241,14.698794,15.256976,2566867.730823905,2573125
757,2020-12-03,15.305939,15.643786,15.029688,15.501793,2258819.787357528,2573125
758,2020-12-04,15.707439,15.922877,15.335317,15.452829,3455401.504904216,2573125
759,2020-12-07,15.443037,15.462622,14.943611,15.178635,1813698.000439298,2573125
760,2020-12-08,15.041537,15.374488,14.953403,15.335317,1217749.547746545,2573125
761,2020-12-09,15.325525,15.354903,14.434392,14.806513,1862567.328635712,2573125
762,2020-12-10,14.600867,14.982781,14.551904,14.972989,958211.541577094,2573125
763,2020-12-11,14.816306,14.963196,14.679209,14.796721,926974.890591016,2573125
764,2020-12-14,14.954447,15.151605,14.555202,14.579847,1235688.83260595,2573125
765,2020-12-15,14.668568,15.018524,14.38397,14.984021,1669393.432556475,2573125
766,2020-12-16,15.378337,15.427627,14.964305,15.220611,2123664.587046018,2573125
767,2020-12-17,15.2699,15.2699,14.915016,15.003737,1168180.889290682,2573125
768,2020-12-18,15.013595,15.141747,14.836152,14.974163,1084905.221302473,2573125
769,2020-12-21,14.638994,14.767147,14.481268,14.589705,1523942.949760695,2573125
770,2020-12-22,14.638994,14.80648,14.496054,14.678426,763496.000432502,2573125
771,2020-12-23,14.619278,15.240228,14.535486,15.053026,1305054.991676672,2573125
772,2020-12-24,15.0826,15.122032,14.698142,14.786863,767214.403525114,2573125
773,2020-12-28,14.8953,14.905158,14.42212,14.451694,1154187.588150801,2573125
774,2020-12-29,14.491126,14.589705,13.948941,14.126383,1884676.353495831,2573125
775,2020-12-30,14.175672,14.535486,14.069207,14.431978,1378304.180912241,2573125
776,2020-12-31,14.431978,14.436907,14.106667,14.146099,970667.83424407,2573125
777,2021-01-04,14.293967,14.768626,14.205246,14.648852,1641127.851465681,2573125
778,2021-01-05,14.698142,15.141747,14.614349,15.072742,2514599.665104687,2573125
779,2021-01-06,16.11768,16.975318,15.959954,16.285265,8232759.349449524,2573125
780,2021-01-07,16.965461,17.241482,16.59086,16.719013,5459387.614191884,2573125
781,2021-01-08,16.857024,16.906313,16.265549,16.600718,3769638.586338656,2573125
782,2021-01-11,16.462707,17.532586,16.413418,17.25134,3704883.956872186,2573125
783,2021-01-12,17.359777,17.566793,17.073898,17.468214,2394378.527576465,2573125
784,2021-01-13,17.596367,18.365284,17.468214,18.118836,3672479.039995104,2573125
785,2021-01-14,18.562442,19.824254,18.414573,19.646812,5531512.016065663,2573125
786,2021-01-15,20.50445,20.672034,19.065195,19.538375,5540322.028907306,2573125
787,2021-01-19,19.715817,19.912975,18.887753,19.912975,2995874.588394847,2573125
788,2021-01-20,19.834112,19.981981,19.232878,19.518659,2230563.747004366,2573125
789,2021-01-21,19.489085,19.528517,18.818747,19.18349,2165394.09958933,2573125
790,2021-01-22,18.720168,19.173632,18.562442,19.144058,2272440.142384582,2573125
791,2021-01-25,19.153916,19.214937,18.079404,18.424431,2527653.507562898,2573125
792,2021-01-26,18.730026,19.459511,18.700452,19.242637,2131802.290526801,2573125
793,2021-01-27,18.454005,19.696101,18.394857,19.1342,2783598.329553176,2573125
794,2021-01-28,19.065195,19.90016,18.956758,19.291927,2386967.351953384,2573125
795,2021-01-29,19.1342,19.705959,18.631447,18.779316,1798293.472743064,2573125
796,2021-02-01,18.99619,19.144058,18.503294,19.045479,1564959.735518229,2573125
797,2021-02-02,19.518659,21.056493,19.370889,20.918482,4537723.443185821,2573125
798,2021-02-03,22.278873,23.550543,22.042283,22.968927,6262666.190235591,2573125
799,2021-02-04,23.09708,23.540686,22.210854,23.195659,3489977.608038179,2573125
800,2021-02-05,23.461822,23.540686,22.742195,23.028074,2350699.120728489,2573125
801,2021-02-08,23.412533,25.196814,23.363243,25.117951,3456200.470295531,2573125
802,2021-02-09,26.241752,29.070972,25.886868,28.489356,8371558.701368884,2573125
803,2021-02-10,34.009784,34.088648,28.775235,32.738114,17664129.965990856,2573125
804,2021-02-11,31.450671,31.634028,24.299744,24.684203,20527428.50011313,2573125
805,2021-02-12,23.65898,26.074168,22.870348,24.191308,7984857.595018267,2573125
806,2021-02-16,25.295393,26.72479,24.940509,26.527632,5887103.534718332,2573125
807,2021-02-17,25.285535,25.778431,24.674345,25.137667,3715406.288423232,2573125
808,2021-02-18,25.354541,25.729141,23.856139,23.856139,2548896.314626181,2573125
809,2021-02-19,24.270171,24.901077,23.972363,24.60534,2267070.539615372,2573125
810,2021-02-22,24.230739,24.506662,23.70827,23.70827,2413012.93204615,2573125
811,2021-02-23,22.692905,23.09708,21.30294,22.929495,3801730.021724898,2573125
812,2021-02-24,23.481538,23.98232,22.939452,23.935002,2094949.485326848,2573125
813,2021-02-25,23.737844,23.955802,22.407026,22.525321,2015549.946967523,2573125
814,2021-02-26,22.495747,23.037834,21.983136,22.239442,1563149.823514508,2573125
815,2021-03-01,22.830916,23.363243,22.686498,23.136511,1553685.245547336,2573125
816,2021-03-02,23.392817,24.151876,22.801342,22.86049,2385735.113388759,2573125
817,2021-03-03,23.018216,23.195659,21.943704,22.042283,1514069.268590068,2573125
818,2021-03-04,21.815552,22.239343,20.363975,20.898766,4446640.311652148,2573125
819,2021-03-05,21.066351,21.155072,19.23278,20.908624,3643996.584916936,2573125
820,2021-03-08,20.790329,21.450809,20.484734,20.967771,1556320.26449393,2573125
821,2021-03-09,21.638109,22.338021,21.391661,22.219726,2079152.186928356,2573125
822,2021-03-10,22.968927,22.978785,21.677541,22.032426,2516455.909278438,2573125
823,2021-03-11,22.791484,23.540686,22.347879,23.540686,2798064.810301873,2573125
824,2021-03-12,22.781627,23.885712,22.732337,23.70827,2707186.723265354,2573125
825,2021-03-15,23.806849,24.772924,23.580117,24.644771,3253871.826938364,2573125
826,2021-03-16,24.832072,24.889247,23.23509,23.442106,2877309.579497481,2573125
827,2021-03-17,23.077364,24.013865,22.939353,23.75756,1407041.955820999,2573125
828,2021-03-18,23.984291,24.18145,22.993572,23.057648,2760363.239178607,2573125
829,2021-03-19,23.402675,23.589975,22.949211,23.52097,1098378.024872657,2573125
830,2021-03-22,23.649123,23.678696,23.04779,23.106938,815372.258212363,2573125
831,2021-03-23,23.146403,23.42266,22.357097,22.465626,1581152.880772888,2573125
832,2021-03-24,22.692552,22.692552,21.814449,21.834181,1368825.579676934,2573125
833,2021-03-25,21.478994,22.366371,21.261934,22.258433,1391373.096507224,2573125
834,2021-03-26,22.603755,22.840547,21.715785,22.169637,1240551.490579672,2573125
835,2021-03-29,22.209102,22.524726,21.745384,21.755251,834137.753532752,2573125
836,2021-03-30,21.765117,22.111524,21.469127,22.061107,1158258.431297264,2573125
837,2021-03-31,22.485359,22.889878,22.314573,22.593889,2028177.405911156,2573125
838,2021-04-01,22.909611,22.998408,22.50519,22.584022,1001907.735783357,2573125
839,2021-04-05,22.968809,22.978675,22.386696,22.603755,968414.515906848,2573125
840,2021-04-06,22.603755,22.643122,22.110439,22.15977,802755.927609632,2573125
841,2021-04-07,22.090706,22.199235,21.524379,21.567791,806627.474279306,2573125
842,2021-04-08,21.794716,22.08084,21.48886,22.001909,615805.805894587,2573125
843,2021-04-09,21.844048,22.209102,21.725652,22.011775,664864.143064872,2573125
844,2021-04-12,21.607256,21.617122,20.877148,20.936346,1913062.036980419,2573125
845,2021-04-13,20.719286,21.251772,20.581158,21.133672,1098469.477006852,2573125
846,2021-04-14,21.054742,21.183004,20.758752,20.778484,1152570.493848061,2573125
847,2021-04-15,20.867281,21.153405,20.512094,20.640356,1259819.440353388,2573125
848,2021-04-16,20.571292,20.827816,20.344366,20.808083,1113839.241028305,2573125
849,2021-04-19,20.857415,21.232335,20.487428,20.70942,1467465.16934241,2573125
850,2021-04-20,20.837682,20.847549,19.693188,19.781985,1980701.627573225,2573125
851,2021-04-21,19.693188,20.571292,19.564926,20.571292,1185295.126860229,2573125
852,2021-04-22,20.660088,20.709321,20.107574,20.265435,638209.274352356,2573125
853,2021-04-23,20.364099,20.916613,20.243138,20.867281,610097.149158926,2573125
854,2021-04-26,20.887014,21.232335,20.80315,21.212603,664369.840087934,2573125
855,2021-04-27,21.321132,21.400063,20.852482,20.956078,636342.565305714,2573125
856,2021-04-28,20.887014,21.725652,20.827816,21.656588,987334.184341524,2573125
857,2021-04-29,21.59739,21.59739,20.808083,21.222469,779839.410153843,2573125
858,2021-04-30,21.00541,21.459261,20.960715,21.094207,744813.949712093,2573125
859,2021-05-03,21.232335,21.279595,20.701527,20.768618,1057496.594718824,2573125
860,2021-05-04,20.502227,20.63049,20.127307,20.581158,1160389.557904424,2573125
861,2021-05-05,20.591024,20.719286,20.432078,20.581158,588932.891357912,2573125
862,2021-05-06,20.462762,20.531826,19.890515,20.176638,1286359.859674038,2573125
863,2021-05-07,20.512094,21.281667,20.336473,21.054742,1886741.636749304,2573125
864,2021-05-10,21.015276,21.044875,20.393698,20.423297,993916.997639196,2573125
865,2021-05-11,19.466263,20.324633,19.436664,20.147039,978259.136872701,2573125
866,2021-05-12,19.989178,20.196371,19.244271,19.308402,986788.576464783,2573125
867,2021-05-13,19.338001,19.732654,18.617759,18.943348,2091426.481040137,2573125
868,2021-05-14,19.140674,19.574793,19.091343,19.426798,817304.813234253,2573125
869,2021-05-17,19.387332,19.801718,19.268936,19.653723,1005956.876336961,2573125
870,2021-05-18,19.811584,20.205251,19.653723,20.048376,1140384.593512398,2573125
871,2021-05-19,19.545194,19.732654,19.37569,19.673456,715674.739889934,2573125
872,2021-05-20,19.801718,19.969446,19.604392,19.821451,455285.600639079,2573125
873,2021-05-21,19.890515,20.087842,19.795798,19.890515,500027.419797177,2573125
874,2021-05-24,19.910248,20.063176,19.614258,19.841183,542320.416622418,2573125
875,2021-05-25,20.008911,20.551559,19.979312,20.22597,1379872.905890068,2573125
876,2021-05-26,20.285168,20.788351,20.176638,20.768618,974447.774797025,2573125
877,2021-05-27,21.044875,21.054742,20.522157,20.956078,861599.687784461,2573125
878,2021-05-28,21.00541,21.567791,20.965945,21.291533,1754475.631794371,2573125
879,2021-06-01,21.429662,21.439528,20.561425,20.63049,1714392.69219137,2573125
880,2021-06-02,20.827816,21.370464,20.579185,21.330999,1433165.870559396,2573125
881,2021-06-03,21.548058,21.97231,21.035009,21.104073,1689193.106694392,2573125
882,2021-06-04,21.252068,21.379146,20.704191,20.778484,637519.618103095,2573125
883,2021-06-07,20.788351,21.636855,20.650222,21.617122,1381115.07644489,2573125
884,2021-06-08,21.705919,21.903246,21.12568,21.646721,757384.636796271,2573125
885,2021-06-09,21.705919,22.34723,21.626989,21.765117,1809476.457647492,2573125
886,2021-06-10,21.745384,21.839115,21.044875,21.202736,784968.913501354,2573125
887,2021-06-11,21.153405,21.330999,21.084341,21.3014,444370.483206204,2573125
888,2021-06-14,21.173137,21.429662,20.887014,20.965945,526525.413912222,2573125
889,2021-06-15,20.906747,21.109006,20.364099,20.393698,1026494.622380777,2573125
890,2021-06-16,20.373965,20.620623,20.077975,20.354232,911073.397316605,2573125
891,2021-06-17,20.255569,20.551559,20.003879,20.147039,630683.240204478,2573125
892,2021-06-18,19.890515,20.127307,19.594525,19.673456,1308414.060160079,2573125
893,2021-06-21,19.653723,20.079652,19.52556,20.048376,549802.052299314,2573125
894,2021-06-22,19.890047,20.058272,19.714501,19.919734,507130.900497623,2573125
895,2021-06-23,20.087958,20.374929,20.038481,20.216601,582134.191533474,2573125
896,2021-06-24,20.285869,20.78886,20.256183,20.741064,851305.907405696,2573125
897,2021-06-25,20.691587,20.770751,20.454094,20.582736,459488.794198776,2573125
898,2021-06-28,20.533258,21.032983,20.493676,20.770751,786732.521871763,2573125
899,2021-06-29,20.830124,20.998349,20.384825,20.454094,869093.151371254,2573125
900,2021-06-30,20.365034,20.652005,20.206705,20.365034,581700.76661793,2573125
901,2021-07-01,20.503571,20.503571,20.048376,20.404616,650685.586566242,2573125
902,2021-07-02,20.325452,20.4156,19.969212,20.068167,647888.115707236,2573125
903,2021-07-06,19.939525,20.097854,19.642659,19.761405,756517.461663455,2573125
904,2021-07-07,19.791092,19.814742,19.108398,19.21715,985338.109542156,2573125
905,2021-07-08,18.801537,19.177568,18.623418,19.039031,739413.010373071,2573125
906,2021-07-09,19.157777,19.296315,19.011818,19.296315,520402.806815623,2573125
907,2021-07-12,19.227046,19.380427,18.989553,19.266628,592273.167982493,2573125
908,2021-07-13,19.543703,19.860856,19.246837,19.266628,739094.373791323,2573125
909,2021-07-14,19.464539,19.553599,18.346342,18.405716,1306643.520050341,2573125
910,2021-07-15,18.316656,18.544253,17.734798,18.009894,1368335.322584124,2573125
911,2021-07-16,18.03958,18.178118,17.490378,17.564594,1291374.69254611,2573125
912,2021-07-19,17.267728,17.4409,16.921384,17.257832,1408786.335592417,2573125
913,2021-07-20,17.366683,17.682351,17.010444,17.604176,973294.240484866,2573125
914,2021-07-21,17.673445,18.08411,17.643759,18.079163,733792.340235415,2573125
915,2021-07-22,18.059371,18.101625,17.536788,17.623967,498946.294386962,2573125
916,2021-07-23,17.584385,17.633863,17.319482,17.525012,554289.114596238,2573125
917,2021-07-26,17.435952,17.940625,17.416161,17.643759,633528.688881967,2573125
918,2021-07-27,17.495325,17.703132,17.045078,17.257832,927051.364392823,2573125
919,2021-07-28,17.614072,18.405716,17.554699,18.346342,1587563.228153946,2573125
920,2021-07-29,18.531389,18.578888,18.019789,18.12864,856900.849123708,2573125
921,2021-07-30,17.871356,18.227596,17.701351,17.772401,581041.723253198,2573125
922,2021-08-02,17.821878,18.193456,17.693236,17.693236,758672.711585958,2573125
923,2021-08-03,17.713027,17.802087,17.455743,17.703132,570263.494531481,2573125
924,2021-08-04,17.564594,17.732818,17.238041,17.238041,710349.791721142,2573125
925,2021-08-05,17.287519,18.034633,17.287519,17.861461,865674.24022238,2573125
926,2021-08-06,17.851565,17.920834,17.559646,17.802087,603694.607195314,2573125
927,2021-08-09,17.722923,17.861362,17.465639,17.821878,482095.169074613,2573125
928,2021-08-10,17.782296,18.008014,17.66355,17.891147,662000.15388208,2573125
929,2021-08-11,17.861461,17.958437,17.564594,17.683341,645948.588687904,2573125
930,2021-08-12,17.554699,17.554699,17.045078,17.12919,788506.793272611,2573125
931,2021-08-13,17.089608,17.148981,16.753159,16.852115,874233.887527085,2573125
932,2021-08-16,16.703682,16.715259,16.238591,16.258382,1059526.997140809,2573125
933,2021-08-17,16.149531,16.357338,15.931829,16.12974,998417.052712825,2573125
934,2021-08-18,16.159427,16.555248,15.962505,16.179218,784643.572107574,2573125
935,2021-08-19,16.001098,16.126474,15.644957,15.714127,1040645.305785771,2573125
936,2021-08-20,15.585485,15.872456,15.545903,15.783396,705191.24358248,2573125
937,2021-08-23,15.852665,16.357338,15.842769,16.357338,811368.473235686,2573125
938,2021-08-24,16.317755,16.664099,16.248487,16.654204,698765.07599904,2573125
939,2021-08-25,16.673995,16.673995,16.377129,16.466189,533096.813246231,2573125
940,2021-08-26,16.357338,16.654204,16.090158,16.179218,690442.921798743,2573125
941,2021-08-27,16.109949,16.525562,16.109949,16.446397,509961.026658485,2573125
942,2021-08-30,16.248487,16.446397,16.070367,16.159427,682271.179897904,2573125
943,2021-08-31,16.139636,16.693786,16.139636,16.535457,835662.038707421,2573125
944,2021-09-01,16.505771,16.673005,16.293017,16.347442,488105.723725339,2573125
945,2021-09-02,16.357338,16.822329,16.317755,16.673995,809299.314563531,2573125
946,2021-09-03,16.604726,16.768003,16.436502,16.545353,646806.532527578,2573125
947,2021-09-07,16.426606,16.654204,16.278173,16.297964,488603.469689994,2573125
948,2021-09-08,16.258382,16.278173,15.7735,15.793291,955590.119105851,2573125
949,2021-09-09,15.832874,15.946672,15.68444,15.714127,1136566.791546959,2573125
950,2021-09-10,15.803187,15.832874,15.442,15.476634,806718.556162298,2573125
951,2021-09-13,15.48653,15.555798,15.13029,15.30841,978356.801827163,2573125
952,2021-09-14,15.338096,15.338096,14.749311,14.803737,1498090.669732037,2573125
953,2021-09-15,14.882901,15.095655,14.778998,15.080812,1220792.731470654,2573125
954,2021-09-16,15.011543,15.120394,14.873105,15.04123,731483.709349649,2573125
955,2021-09-17,14.962066,15.070917,14.77979,15.011543,844426.523814678,2573125
956,2021-09-20,14.625617,14.665199,14.180416,14.368333,2375834.507431352,2573125
957,2021-09-21,14.388206,14.636621,14.313681,14.408079,774085.484389898,2573125
958,2021-09-22,14.507445,14.840322,14.487572,14.716114,1425345.571051419,2573125
959,2021-09-23,14.934719,15.0788,14.865163,15.004276,1108237.658177319,2573125
960,2021-09-24,14.835353,14.875497,14.527319,14.577002,724316.997705081,2573125
961,2021-09-27,14.557128,15.049984,14.507445,14.934719,1129530.811976164,2573125
962,2021-09-28,14.75586,14.936806,14.617742,14.646558,775623.671056593,2573125
963,2021-09-29,14.666431,14.706177,14.34846,14.34846,600453.224610622,2573125
964,2021-09-30,14.358396,14.467699,14.129854,14.298777,912547.125908401,2573125
965,2021-10-01,14.28884,14.383238,14.080171,14.338523,584471.18691868,2573125
966,2021-10-04,14.209347,14.239157,13.960932,14.020552,1158115.44753225,2573125
967,2021-10-05,14.050361,14.398143,14.050361,14.22922,857357.22678593,2573125
968,2021-10-06,14.020552,14.180531,13.941059,14.159664,773247.828472569,2573125
969,2021-10-07,14.22922,14.606811,14.100044,14.388206,841742.843529826,2573125
970,2021-10-08,14.388206,14.517382,14.144759,14.199411,701117.009143066,2573125
971,2021-10-11,14.139791,14.239157,13.980805,13.980805,865969.283530276,2573125
972,2021-10-12,14.020552,14.268967,14.020552,14.169601,1057160.520433047,2573125
973,2021-10-13,14.070235,14.248994,14.020552,14.129854,640507.684904216,2573125
974,2021-10-14,14.189474,14.567065,14.149727,14.308713,1503398.607779826,2573125
975,2021-10-15,14.358396,14.368333,14.021247,14.060298,1344512.271859566,2573125
976,2021-10-18,14.010615,14.060298,13.821819,13.821819,928852.103307497,2573125
977,2021-10-19,13.891376,14.547092,13.831756,14.527319,2116880.710668036,2573125
978,2021-10-20,14.487572,14.696141,14.257937,14.537255,1421333.169397597,2573125
979,2021-10-21,14.497509,14.84529,14.467798,14.547192,769804.794363978,2573125
980,2021-10-22,14.547192,14.557128,14.070235,14.119918,1258694.770910515,2573125
981,2021-10-25,14.159664,14.219284,14.020552,14.199411,660887.66457729,2573125
982,2021-10-26,14.25903,14.308713,13.931122,13.941059,1043634.811836758,2573125
983,2021-10-27,14.000678,14.000678,13.523721,13.533658,1236723.940556964,2573125
984,2021-10-28,13.553531,13.722453,13.513785,13.692644,762494.433054627,2573125
985,2021-10-29,13.652897,13.786147,13.384609,13.384609,605332.098340256,2573125
986,2021-11-01,13.414419,13.941059,13.348042,13.841693,1611539.688608705,2573125
987,2021-11-02,13.811883,13.891376,13.568436,13.722453,1179907.418971069,2573125
988,2021-11-03,13.682707,14.169601,13.642961,14.040425,1421235.790655132,2573125
989,2021-11-04,14.060298,14.129854,13.784657,13.841693,908545.654521591,2573125
990,2021-11-05,13.801946,13.846661,13.454165,13.782073,1757766.788008489,2573125
991,2021-11-08,13.921186,14.822734,13.921186,14.81548,3804642.119450421,2573125
992,2021-11-09,14.75586,14.81548,14.179537,14.706177,2316864.85055116,2573125
993,2021-11-10,14.547192,14.716114,14.107,14.119918,1982502.02070861,2573125
994,2021-11-11,14.179537,14.487473,14.08514,14.437889,1320122.871514583,2573125
995,2021-11-12,14.805543,15.292437,14.547192,15.282501,3895078.155042107,2573125
996,2021-11-15,15.511043,15.679965,14.994339,15.053959,3330242.695979089,2573125
997,2021-11-16,14.984402,14.989371,14.467699,14.75586,1820028.569887336,2573125
998,2021-11-17,14.646558,14.795607,14.119918,14.119918,1803353.950731127,2573125
999,2021-11-18,14.060298,14.092691,13.166003,13.195813,2870660.739932665,2573125
1000,2021-11-19,13.245496,13.437968,13.046764,13.056701,1307169.511445437,2573125
1001,2021-11-22,13.136194,13.14613,12.55987,12.70892,2004945.833525564,2573125
1002,2021-11-23,12.669173,13.046764,12.500251,12.728793,1253232.618386727,2573125
1003,2021-11-24,12.6493,12.997081,12.510187,12.927525,751543.299169841,2573125
1004,2021-11-26,12.490314,12.6493,12.371075,12.599617,889678.02633864,2573125
1005,2021-11-29,12.659237,12.659634,12.112723,12.192216,1286349.340109994,2573125
1006,2021-11-30,12.072977,12.261772,11.635766,11.983547,1747428.74273698,2573125
1007,2021-12-01,12.192216,12.212089,11.372446,11.377414,1728031.493434294,2573125
1008,2021-12-02,11.466844,11.725196,11.330712,11.635766,1687731.598963263,2573125
1009,2021-12-03,11.625829,11.675512,11.089253,11.258175,1399896.928466967,2573125
1010,2021-12-06,11.148872,11.625829,10.910394,11.437034,1376407.784659469,2573125
1011,2021-12-07,11.576146,12.031044,11.576146,11.874245,1164740.183001795,2573125
1012,2021-12-08,11.864308,12.21974,11.695386,12.112723,870028.387234055,2573125
1013,2021-12-09,12.013357,12.132596,11.59602,11.635766,893229.369456707,2573125
1014,2021-12-10,11.725196,11.854371,11.347604,11.377414,1559901.132604302,2573125
1015,2021-12-13,11.59602,11.615893,11.263143,11.47678,1318020.285605845,2573125
1016,2021-12-14,11.268112,11.496654,11.104158,11.128999,1289103.767396867,2573125
1017,2021-12-15,11.099189,11.322763,10.820964,11.228365,1352895.78665731,2573125
1018,2021-12-16,11.287985,11.486717,11.019696,11.148872,1025351.456108598,2573125
1019,2021-12-17,10.97995,11.451939,10.875616,11.407224,1334295.453185819,2573125
1020,2021-12-20,11.03957,11.158908,10.860711,11.00976,1315105.87895635,2573125
1021,2021-12-21,11.089253,11.457007,11.082496,11.417161,1207790.53011715,2573125
1022,2021-12-22,11.327731,11.427097,11.173714,11.377414,889902.593642692,2573125
1023,2021-12-23,11.347604,11.764942,11.309448,11.705322,1727989.759687524,2573125
1024,2021-12-27,11.665576,11.685449,11.456907,11.5364,1093854.420450954,2573125
1025,2021-12-28,11.49,11.61,11.27,11.28,1443407.0,2573125
1026,2021-12-29,11.25,11.34,11.04,11.05,1646777.0,2573125
1027,2021-12-30,11.08,11.4499,11.06,11.21,1812972.0,2573125
1028,2021-12-31,11.13,11.38,11.07,11.08,1386349.0,2573125
0,2020-02-13,25.030226,25.040222,24.805314,24.805314,299.88290397,2577965
1,2020-02-14,24.749336,24.78932,24.690359,24.78932,6909.302107469,2577965
2,2020-02-18,26.679582,26.679582,24.308508,24.401372,5810.731069259,2577965
3,2020-02-19,24.672566,24.79032,24.672566,24.787021,1661.351287994,2577965
4,2020-02-20,24.590498,24.710351,24.579202,24.579202,690.730288811,2577965
5,2020-02-21,24.480441,24.480441,24.294714,24.294714,4500.24277891,2577965
6,2020-02-24,23.140964,23.280909,22.964133,22.964133,16673.489460732,2577965
7,2020-02-25,22.380461,22.380461,22.141254,22.141254,1628.364168557,2577965
8,2020-02-26,22.071382,22.301292,21.311279,21.35966,13715.644417908,2577965
9,2020-02-27,21.311678,21.311678,20.508092,20.530783,4117.392271508,2577965
10,2020-02-28,20.00219,20.475705,19.997192,20.41203,2441.046838316,2577965
11,2020-03-02,20.491998,20.540979,20.328062,20.540979,905.646369989,2577965
12,2020-03-03,20.509392,20.509392,20.250593,20.250593,15552.927009564,2577965
13,2020-03-04,20.491998,20.782785,20.292077,20.77029,5702.77322383,2577965
14,2020-03-05,20.292077,20.292077,19.554065,19.687313,11717.424667788,2577965
15,2020-03-06,19.41242,19.470797,19.137527,19.288968,2793.909055321,2577965
16,2020-03-09,18.992584,18.992584,17.622119,17.706186,8609.638172979,2577965
17,2020-03-10,18.482783,18.482783,17.812945,18.320946,1316.485948428,2577965
18,2020-03-11,17.853029,17.853029,16.72347,16.944684,22629.163933576,2577965
19,2020-03-12,16.003751,16.31363,15.104102,15.154882,8293.76151413,2577965
20,2020-03-13,15.683876,15.683876,14.994245,15.208362,19353.443012544,2577965
21,2020-03-16,13.644672,14.174465,13.533416,13.883479,10966.717798183,2577965
22,2020-03-17,13.424758,13.582696,13.174756,13.455646,14224.445744977,2577965
23,2020-03-18,12.245219,12.430146,11.235613,11.715425,9796.17486302,2577965
24,2020-03-19,11.255605,12.415152,11.255605,12.286602,66732.942620444,2577965
25,2020-03-20,12.884969,13.200546,12.19024,12.21553,21319.675252907,2577965
26,2020-03-23,12.39516,12.445141,11.823583,12.438343,13749.631147025,2577965
27,2020-03-24,13.44485,13.871983,13.404766,13.871983,8281.766197972,2577965
28,2020-03-25,14.394379,15.054122,14.303115,14.712455,10125.046447707,2577965
29,2020-03-26,14.826511,15.383993,14.744243,15.282133,10851.762684994,2577965
30,2020-03-27,14.694262,14.694262,14.304415,14.471749,3353.690476065,2577965
31,2020-03-30,14.394379,14.614294,13.774621,14.094496,10477.908664712,2577965
32,2020-03-31,14.274426,14.633586,14.184461,14.294418,3129.777907767,2577965
33,2020-04-01,13.994536,14.074504,13.454746,13.454746,17082.329819811,2577965
34,2020-04-02,13.384774,13.484735,13.049704,13.16246,8049.856752235,2577965
35,2020-04-03,12.814996,12.869875,12.735027,12.869875,7463.085870133,2577965
36,2020-04-06,13.574699,14.094496,13.574699,14.094496,9935.120608526,2577965
37,2020-04-07,14.954161,15.174075,14.534325,14.556016,18061.947306113,2577965
38,2020-04-08,14.804219,15.214059,14.804219,15.105502,3856.494145054,2577965
39,2020-04-09,15.693872,16.10981,15.653988,15.740754,16540.541373305,2577965
40,2020-04-13,15.49395,15.533934,15.064118,15.41668,8216.791568778,2577965
41,2020-04-14,15.693872,15.913786,15.49395,15.603907,4467.255659473,2577965
42,2020-04-15,15.284032,15.354005,14.794223,15.304024,10971.715846582,2577965
43,2020-04-16,15.074114,15.164079,14.914176,15.045925,5807.732240219,2577965
44,2020-04-17,15.67388,15.713864,15.404085,15.603907,8134.823575026,2577965
45,2020-04-20,15.523938,15.613903,15.344009,15.433674,7501.07103797,2577965
46,2020-04-21,15.743852,15.743852,14.660475,14.834208,4612.199063059,2577965
47,2020-04-22,15.044126,15.126194,14.984149,15.094106,5572.823965443,2577965
48,2020-04-23,15.08411,15.414881,15.08411,15.159681,9587.256439921,2577965
49,2020-04-24,15.254044,16.023743,15.164079,15.373997,9793.17603398,2577965
50,2020-04-27,15.623899,15.943774,15.573919,15.893794,17124.313426367,2577965
51,2020-04-28,16.383603,16.393599,16.043735,16.203673,20320.065573007,2577965
52,2020-04-29,16.603517,16.933288,16.603517,16.843423,15905.789226569,2577965
53,2020-04-30,16.803439,16.863415,16.423687,16.554636,10914.738094828,2577965
54,2020-05-01,16.163689,16.163689,15.254044,15.773841,8486.686182351,2577965
55,2020-05-04,15.593911,15.593911,15.26414,15.423977,5450.871584495,2577965
56,2020-05-05,15.643891,15.683876,15.393989,15.393989,5444.873926415,2577965
57,2020-05-06,15.364001,15.364001,15.099104,15.184071,6004.655347159,2577965
58,2020-05-07,15.733856,15.942375,15.723061,15.913686,9682.219359511,2577965
59,2020-05-08,16.203673,16.393599,16.198675,16.359012,7251.168617995,2577965
60,2020-05-11,16.413591,16.413591,16.183681,16.187779,10172.028102662,2577965
61,2020-05-12,16.023743,16.263649,15.919384,15.919384,9003.484386859,2577965
62,2020-05-13,15.753849,15.753849,15.154083,15.413981,10205.015222099,2577965
63,2020-05-14,15.024133,15.214559,14.614294,15.214559,3332.698672787,2577965
64,2020-05-15,15.102303,15.274036,15.08411,15.235051,2144.162763386,2577965
65,2020-05-18,15.873802,16.713474,15.873802,16.713474,20187.117485581,2577965
66,2020-05-19,16.673489,17.083329,16.613513,16.753458,14902.181107949,2577965
67,2020-05-20,18.212888,18.212888,17.298246,17.401005,13947.553863645,2577965
68,2020-05-21,17.523158,17.608125,17.373216,17.513162,149835.493358931,2577965
69,2020-05-22,17.433193,17.553146,17.323236,17.54315,12536.104995626,2577965
70,2020-05-26,18.162908,19.202502,18.162908,19.072553,41564.770099922,2577965
71,2020-05-27,19.472397,19.472397,18.802758,19.122533,51325.958624145,2577965
72,2020-05-28,19.102541,19.102541,18.432902,18.512771,19480.393441891,2577965
73,2020-05-29,18.512771,18.512771,18.112927,18.400515,8948.505854465,2577965
74,2020-06-01,18.692701,19.072553,18.692701,19.048362,4776.135050562,2577965
75,2020-06-02,19.392428,19.501885,19.252482,19.496987,12672.051912092,2577965
76,2020-06-03,19.952209,20.392037,19.952209,20.327962,20895.84074863,2577965
77,2020-06-04,20.00219,20.382041,19.992294,20.207809,18710.693988368,2577965
78,2020-06-05,21.261698,21.64155,21.261698,21.411639,49594.634658559,2577965
79,2020-06-08,21.891452,21.941432,21.658043,21.766501,30689.01678261,2577965
80,2020-06-09,21.401643,21.401643,21.071772,21.291686,13780.619047101,2577965
81,2020-06-10,21.291686,21.301682,20.491998,20.683724,15480.955112611,2577965
82,2020-06-11,19.492389,19.545768,18.752678,18.792662,42157.538640103,2577965
83,2020-06-12,19.492389,19.567359,18.987586,19.290568,13325.796642747,2577965
84,2020-06-15,18.532763,19.132529,18.36283,19.032568,11994.31654912,2577965
85,2020-06-16,19.732295,20.012186,19.322455,19.336949,4950.067134865,2577965
86,2020-06-17,19.502385,19.502385,19.142525,19.152521,15069.115924493,2577965
87,2020-06-18,18.902619,19.167516,18.782666,19.033868,8718.595628088,2577965
88,2020-06-19,19.312459,19.402424,18.942603,18.942603,7635.018735076,2577965
89,2020-06-22,19.012576,19.012576,18.842642,18.974591,5559.829039604,2577965
90,2020-06-23,19.072553,19.332451,19.072553,19.270375,7467.084308853,2577965
91,2020-06-24,19.132529,19.132529,18.442799,18.702697,43546.996095164,2577965
92,2020-06-25,18.41281,18.82365,18.392818,18.82365,5068.021077093,2577965
93,2020-06-26,18.732685,18.732685,18.020763,18.151212,5753.753317504,2577965
94,2020-06-29,18.042955,18.282861,17.895712,18.282861,8972.496486782,2577965
95,2020-06-30,18.242977,18.432802,18.204792,18.41281,6201.5784541,2577965
96,2020-07-01,18.342838,18.59274,18.342838,18.502775,2687.950429251,2577965
97,2020-07-02,18.852639,18.873231,18.597738,18.642721,5165.982825723,2577965
98,2020-07-06,19.202502,19.202502,18.892623,19.072453,11555.487899644,2577965
99,2020-07-07,18.862635,18.882627,18.662213,18.709295,11926.343090887,2577965
100,2020-07-08,18.712693,19.022572,18.59274,19.001181,11386.553863741,2577965
101,2020-07-09,18.962596,18.962596,18.552756,18.831147,5176.978532202,2577965
102,2020-07-10,18.892623,19.289668,18.892623,19.289668,7427.099921657,2577965
103,2020-07-13,19.502385,19.562361,18.622728,18.622728,14295.41803225,2577965
104,2020-07-14,18.442799,18.487781,18.012966,18.487781,10981.711943381,2577965
105,2020-07-15,18.992584,19.312259,18.992584,19.302463,12251.216236854,2577965
106,2020-07-16,19.192506,19.192506,18.792662,18.838944,18488.78063943,2577965
107,2020-07-17,18.832746,18.882627,18.723689,18.791362,4267.333723493,2577965
108,2020-07-20,18.862635,18.862635,18.562752,18.753377,10418.931693598,2577965
109,2020-07-21,18.982588,19.18251,18.982588,19.107639,25903.885244929,2577965
110,2020-07-22,19.062557,19.072553,18.992584,19.05256,5052.027322215,2577965
111,2020-07-23,18.882627,18.932607,18.652717,18.666511,9891.137782611,2577965
112,2020-07-24,18.562752,18.562752,18.342838,18.512771,1996.22053076,2577965
113,2020-07-27,18.482783,18.493479,18.322845,18.493479,4143.382123186,2577965
114,2020-07-28,18.466689,18.492679,18.41281,18.4402,2555.002341824,2577965
115,2020-07-29,18.651717,18.844642,18.572248,18.844642,3071.800546333,2577965
116,2020-07-30,18.682705,18.862635,18.452895,18.842642,3297.71233399,2577965
117,2020-07-31,18.702697,18.782666,18.425905,18.550656,5920.688134048,2577965
118,2020-08-03,18.462791,18.492779,18.322845,18.394118,6323.530835047,2577965
119,2020-08-04,18.657715,18.787664,18.54276,18.56645,5445.873536095,2577965
120,2020-08-05,18.702697,18.967494,18.702697,18.967494,10533.886806786,2577965
121,2020-08-06,19.022572,19.322355,18.992584,19.240687,5238.954332356,2577965
122,2020-08-07,19.132529,19.132529,18.981188,19.119035,8165.811475103,2577965
123,2020-08-10,19.322455,19.442408,19.161518,19.422416,4944.069476785,2577965
124,2020-08-11,20.392037,20.392037,19.877238,19.889334,38683.89500245,2577965
125,2020-08-12,19.992194,20.143734,19.892233,19.934516,13832.598750456,2577965
126,2020-08-13,19.882237,20.122143,19.762283,19.792272,7950.895393925,2577965
127,2020-08-14,19.742291,19.742291,19.442508,19.495987,12691.04449601,2577965
128,2020-08-17,19.59235,19.59235,19.404423,19.41242,29138.622169085,2577965
129,2020-08-18,19.382432,19.462301,19.272575,19.432412,4006.435597039,2577965
130,2020-08-19,19.442408,19.502385,19.202502,19.23249,13085.890319571,2577965
131,2020-08-20,18.982588,19.248184,18.894622,19.248184,8872.535518792,2577965
132,2020-08-21,19.352443,19.552365,19.352443,19.498986,4650.184230895,2577965
133,2020-08-24,19.662322,19.902229,19.64233,19.782276,7819.946525858,2577965
134,2020-08-25,20.132139,20.15413,19.932217,20.092155,30169.219749062,2577965
135,2020-08-26,20.242096,20.342057,20.212108,20.252992,85734.523025663,2577965
136,2020-08-27,20.511991,20.511991,20.242096,20.293176,53202.225993318,2577965
137,2020-08-28,20.422026,20.851858,20.422026,20.781885,15830.818500576,2577965
138,2020-08-31,20.661932,20.661932,20.495797,20.511991,34224.636220416,2577965
139,2020-09-01,20.501995,20.571867,20.372045,20.561971,25178.168617321,2577965
140,2020-09-02,20.571967,20.69192,20.342157,20.69192,21533.591724406,2577965
141,2020-09-03,20.64194,20.731905,20.022182,20.202112,54513.713893347,2577965
142,2020-09-04,20.202112,20.372045,19.702307,20.292077,50788.168616359,2577965
143,2020-09-08,20.062166,20.352053,19.972201,20.127141,23045.001560415,2577965
144,2020-09-09,20.182119,20.247094,19.992194,20.212108,19774.278687782,2577965
145,2020-09-10,20.262088,20.322065,19.842252,19.862244,17106.320452129,2577965
146,2020-09-11,19.862244,19.962205,19.64233,19.787873,11492.51248981,2577965
147,2020-09-14,19.992194,20.00219,19.802268,19.976,23640.768929635,2577965
148,2020-09-15,20.182119,20.252092,19.942213,19.942213,17956.988289724,2577965
149,2020-09-16,20.072162,20.471007,20.072162,20.25689,17391.2092109,2577965
150,2020-09-17,20.022182,20.202112,19.894832,20.202112,30885.93988955,2577965
151,2020-09-18,19.992194,19.992194,19.826258,19.89903,6415.494925598,2577965
152,2020-09-21,19.472397,19.472397,18.793062,19.02877,17335.231068826,2577965
153,2020-09-22,18.962596,18.962596,18.572748,18.802658,16934.387587186,2577965
154,2020-09-23,18.702697,18.932607,18.382822,18.382822,20052.170178794,2577965
155,2020-09-24,18.322845,18.322845,18.042955,18.222884,13014.918032298,2577965
156,2020-09-25,18.052951,18.242877,18.052951,18.242877,3710.551131789,2577965
157,2020-09-28,18.742681,18.937605,18.742681,18.872631,5149.989070845,2577965
158,2020-09-29,18.932607,18.932607,18.587742,18.712693,7670.005073873,2577965
159,2020-09-30,19.012576,19.077551,18.984287,19.033768,2716.939109968,2577965
160,2020-10-01,19.023572,19.214997,19.012576,19.214997,4583.210382342,2577965
161,2020-10-02,18.852639,18.992584,18.842642,18.992584,9155.425058204,2577965
162,2020-10-05,19.272475,19.302463,19.072653,19.152621,21019.792348937,2577965
163,2020-10-06,19.18251,19.562361,19.18251,19.204901,45915.071426847,2577965
164,2020-10-07,19.552365,19.672319,19.472497,19.612342,6336.525760886,2577965
165,2020-10-08,19.762283,19.962205,19.612342,19.942013,5421.882903778,2577965
166,2020-10-09,19.992194,20.062166,19.892233,19.892233,8536.666666346,2577965
167,2020-10-12,19.862244,19.997192,19.552365,19.982198,251925.629967118,2577965
168,2020-10-13,19.672319,19.672319,19.204501,19.317957,15801.829819859,2577965
169,2020-10-14,19.18251,19.247484,19.05256,19.062557,18356.832161684,2577965
170,2020-10-15,18.932607,18.932607,18.552756,18.702597,40848.049959434,2577965
171,2020-10-16,18.632724,18.72069,18.632724,18.652717,16477.565963472,2577965
172,2020-10-19,18.712693,18.812654,18.609334,18.609334,7299.14988263,2577965
173,2020-10-20,18.682705,18.82255,18.682705,18.732885,5483.858703931,2577965
174,2020-10-21,18.601737,18.661713,18.552756,18.575347,6751.363778045,2577965
175,2020-10-22,18.502775,19.02757,18.432802,19.021073,34985.33918682,2577965
176,2020-10-23,19.102541,19.282471,19.067555,19.252482,30326.158468806,2577965
177,2020-10-26,19.032568,19.032568,18.428804,18.596239,30193.21038138,2577965
178,2020-10-27,18.672709,18.672709,18.292857,18.292857,5775.744730462,2577965
179,2020-10-28,17.962986,17.962986,17.493169,17.563142,27736.169788185,2577965
180,2020-10-29,17.463181,17.733076,17.463181,17.693691,11391.55191214,2577965
181,2020-10-30,17.59313,17.653107,17.153302,17.433193,246224.855962648,2577965
182,2020-11-02,17.493169,17.608125,17.433193,17.483173,9693.21506599,2577965
183,2020-11-03,17.893013,18.232881,17.74807,18.122923,33880.770490531,2577965
184,2020-11-04,18.612732,18.902619,18.562752,18.672709,21236.707649476,2577965
185,2020-11-05,19.122533,19.482393,19.112537,19.352543,26124.798984187,2577965
186,2020-11-06,19.322455,19.652326,19.322455,19.567659,10740.806010526,2577965
187,2020-11-09,22.771109,23.470835,22.191335,23.140964,353127.113569874,2577965
188,2020-11-10,22.681144,23.080988,22.251311,22.441237,125557.973063199,2577965
189,2020-11-11,22.711132,22.711132,22.241315,22.431241,90964.4808709,2577965
190,2020-11-12,22.2813,22.2813,21.64155,21.681534,109261.33645179,2577965
191,2020-11-13,21.891452,22.520206,21.702226,22.451233,47609.409834277,2577965
192,2020-11-16,23.260917,23.440847,23.041003,23.350882,178794.185785634,2577965
193,2020-11-17,23.110976,23.550804,23.080988,23.490827,131060.824351049,2577965
194,2020-11-18,23.610781,23.837892,23.322493,23.390867,109930.075327643,2577965
195,2020-11-19,23.200941,23.620777,23.191045,23.580792,34473.539030711,2577965
196,2020-11-20,23.810703,23.810703,23.490827,23.51082,41192.915298999,2577965
197,2020-11-23,23.830695,24.212546,23.702745,24.140574,120884.797809667,2577965
198,2020-11-24,24.570406,24.850297,24.40547,24.850297,138832.789612271,2577965
199,2020-11-25,24.860293,24.900277,24.510429,24.770328,80917.403978225,2577965
200,2020-11-27,24.770328,24.925267,24.750336,24.860293,80383.612409159,2577965
201,2020-11-30,24.74034,24.8408,24.240535,24.370484,112721.985163603,2577965
202,2020-12-01,24.940262,24.940262,24.600394,24.640379,321855.324343882,2577965
203,2020-12-02,24.820308,25.490047,24.74034,25.450062,125691.920760306,2577965
204,2020-12-03,25.619996,26.059824,25.580012,25.919879,207731.886409059,2577965
205,2020-12-04,25.859902,26.239754,25.78993,26.219762,118704.649097805,2577965
206,2020-12-07,26.009844,26.189774,25.989952,26.039832,78787.235750358,2577965
207,2020-12-08,25.779934,26.189774,25.749945,25.809922,65974.2388734,2577965
208,2020-12-09,25.709961,25.969859,25.422073,25.639988,82951.609676822,2577965
209,2020-12-10,25.230148,26.099809,25.220152,26.049828,86489.228333988,2577965
210,2020-12-11,26.089813,26.089813,25.520035,25.61,55710.246680187,2577965
211,2020-12-14,25.86,25.87,25.21,25.33,62893.0,2577965
212,2020-12-15,25.45,25.88,25.42,25.88,64121.0,2577965
213,2020-12-16,25.81,25.9,25.55,25.65,45189.0,2577965
214,2020-12-17,25.72,25.72,25.55,25.56,52789.0,2577965
215,2020-12-18,25.59,25.5929,25.2541,25.38,71843.0,2577965
216,2020-12-21,25.11,25.2,24.4404,24.94,137318.0,2577965
217,2020-12-22,24.79,24.8,24.58,24.63,56147.0,2577965
218,2020-12-23,24.78,25.091,24.78,24.96,68402.0,2577965
219,2020-12-24,25.1,25.169,25.0244,25.04,25834.0,2577965
220,2020-12-28,25.09,25.35,25.09,25.21,124926.0,2577965
221,2020-12-29,25.53,25.625,25.29,25.55,133266.0,2577965
222,2020-12-30,25.59,25.9769,25.5513,25.85,116569.0,2577965
223,2020-12-31,25.81,25.96,25.59,25.9,90127.0,2577965
224,2021-01-04,26.12,26.32,25.13,25.36,129193.0,2577965
225,2021-01-05,25.28,25.96,25.2679,25.91,118083.0,2577965
226,2021-01-06,25.83,26.31,25.7224,25.94,151734.0,2577965
227,2021-01-07,25.72,25.9926,25.59,25.94,107828.0,2577965
228,2021-01-08,25.96,26.21,25.83,26.19,130063.0,2577965
229,2021-01-11,25.57,25.91,25.52,25.81,109549.0,2577965
230,2021-01-12,25.73,26.237,25.65,26.16,71407.0,2577965
231,2021-01-13,26.0,26.0766,25.85,25.94,54339.0,2577965
232,2021-01-14,26.18,26.614,26.18,26.52,147092.0,2577965
233,2021-01-15,26.39,26.42,25.96,26.0,129068.0,2577965
234,2021-01-19,26.01,26.19,25.83,26.1,118581.0,2577965
235,2021-01-20,26.38,26.43,26.1189,26.35,193106.0,2577965
236,2021-01-21,26.36,26.52,26.01,26.47,209757.0,2577965
237,2021-01-22,26.22,26.45,26.2001,26.4,69154.0,2577965
238,2021-01-25,26.23,26.57,25.75,26.47,98325.0,2577965
239,2021-01-26,26.47,26.68,26.47,26.64,78319.0,2577965
240,2021-01-27,26.25,27.74,25.6,26.24,116727.0,2577965
241,2021-01-28,26.16,26.585,25.85,26.28,170534.0,2577965
242,2021-01-29,26.3,26.3,25.14,25.25,358594.0,2577965
243,2021-02-01,25.69,26.1,25.67,26.07,145276.0,2577965
244,2021-02-02,26.52,26.9802,26.52,26.94,133309.0,2577965
245,2021-02-03,27.43,27.7395,27.295,27.56,211713.0,2577965
246,2021-02-04,27.8,28.21,27.51,28.2,171770.0,2577965
247,2021-02-05,28.61,29.5999,28.6,29.24,399957.0,2577965
248,2021-02-08,29.7,30.205,29.6,30.17,330168.0,2577965
249,2021-02-09,30.04,30.055,29.1604,29.59,395663.0,2577965
250,2021-02-10,30.04,30.05,29.26,29.7,274973.0,2577965
251,2021-02-11,29.74,29.74,28.86,29.17,168647.0,2577965
252,2021-02-12,29.0,29.86,28.5,29.79,204736.0,2577965
253,2021-02-16,30.83,31.13,30.55,30.8,613953.0,2577965
254,2021-02-17,31.07,31.23,30.55,31.2,420106.0,2577965
255,2021-02-18,30.88,31.47,30.682,31.29,383850.0,2577965
256,2021-02-19,31.47,32.14,31.47,32.04,437350.0,2577965
257,2021-02-22,31.86,32.56,31.81,32.13,787314.0,2577965
258,2021-02-23,32.45,32.6699,30.62,32.62,819623.0,2577965
259,2021-02-24,32.92,34.0,32.65,33.91,1303757.0,2577965
260,2021-02-25,34.08,34.2529,31.68,31.91,1243682.0,2577965
261,2021-02-26,32.26,32.95,31.52,32.74,560374.0,2577965
262,2021-03-01,33.15,33.3021,32.8312,33.06,824335.0,2577965
263,2021-03-02,33.0,33.06,32.65,32.72,311370.0,2577965
264,2021-03-03,32.95,33.078,32.25,32.49,458282.0,2577965
265,2021-03-04,32.5,32.62,30.15,30.91,880675.0,2577965
266,2021-03-05,31.2,31.2,29.2,30.9,750359.0,2577965
267,2021-03-08,30.81,30.9,30.03,30.18,811649.0,2577965
268,2021-03-09,31.15,31.47,30.85,31.27,340212.0,2577965
269,2021-03-10,31.7,31.75,31.12,31.49,768242.0,2577965
270,2021-03-11,32.08,32.99,31.9007,32.98,618573.0,2577965
271,2021-03-12,32.65,33.5899,32.26,33.49,429291.0,2577965
272,2021-03-15,33.96,34.5,33.75,34.45,927281.0,2577965
273,2021-03-16,34.53,34.54,33.4,33.66,532757.0,2577965
274,2021-03-17,33.15,34.4,32.8,34.27,351513.0,2577965
275,2021-03-18,34.09,34.09,32.9,33.0,417960.0,2577965
276,2021-03-19,33.39,33.39,32.39,33.2,322328.0,2577965
277,2021-03-22,33.12,33.12,32.0401,32.17,503966.0,2577965
278,2021-03-23,31.85,31.9,30.67,30.73,473138.0,2577965
279,2021-03-24,31.1,31.34,29.99,30.0,376217.0,2577965
280,2021-03-25,29.42,30.7999,29.2,30.77,331668.0,2577965
281,2021-03-26,31.27,31.295,30.57,31.01,570214.0,2577965
282,2021-03-29,31.0,31.02,30.23,30.66,259424.0,2577965
283,2021-03-30,30.61,31.09,30.485,30.94,169774.0,2577965
284,2021-03-31,31.16,31.4,30.95,31.26,431870.0,2577965
285,2021-04-01,31.5,31.8693,31.37,31.75,287484.0,2577965
286,2021-04-05,32.35,32.38,31.78,31.88,848481.0,2577965
287,2021-04-06,32.01,32.04,31.661,31.75,292081.0,2577965
288,2021-04-07,31.84,31.93,31.072,31.23,240865.0,2577965
289,2021-04-08,31.41,31.41,30.8406,31.2,249044.0,2577965
290,2021-04-09,31.1,31.1,30.59,30.74,387600.0,2577965
291,2021-04-12,30.75,30.84,30.0,30.14,414385.0,2577965
292,2021-04-13,30.01,30.2189,29.6601,30.13,247485.0,2577965
293,2021-04-14,30.2,30.76,30.2,30.45,251664.0,2577965
294,2021-04-15,30.75,30.75,30.27,30.49,193621.0,2577965
295,2021-04-16,30.46,30.6494,30.23,30.54,140441.0,2577965
296,2021-04-19,30.59,30.68,30.32,30.48,187092.0,2577965
297,2021-04-20,30.28,30.3,29.1,29.33,351695.0,2577965
298,2021-04-21,28.85,29.79,28.81,29.78,240635.0,2577965
299,2021-04-22,29.92,30.37,29.69,29.99,136000.0,2577965
300,2021-04-23,30.19,30.47,29.99,30.47,115433.0,2577965
301,2021-04-26,30.77,31.09,30.7,30.84,166126.0,2577965
302,2021-04-27,30.95,31.249,30.9,31.2,1159102.0,2577965
303,2021-04-28,31.09,31.21,30.83,31.16,133246.0,2577965
304,2021-04-29,31.37,31.4207,30.38,30.75,239684.0,2577965
305,2021-04-30,30.5,30.67,30.06,30.16,137787.0,2577965
306,2021-05-03,30.28,30.43,30.05,30.11,121445.0,2577965
307,2021-05-04,29.86,29.87,29.0,29.34,245940.0,2577965
308,2021-05-05,29.57,29.61,28.93,29.05,170275.0,2577965
309,2021-05-06,28.9,28.93,28.2,28.52,432891.0,2577965
310,2021-05-07,28.7,29.55,28.7,29.32,155566.0,2577965
311,2021-05-10,29.6,29.6,28.68,28.76,147428.0,2577965
312,2021-05-11,28.0,28.78,27.85,28.61,467183.0,2577965
313,2021-05-12,28.35,28.65,27.575,27.66,330246.0,2577965
314,2021-05-13,27.75,28.06,27.2,27.62,324564.0,2577965
315,2021-05-14,28.2,28.721,28.01,28.68,236578.0,2577965
316,2021-05-17,28.75,28.91,28.38,28.8,247066.0,2577965
317,2021-05-18,29.22,29.6999,29.22,29.48,236346.0,2577965
318,2021-05-19,28.94,29.5,28.87,29.49,97411.0,2577965
319,2021-05-20,29.37,29.58,29.21,29.46,150809.0,2577965
320,2021-05-21,29.5,29.68,29.2,29.24,67475.0,2577965
321,2021-05-24,29.48,29.71,29.252,29.68,146165.0,2577965
322,2021-05-25,30.0,30.249,29.71,29.8,146350.0,2577965
323,2021-05-26,30.17,30.68,30.1504,30.61,196493.0,2577965
324,2021-05-27,30.76,30.97,30.57,30.96,205971.0,2577965
325,2021-05-28,31.0,31.25,30.94,31.17,229746.0,2577965
326,2021-06-01,32.0,32.07,31.435,31.73,375737.0,2577965
327,2021-06-02,32.01,32.06,31.755,31.94,459859.0,2577965
328,2021-06-03,31.64,31.85,31.21,31.49,640366.0,2577965
329,2021-06-04,31.46,31.59,31.2401,31.46,215138.0,2577965
330,2021-06-07,31.31,31.33,31.0,31.17,414248.0,2577965
331,2021-06-08,31.39,31.49,31.1188,31.34,129451.0,2577965
332,2021-06-09,31.56,31.67,31.37,31.49,200866.0,2577965
333,2021-06-10,31.4,31.52,31.02,31.37,222805.0,2577965
334,2021-06-11,31.33,31.47,31.22,31.44,129195.0,2577965
335,2021-06-14,31.41,31.5,31.2,31.34,133923.0,2577965
336,2021-06-15,31.03,31.13,30.85,30.96,703857.0,2577965
337,2021-06-16,30.85,30.96,30.4437,30.71,188858.0,2577965
338,2021-06-17,30.85,31.1,30.71,30.97,103305.0,2577965
339,2021-06-18,30.47,30.79,30.12,30.22,135829.0,2577965
340,2021-06-21,30.43,30.5,30.0,30.5,141913.0,2577965
341,2021-06-22,30.48,30.6,30.22,30.57,141425.0,2577965
342,2021-06-23,30.74,31.055,30.6,30.94,80274.0,2577965
343,2021-06-24,30.97,31.0,30.58,30.93,149184.0,2577965
344,2021-06-25,30.93,30.99,30.68,30.84,170450.0,2577965
345,2021-06-28,30.62,30.62,29.8,29.93,228393.0,2577965
346,2021-06-29,29.81,29.88,29.575,29.59,261329.0,2577965
347,2021-06-30,29.6,29.8499,29.55,29.8,126484.0,2577965
348,2021-07-01,29.74,30.05,29.72,29.85,97097.0,2577965
349,2021-07-02,30.03,30.1,29.9,29.99,87848.0,2577965
350,2021-07-06,29.9,30.0,29.3,29.55,1589598.0,2577965
351,2021-07-07,29.37,29.52,28.55,28.64,758220.0,2577965
352,2021-07-08,27.93,28.2508,27.69,28.06,241165.0,2577965
353,2021-07-09,28.39,28.78,28.15,28.75,114267.0,2577965
354,2021-07-12,28.75,28.75,28.5014,28.69,122977.0,2577965
355,2021-07-13,28.58,28.75,28.5,28.585,170599.0,2577965
356,2021-07-14,28.58,28.77,28.12,28.14,129277.0,2577965
357,2021-07-15,28.0,28.0801,27.6,27.77,93502.0,2577965
358,2021-07-16,28.08,28.08,27.39,27.49,76488.0,2577965
359,2021-07-19,26.76,26.8,26.375,26.61,225728.0,2577965
360,2021-07-20,26.49,27.16,26.423,27.05,165030.0,2577965
361,2021-07-21,27.3,27.888,27.12,27.86,119862.0,2577965
362,2021-07-22,27.95,27.999,27.6501,27.88,136710.0,2577965
363,2021-07-23,27.87,27.9,27.48,27.49,89283.0,2577965
364,2021-07-26,27.24,27.68,27.2,27.55,106087.0,2577965
365,2021-07-27,27.47,27.47,27.02,27.37,100937.0,2577965
366,2021-07-28,27.6,27.8,27.4767,27.75,95192.0,2577965
367,2021-07-29,28.0,28.1,27.7673,28.03,162635.0,2577965
368,2021-07-30,27.56,27.83,27.255,27.29,68371.0,2577965
369,2021-08-02,27.18,27.47,27.01,27.07,108228.0,2577965
370,2021-08-03,27.09,27.09,26.41,26.6,337046.0,2577965
371,2021-08-04,26.66,26.724,26.4,26.4,154299.0,2577965
372,2021-08-05,26.42,27.052,26.42,26.94,305888.0,2577965
373,2021-08-06,27.2,27.2,26.81,26.94,137485.0,2577965
374,2021-08-09,26.87,26.93,26.62,26.68,98190.0,2577965
375,2021-08-10,26.84,26.9,26.71,26.77,136770.0,2577965
376,2021-08-11,26.84,26.98,26.7,26.97,73974.0,2577965
377,2021-08-12,26.81,27.06,26.51,26.69,107271.0,2577965
378,2021-08-13,26.7,26.72,26.5,26.5,190754.0,2577965
379,2021-08-16,26.21,26.21,25.8,25.87,167314.0,2577965
380,2021-08-17,25.33,25.33,24.81,24.9,460799.0,2577965
381,2021-08-18,24.97,25.45,24.9,25.07,134590.0,2577965
382,2021-08-19,24.81,25.02,24.73,24.83,109279.0,2577965
383,2021-08-20,24.66,24.66,24.47,24.63,129873.0,2577965
384,2021-08-23,24.82,25.35,24.815,25.3,154116.0,2577965
385,2021-08-24,25.82,26.5,25.54,26.5,428385.0,2577965
386,2021-08-25,26.66,26.948,26.5,26.91,195329.0,2577965
387,2021-08-26,26.9,26.949,26.3538,26.42,104933.0,2577965
388,2021-08-27,26.56,26.88,26.5027,26.73,68804.0,2577965
389,2021-08-30,26.95,26.95,26.5391,26.59,105674.0,2577965
390,2021-08-31,26.74,27.0026,26.66,26.95,83080.0,2577965
391,2021-09-01,27.36,27.575,27.22,27.37,82236.0,2577965
392,2021-09-02,27.24,27.479,27.03,27.07,144767.0,2577965
393,2021-09-03,27.1,27.26,26.855,27.04,58512.0,2577965
394,2021-09-07,27.1,27.3899,27.01,27.36,98527.0,2577965
395,2021-09-08,27.5,27.5897,27.05,27.24,102921.0,2577965
396,2021-09-09,27.17,27.42,27.02,27.26,207369.0,2577965
397,2021-09-10,27.3,27.68,26.97,27.0,92087.0,2577965
398,2021-09-13,27.09,27.28,26.7,27.07,176897.0,2577965
399,2021-09-14,27.32,27.32,26.81,26.89,74832.0,2577965
400,2021-09-15,26.69,26.94,26.5,26.84,277748.0,2577965
401,2021-09-16,26.64,26.9,26.55,26.83,62618.0,2577965
402,2021-09-17,27.0,27.16,26.8,26.86,42662.0,2577965
403,2021-09-20,26.08,26.62,26.04,26.4,101877.0,2577965
404,2021-09-21,27.05,27.35,27.0095,27.25,217791.0,2577965
405,2021-09-22,27.42,27.76,27.42,27.59,128920.0,2577965
406,2021-09-23,27.93,28.51,27.93,28.51,685864.0,2577965
407,2021-09-24,28.3,28.74,28.3,28.73,233002.0,2577965
408,2021-09-27,28.84,29.12,28.84,28.97,485497.0,2577965
409,2021-09-28,28.78,28.78,28.12,28.14,184160.0,2577965
410,2021-09-29,28.36,28.63,27.965,28.0,91018.0,2577965
411,2021-09-30,28.25,28.455,28.05,28.39,151661.0,2577965
412,2021-10-01,28.6,29.265,28.6,29.26,216275.0,2577965
413,2021-10-04,29.11,29.1658,28.475,28.54,232948.0,2577965
414,2021-10-05,28.77,28.92,28.54,28.67,111911.0,2577965
415,2021-10-06,27.89,28.29,27.61,28.21,117171.0,2577965
416,2021-10-07,28.49,28.65,28.35,28.57,842882.0,2577965
417,2021-10-08,28.83,29.09,28.72,28.87,90995.0,2577965
418,2021-10-11,28.89,28.955,28.46,28.5,77864.0,2577965
419,2021-10-12,28.59,28.67,28.41,28.46,82533.0,2577965
420,2021-10-13,28.61,28.74,28.4,28.62,70275.0,2577965
421,2021-10-14,28.82,28.85,28.66,28.74,110294.0,2577965
422,2021-10-15,29.05,29.28,29.01,29.14,134961.0,2577965
423,2021-10-18,28.97,29.06,28.81,28.86,169490.0,2577965
424,2021-10-19,28.91,28.91,28.7201,28.74,153986.0,2577965
425,2021-10-20,28.7,28.7,28.31,28.35,144170.0,2577965
426,2021-10-21,28.11,28.2414,27.95,28.0,855705.0,2577965
427,2021-10-22,27.94,27.94,27.36,27.43,174317.0,2577965
428,2021-10-25,27.45,27.53,27.1872,27.4,407250.0,2577965
429,2021-10-26,27.61,27.77,27.335,27.4,127188.0,2577965
430,2021-10-27,27.32,27.45,27.2,27.24,107628.0,2577965
431,2021-10-28,27.35,27.63,27.22,27.6,61730.0,2577965
432,2021-10-29,27.46,27.55,27.1,27.24,158592.0,2577965
433,2021-11-01,27.31,27.8,27.31,27.79,107489.0,2577965
434,2021-11-02,27.8,27.9,27.15,27.2,232918.0,2577965
435,2021-11-03,27.3,27.4996,27.1,27.47,234194.0,2577965
436,2021-11-04,27.58,27.58,27.16,27.22,253793.0,2577965
437,2021-11-05,28.42,28.72,28.28,28.7,1394983.0,2577965
438,2021-11-08,29.85,29.86,29.36,29.39,969235.0,2577965
439,2021-11-09,29.29,29.29,28.63,28.89,393290.0,2577965
440,2021-11-10,28.61,28.6999,27.94,28.16,563675.0,2577965
441,2021-11-11,28.44,28.44,28.03,28.09,197650.0,2577965
442,2021-11-12,28.09,28.12,27.915,28.1,222844.0,2577965
443,2021-11-15,28.32,28.32,27.96,28.01,159385.0,2577965
444,2021-11-16,28.0,28.0,27.58,27.65,345804.0,2577965
445,2021-11-17,27.53,27.75,27.18,27.26,388205.0,2577965
446,2021-11-18,27.24,27.24,26.68,27.05,310352.0,2577965
447,2021-11-19,26.72,26.72,26.45,26.52,311806.0,2577965
448,2021-11-22,26.42,26.42,25.67,25.78,299538.0,2577965
449,2021-11-23,25.74,25.97,25.45,25.69,247397.0,2577965
450,2021-11-24,25.47,25.7,25.24,25.62,306767.0,2577965
451,2021-11-26,23.98,24.05,23.48,23.97,881168.0,2577965
452,2021-11-29,24.37,24.37,23.7001,23.95,312195.0,2577965
453,2021-11-30,23.68,23.92,23.13,23.5,600508.0,2577965
454,2021-12-01,24.07,24.28,23.16,23.17,758537.0,2577965
455,2021-12-02,23.45,23.75,23.18,23.7,519534.0,2577965
456,2021-12-03,24.0,24.07,22.72,23.03,647292.0,2577965
457,2021-12-06,23.19,24.4,23.1,24.27,737197.0,2577965
458,2021-12-07,25.0,25.2399,24.75,24.89,603231.0,2577965
459,2021-12-08,25.0,25.455,24.78,25.27,291020.0,2577965
460,2021-12-09,25.01,25.19,24.77,24.82,199451.0,2577965
461,2021-12-10,24.81,24.99,24.42,24.56,84391.0,2577965
462,2021-12-13,24.09,24.12,23.53,23.6,381840.0,2577965
463,2021-12-14,23.45,23.8739,23.4,23.47,225579.0,2577965
464,2021-12-15,23.48,23.58,22.87,23.47,331416.0,2577965
465,2021-12-16,23.57,23.655,22.99,23.09,629200.0,2577965
466,2021-12-17,22.8,23.38,22.57,23.3,186401.0,2577965
467,2021-12-20,22.48,22.98,22.45,22.88,305451.0,2577965
468,2021-12-21,23.25,24.084,23.2,24.06,479868.0,2577965
469,2021-12-22,24.15,24.45,24.0,24.4,275936.0,2577965
470,2021-12-23,24.45,24.64,24.32,24.59,173738.0,2577965
471,2021-12-27,24.4,24.7,24.37,24.55,306813.0,2577965
472,2021-12-28,24.49,24.8099,24.43,24.53,170727.0,2577965
473,2021-12-29,24.43,24.47,24.16,24.32,173868.0,2577965
474,2021-12-30,24.32,24.75,24.27,24.57,265872.0,2577965
475,2021-12-31,24.5,24.69,24.35,24.37,210812.0,2577965
0,2019-06-13,24.21911,24.472105,24.179825,24.472105,688.467004452,2572856
1,2019-06-14,24.474462,24.474462,24.165388,24.165388,2270.66435705,2572856
2,2019-06-17,25.535153,26.049097,25.535153,26.028374,3330.373198425,2572856
3,2019-06-18,26.438704,26.550568,26.241298,26.47465,4002.144141428,2572856
4,2019-06-19,26.595844,26.595844,26.477989,26.509221,3380.461382771,2572856
5,2019-06-20,26.774295,26.774295,26.386947,26.386947,10643.248113043,2572856
6,2019-06-21,26.32085,26.32085,26.016196,26.312109,4910.6063085,2572856
7,2019-06-24,26.468168,26.468168,25.790603,25.790603,1336.667037174,2572856
8,2019-06-25,26.01541,26.016392,25.71164,25.71164,2817.705899817,2572856
9,2019-06-26,25.488895,25.488895,25.488895,25.488895,25.535152804,2572856
10,2019-06-27,25.711935,26.032695,25.711935,26.032695,2372.804968267,2572856
11,2019-06-28,26.32085,26.691993,26.32085,26.691993,312.314561221,2572856
12,2019-07-01,27.086904,27.086904,26.772626,26.854338,21442.653506696,2572856
13,2019-07-02,26.615486,26.629236,26.615486,26.629236,344.724562857,2572856
14,2019-07-03,26.949407,27.051941,26.949407,27.051941,352.58153295,2572856
15,2019-07-05,27.106547,27.106547,26.746796,26.746796,659.003366601,2572856
16,2019-07-08,26.48781,26.48781,26.24228,26.38567,670.788821741,2572856
17,2019-07-09,26.699949,26.741885,26.664592,26.741885,562.755482954,2572856
18,2019-07-10,26.978773,26.978773,26.724305,26.724305,439.990325242,2572856
19,2019-07-11,26.497632,26.536524,26.497632,26.536524,264.190619397,2572856
20,2019-07-12,26.460999,26.478775,26.428981,26.478775,786.679130622,2572856
21,2019-07-15,26.379777,26.684235,26.379777,26.661057,5665.857558747,2572856
22,2019-07-16,26.861017,26.861017,26.594862,26.610576,1799.246151434,2572856
23,2019-07-17,26.831553,26.900301,26.56638,26.840392,19763.226149189,2572856
24,2019-07-18,27.240115,27.240115,27.21458,27.21458,19810.367969751,2572856
25,2019-07-19,27.401183,27.401183,26.871918,26.871918,5493.98633795,2572856
26,2019-07-22,26.998513,27.057441,26.982407,26.982407,709.091550947,2572856
27,2019-07-23,27.018156,27.018156,26.87015,26.903935,4926.320248687,2572856
28,2019-07-24,27.110475,27.110475,27.110475,27.110475,126.693642759,2572856
29,2019-07-25,26.900301,26.900301,26.661253,26.661253,242.58395164,2572856
30,2019-07-26,26.896078,27.170974,26.896078,27.170974,538.202451412,2572856
31,2019-07-29,27.047521,27.119413,27.037798,27.119413,1857.191305875,2572856
32,2019-07-30,27.096726,27.194741,27.003228,27.194741,644.271547675,2572856
33,2019-07-31,27.352077,27.459325,27.161938,27.161938,1192.295211704,2572856
34,2019-08-01,27.165474,27.165474,27.008335,27.04487,726.769733658,2572856
35,2019-08-02,26.841374,26.841374,26.369858,26.491248,1231.580062172,2572856
36,2019-08-05,25.933108,25.933108,25.535153,25.73855,2240.218597938,2572856
37,2019-08-06,25.761041,26.129533,25.761041,26.129533,581.415786926,2572856
38,2019-08-07,26.301306,26.364063,26.301306,26.364063,400.705474774,2572856
39,2019-08-08,26.586023,26.862784,26.586023,26.862784,459.632750476,2572856
40,2019-08-09,26.861017,26.861017,26.45874,26.641414,2941.453178792,2572856
41,2019-08-12,26.39942,26.39942,26.055677,26.055677,1106.850661936,2572856
42,2019-08-13,26.409241,26.409241,26.281958,26.352867,2803.956202154,2572856
43,2019-08-14,26.134247,26.134247,25.957465,25.957465,1301.310671753,2572856
44,2019-08-15,25.859253,25.863771,25.828316,25.863771,511.685177346,2572856
45,2019-08-16,26.330671,26.440865,26.330671,26.440865,196.42425234,2572856
46,2019-08-19,26.64986,26.697002,26.64986,26.697002,410.526687391,2572856
47,2019-08-20,26.236093,26.236093,26.236093,26.236093,71.694852104,2572856
48,2019-08-21,26.4005,26.4005,26.4005,26.4005,66.784245796,2572856
49,2019-08-22,25.907377,25.907377,25.865047,25.865047,370.259715661,2572856
50,2019-08-23,25.831066,25.831066,25.139653,25.139653,823.017617305,2572856
51,2019-08-26,25.407477,25.407477,25.353657,25.353657,145.353946732,2572856
52,2019-08-27,25.378013,25.525332,24.886953,24.989879,1485.949468952,2572856
53,2019-08-28,24.94588,25.241499,24.94588,25.241499,105.086975002,2572856
54,2019-08-29,25.486243,25.486243,25.486243,25.486243,129.640006544,2572856
55,2019-08-30,25.309265,25.367308,25.309265,25.36063,4735.788723917,2572856
56,2019-09-03,25.103019,25.103019,24.97937,24.97937,811.232162164,2572856
57,2019-09-04,25.085734,25.085734,25.085734,25.085734,54.016669394,2572856
58,2019-09-05,25.397656,25.397656,25.189544,25.349139,705.163065901,2572856
59,2019-09-06,25.417298,25.417298,25.160081,25.160081,2980.73802926,2572856
60,2019-09-09,25.338729,25.338729,24.895497,24.895497,2216.647687657,2572856
61,2019-09-10,24.798562,25.224901,24.553032,25.224901,4427.402647744,2572856
62,2019-09-11,25.457467,25.615883,25.457467,25.615883,626.593364965,2572856
63,2019-09-12,25.682373,25.682373,25.554795,25.582196,1097.029449319,2572856
64,2019-09-13,25.455699,25.455699,25.455699,25.455699,29.463637851,2572856
65,2019-09-16,25.161947,25.648097,25.161947,25.648097,393.830625942,2572856
66,2019-09-17,25.691507,25.691507,25.691507,25.691507,104.10485374,2572856
67,2019-09-18,25.662829,25.662829,25.436941,25.604098,1941.653734381,2572856
68,2019-09-19,25.542715,25.542715,25.542715,25.542715,36.338486683,2572856
69,2019-09-20,25.834307,25.834307,25.735898,25.770469,1293.453701659,2572856
70,2019-09-23,25.869074,25.869074,25.479761,25.479761,820.07125352,2572856
71,2019-09-24,25.378013,25.378013,25.030441,25.030441,119.818793927,2572856
72,2019-09-25,24.847668,24.847668,24.796205,24.796205,522.488511224,2572856
73,2019-09-26,24.494104,24.494104,24.214298,24.214298,498.917600944,2572856
74,2019-09-27,24.120898,24.336965,24.022686,24.039087,1163.813695115,2572856
75,2019-09-30,24.063739,24.063739,24.063739,24.063739,202.31697991,2572856
76,2019-10-01,23.993615,23.993615,23.462975,23.462975,2561.372250514,2572856
77,2019-10-02,23.358772,23.358772,23.346299,23.346299,529.363360056,2572856
78,2019-10-03,23.197704,23.620115,23.197704,23.620115,345.706684118,2572856
79,2019-10-04,23.835101,23.835101,23.835101,23.835101,146.336067993,2572856
80,2019-10-07,23.904832,23.904832,23.817128,23.817128,1242.383396051,2572856
81,2019-10-08,23.413771,23.502162,23.378513,23.378513,873.105801651,2572856
82,2019-10-09,23.492341,23.492341,23.300139,23.300139,590.254878282,2572856
83,2019-10-10,23.227168,23.381066,23.227168,23.381066,150.26455304,2572856
84,2019-10-11,23.780691,23.780691,23.623847,23.623847,1061.673083898,2572856
85,2019-10-14,23.757513,23.757513,23.64231,23.64231,1141.224906095,2572856
86,2019-10-15,24.032507,24.081613,24.032507,24.071989,773.91155422,2572856
87,2019-10-16,24.101256,24.125809,24.071792,24.113238,1130.421572217,2572856
88,2019-10-17,24.464641,24.489685,24.415535,24.489685,493.024873373,2572856
89,2019-10-18,24.209289,24.21086,24.189254,24.21086,398.74123225,2572856
90,2019-10-21,24.513747,24.654878,24.513747,24.654878,594.183363329,2572856
91,2019-10-22,24.94588,24.94588,24.788741,24.81899,518.560026178,2572856
92,2019-10-23,24.802097,24.918479,24.802097,24.80524,929.086713568,2572856
93,2019-10-24,24.837847,24.909443,24.837847,24.909443,774.893675481,2572856
94,2019-10-25,24.798562,25.19141,24.798562,25.19141,3124.127733468,2572856
95,2019-10-28,25.289622,25.515216,25.142304,25.515216,6446.643961799,2572856
96,2019-10-29,25.741398,25.741398,25.505689,25.55234,1717.730086713,2572856
97,2019-10-30,25.623544,25.666266,25.584259,25.666266,3270.463801461,2572856
98,2019-10-31,25.427119,25.486047,25.409638,25.478092,1480.056741382,2572856
99,2019-11-01,25.83961,26.014526,25.83961,26.014526,967.389442775,2572856
100,2019-11-04,26.036035,26.330671,25.878895,25.934778,12286.336983867,2572856
101,2019-11-05,26.055677,26.212816,26.055677,26.171862,1118.636117076,2572856
102,2019-11-06,26.124426,26.124426,25.682962,25.682962,4865.428730462,2572856
103,2019-11-07,25.928001,25.928001,25.710953,25.710953,701.234580854,2572856
104,2019-11-08,25.535153,26.32576,25.535153,26.32576,25792.468574765,2572856
105,2019-11-11,26.311029,26.311029,26.026213,26.037311,7230.376728635,2572856
106,2019-11-12,26.094962,26.260351,26.094962,26.129827,3602.420787916,2572856
107,2019-11-13,26.134247,26.379777,26.036035,26.277244,7252.965517655,2572856
108,2019-11-14,26.360135,26.360135,25.986929,26.122167,7081.094296857,2572856
109,2019-11-15,26.305136,26.41808,26.305136,26.397652,1319.970975725,2572856
110,2019-11-18,26.490069,26.560389,26.389598,26.560389,752.304886462,2572856
111,2019-11-19,27.008335,27.159581,27.008335,27.146912,3131.984703561,2572856
112,2019-11-20,27.224401,27.403344,27.155653,27.332042,1705.944631573,2572856
113,2019-11-21,27.332435,27.332435,27.185018,27.284605,2109.596470132,2572856
114,2019-11-22,27.499395,27.499395,27.234223,27.295114,3868.575649836,2572856
115,2019-11-25,27.813674,28.156434,27.813674,28.10232,5046.139042615,2572856
116,2019-11-26,28.285092,28.324377,28.088668,28.293146,4759.359634198,2572856
117,2019-11-27,28.461874,28.530524,28.285092,28.490945,5110.959045887,2572856
118,2019-11-29,28.58955,28.746591,28.481517,28.618228,4018.840202876,2572856
119,2019-12-02,28.746689,28.746689,28.423179,28.444589,1168.724301423,2572856
120,2019-12-03,28.442232,28.849026,28.245316,28.849026,2018.259192794,2572856
121,2019-12-04,28.864544,29.110074,28.854723,29.091807,2762.707109162,2572856
122,2019-12-05,29.247571,29.247571,28.859044,28.859044,3834.201405677,2572856
123,2019-12-06,29.061557,29.090432,29.014907,29.014907,3919.645955445,2572856
124,2019-12-09,29.443995,29.443995,28.944292,28.944292,2441.553456586,2572856
125,2019-12-10,29.198367,29.198367,29.169001,29.189921,1582.197352599,2572856
126,2019-12-11,29.248848,29.350989,28.824473,28.855508,4718.110541207,2572856
127,2019-12-12,28.874365,29.020308,28.83508,29.020308,1194.259454227,2572856
128,2019-12-13,29.493101,29.493101,29.218108,29.388407,9636.5738198,2572856
129,2019-12-16,29.75157,29.90008,29.573357,29.791469,9528.422815466,2572856
130,2019-12-17,29.533754,29.755926,29.533754,29.755926,4976.086146149,2572856
131,2019-12-18,29.652563,29.652563,29.47435,29.521577,1514.805372783,2572856
132,2019-12-19,29.395145,29.82632,29.395145,29.82632,2366.264601929,2572856
133,2019-12-20,29.886714,29.921762,29.791172,29.921762,2871.19972619,2572856
134,2019-12-23,30.266405,30.463429,29.988196,30.36264,4366.203721551,2572856
135,2019-12-24,30.513923,30.527289,30.352838,30.527289,2441.509836133,2572856
136,2019-12-26,30.543625,30.543625,30.342542,30.342542,3157.329629938,2572856
137,2019-12-27,30.345611,30.345611,29.830478,29.830478,6611.679921206,2572856
138,2019-12-30,29.969385,29.969385,29.375343,29.454549,5904.77074724,2572856
139,2019-12-31,29.276337,29.662463,29.256535,29.569991,6000.807427737,2572856
140,2020-01-02,29.306039,29.355542,29.227724,29.316731,7360.171987757,2572856
141,2020-01-03,29.110203,29.276337,28.939812,28.967336,7198.790761768,2572856
142,2020-01-06,28.89021,29.216932,28.702097,29.214556,6377.033598755,2572856
143,2020-01-07,29.24911,29.255149,29.068422,29.171488,3662.264754199,2572856
144,2020-01-08,29.345641,29.682265,29.32584,29.583951,7149.287318213,2572856
145,2020-01-09,29.702066,29.860477,29.578209,29.689591,6178.029755664,2572856
146,2020-01-10,30.296107,30.296107,29.528804,29.528804,5316.669837807,2572856
147,2020-01-13,29.32584,29.32584,28.949614,29.143766,19227.137476762,2572856
148,2020-01-14,29.108025,29.495241,28.90011,29.495241,4349.372550742,2572856
149,2020-01-15,29.632761,29.880279,29.632761,29.672562,4635.50245449,2572856
150,2020-01-16,29.916416,29.989186,29.669493,29.849982,6017.638598546,2572856
151,2020-01-17,30.068392,30.068392,29.575337,29.575337,5582.008295262,2572856
152,2020-01-21,29.523854,29.61989,29.189012,29.189012,9788.810928566,2572856
153,2020-01-22,29.454549,29.454549,29.218516,29.218516,2999.908679433,2572856
154,2020-01-23,29.236734,29.236734,28.811004,29.003969,5919.621780307,2572856
155,2020-01-24,29.127826,29.127826,28.405076,28.453688,9932.370914875,2572856
156,2020-01-27,28.226864,28.30201,28.167459,28.24518,2846.448004413,2572856
157,2020-01-28,28.296168,28.513983,28.286862,28.469925,2448.44031823,2572856
158,2020-01-29,28.682295,28.682295,28.323791,28.323791,7412.645637926,2572856
159,2020-01-30,28.395175,28.395175,27.90123,28.069443,6862.167345594,2572856
160,2020-01-31,28.137757,28.137757,27.474411,27.677375,6884.938929629,2572856
161,2020-02-03,27.988851,28.029543,27.939744,28.029543,1346.493664696,2572856
162,2020-02-04,28.197161,28.691206,28.197161,28.648831,7124.535596436,2572856
163,2020-02-05,28.781302,29.020602,28.781302,28.917536,4669.164796108,2572856
164,2020-02-06,29.424847,29.424847,29.167429,29.304256,2668.235607615,2572856
165,2020-02-07,29.385244,29.385244,29.108025,29.20822,2772.19283908,2572856
166,2020-02-10,29.276337,29.655335,29.191686,29.655335,4751.340512409,2572856
167,2020-02-11,29.830775,29.90008,29.518903,29.583258,4393.925649942,2572856
168,2020-02-12,29.583258,29.652563,29.38168,29.591277,1470.252273584,2572856
169,2020-02-13,29.711967,29.711967,29.462271,29.462271,548.498154589,2572856
170,2020-02-14,29.46445,29.593159,29.46445,29.559298,5889.919714174,2572856
171,2020-02-18,29.573357,29.588703,29.365443,29.588703,3135.548114774,2572856
172,2020-02-19,29.685433,29.820874,29.685433,29.732164,1470.252273584,2572856
173,2020-02-20,29.721868,29.721868,29.193171,29.444747,8762.109509235,2572856
174,2020-02-21,29.405045,29.46445,29.18723,29.384749,7151.267455955,2572856
175,2020-02-24,28.910011,28.910011,28.414977,28.650811,10311.567292507,2572856
176,2020-02-25,28.910011,28.910011,28.46448,28.696057,2595.960580024,2572856
177,2020-02-26,29.197131,29.460687,28.860508,29.384254,21162.722119763,2572856
178,2020-02-27,29.76147,29.860477,28.662494,28.662494,36793.929456689,2572856
179,2020-02-28,28.711997,28.711997,27.590447,28.675266,15359.928466245,2572856
180,2020-03-02,29.484251,30.207001,28.850607,30.204922,18882.593509619,2572856
181,2020-03-03,30.434717,30.434717,29.127826,29.584248,15160.924623154,2572856
182,2020-03-04,30.385214,30.595108,29.997404,30.595108,12461.996880536,2572856
183,2020-03-05,29.999087,30.791142,29.999087,30.365412,13212.46908483,2572856
184,2020-03-06,30.117895,30.306008,29.852656,30.296107,14011.454663807,2572856
185,2020-03-09,28.216963,28.811004,27.697177,27.74173,118063.732740933,2572856
186,2020-03-10,28.484281,28.484281,26.580973,27.676781,10258.103573467,2572856
187,2020-03-11,27.325901,27.671435,26.501669,26.501669,7649.272098119,2572856
188,2020-03-12,24.385396,25.860599,22.623074,23.672547,25581.399491482,2572856
189,2020-03-13,24.751722,24.751722,22.647825,24.433712,27048.681558452,2572856
190,2020-03-16,22.662676,23.766603,22.097248,22.356943,14050.06734978,2572856
191,2020-03-17,23.365625,24.4349,22.543868,23.801256,25935.844147336,2572856
192,2020-03-18,22.722081,24.236886,22.722081,23.841947,108601.64453983,2572856
193,2020-03-19,23.603242,24.662616,23.223055,24.160948,30798.072373308,2572856
194,2020-03-20,24.217085,24.740831,23.504235,23.63334,27673.415016116,2572856
195,2020-03-23,23.910163,24.2953,23.118108,23.676408,71695.837300707,2572856
196,2020-03-24,25.316061,25.316061,24.405198,25.167551,164710.827602809,2572856
197,2020-03-25,25.523975,25.979407,25.078445,25.38398,58796.229979145,2572856
198,2020-03-26,25.949705,26.791264,25.573479,26.445532,94136.738333059,2572856
199,2020-03-27,26.286329,26.824233,25.895251,26.236033,25392.296337102,2572856
200,2020-03-30,26.523945,26.802748,26.108116,26.802748,18319.244321963,2572856
201,2020-03-31,26.860568,26.860568,26.172471,26.603151,57954.67143871,2572856
202,2020-04-01,25.721989,26.097225,24.517967,25.25537,26859.578404072,2572856
203,2020-04-02,25.236856,26.078414,24.890331,25.8804,35403.872761665,2572856
204,2020-04-03,26.078414,26.236825,25.653576,25.949705,53921.130857848,2572856
205,2020-04-06,27.048682,27.177391,26.652654,27.177391,31259.44446724,2572856
206,2020-04-07,28.494182,28.494182,26.613051,26.613051,33609.867967232,2572856
207,2020-04-08,26.939774,27.226894,26.496322,27.117986,20180.573799631,2572856
208,2020-04-09,27.721928,27.791233,27.365405,27.702127,25971.486626695,2572856
209,2020-04-13,28.216963,29.155053,27.296199,27.632822,28627.841407857,2572856
210,2020-04-14,28.276367,28.810014,28.276367,28.790213,38757.236028081,2572856
211,2020-04-15,28.32587,28.632792,28.009048,28.365473,29843.645981567,2572856
212,2020-04-16,28.89021,29.157528,28.454579,29.157528,36124.642899826,2572856
213,2020-04-17,30.731738,30.741638,30.058491,30.714709,75326.41985103,2572856
214,2020-04-20,30.810943,32.374262,30.726787,31.702005,112981.709225577,2572856
215,2020-04-21,31.692105,31.949522,30.256505,30.919851,310728.16485038,2572856
216,2020-04-22,31.612899,31.781211,31.107964,31.678442,45324.362850087,2572856
217,2020-04-23,32.20694,32.414855,31.256474,31.395084,71483.962562291,2572856
218,2020-04-24,31.77131,32.532673,31.612899,32.464358,40230.458508277,2572856
219,2020-04-27,33.078201,33.078201,32.474259,32.682173,52705.326284137,2572856
220,2020-04-28,33.612838,33.612838,31.897346,31.939622,54090.432634806,2572856
221,2020-04-29,32.444557,32.533663,31.832793,32.018827,107764.04627488,2572856
222,2020-04-30,31.939622,31.939622,31.286176,31.305978,27154.61892766,2572856
223,2020-05-01,30.939652,31.156279,30.345611,30.711936,116548.92736815,2572856
224,2020-05-04,30.553525,31.860416,30.553525,31.840615,29398.114989572,2572856
225,2020-05-05,32.325749,32.692074,32.172981,32.375252,40180.955064722,2572856
226,2020-05-06,32.523762,32.979194,32.34555,32.672273,73829.435717927,2572856
227,2020-05-07,33.503931,33.503931,32.949492,33.197009,46431.259847977,2572856
228,2020-05-08,33.583136,34.137575,33.315818,34.048468,61234.769608664,2572856
229,2020-05-11,34.048468,35.691983,33.939561,35.642479,73750.230208239,2572856
230,2020-05-12,35.919699,36.276123,34.944481,34.949431,95297.099049988,2572856
231,2020-05-13,35.187048,35.542977,33.465318,34.457169,70301.820330198,2572856
232,2020-05-14,34.107873,34.404893,33.503931,34.147475,125223.910816728,2572856
233,2020-05-15,34.097972,35.107842,33.91976,35.033587,47495.583884409,2572856
234,2020-05-18,37.206788,37.273618,36.271173,36.880065,256806.04392366,2572856
235,2020-05-19,36.592945,36.840463,35.602877,35.602877,144359.961957349,2572856
236,2020-05-20,36.028606,36.543442,35.761288,36.543442,130367.318602093,2572856
237,2020-05-21,36.632548,36.632548,35.495751,36.067813,154284.412321255,2572856
238,2020-05-22,36.305826,36.642449,36.01425,36.642449,71761.181846199,2572856
239,2020-05-26,37.137483,37.137483,35.414764,35.414764,92817.966596754,2572856
240,2020-05-27,35.424664,35.424664,33.583136,35.07814,110229.317763919,2572856
241,2020-05-28,35.147445,35.761288,34.891017,35.008835,53682.524259913,2572856
242,2020-05-29,35.187048,35.642479,34.560829,35.523671,70856.258898014,2572856
243,2020-06-01,35.632579,35.839503,35.310806,35.810791,55145.846051399,2572856
244,2020-06-02,35.65238,35.859304,34.966757,35.846038,68457.322023338,2572856
245,2020-06-03,35.870195,35.870195,35.286055,35.315757,66624.704542932,2572856
246,2020-06-04,35.196948,35.474168,34.632609,34.781119,66090.067352538,2572856
247,2020-06-05,35.07814,35.206849,34.335588,34.632609,71588.909862628,2572856
248,2020-06-08,34.731616,35.256352,34.493999,35.256352,48422.288347759,2572856
249,2020-06-09,35.07814,35.535651,35.008835,35.246452,51520.213845431,2572856
250,2020-06-10,35.454366,35.840493,35.454366,35.65238,29211.982041806,2572856
251,2020-06-11,35.454366,35.493969,33.939561,34.167277,64703.970932998,2572856
252,2020-06-12,34.969233,35.157346,34.007876,34.711815,31736.657663111,2572856
253,2020-06-15,34.487196,35.76744,34.487196,35.757516,36218.999380284,2572856
254,2020-06-16,36.581239,36.581239,35.296033,36.055247,58150.871343701,2572856
255,2020-06-17,36.124718,36.379278,35.946079,36.045323,24415.942533326,2572856
256,2020-06-18,35.85676,36.432373,35.85676,36.233886,30600.811806869,2572856
257,2020-06-19,36.72018,36.87897,36.223962,36.87897,35408.17810357,2572856
258,2020-06-22,37.315643,38.059971,36.948441,37.969957,57781.68466691,2572856
259,2020-06-23,38.427172,39.290593,38.318004,38.744752,115133.643981535,2572856
260,2020-06-24,38.665357,38.963089,37.688799,38.040122,139870.143763795,2572856
261,2020-06-25,38.030197,38.675282,37.891256,38.675282,58718.545481131,2572856
262,2020-06-26,38.53634,38.53634,37.206474,37.395038,66819.811187153,2572856
263,2020-06-29,37.593525,37.772164,36.930577,37.30939,70285.402249927,2572856
264,2020-06-30,37.206474,37.722542,37.067533,37.682844,49940.437534327,2572856
265,2020-07-01,37.385113,37.652972,37.067533,37.463218,37250.141738309,2572856
266,2020-07-02,37.692769,38.129441,37.525047,37.742391,49070.070019421,2572856
267,2020-07-06,38.258458,38.357702,37.793203,37.970651,141659.508221465,2572856
268,2020-07-07,37.752315,39.087143,37.752315,38.705055,125686.229826461,2572856
269,2020-07-08,38.764601,39.37892,38.645509,39.290593,62985.033447588,2572856
270,2020-07-09,39.389837,39.496623,38.53634,39.26082,79684.775948534,2572856
271,2020-07-10,39.270744,39.369988,38.62566,38.734828,93529.276328174,2572856
272,2020-07-13,39.280668,40.05477,38.109592,38.238609,140534.084319636,2572856
273,2020-07-14,38.169139,38.883694,37.563752,38.883694,51307.023700834,2572856
274,2020-07-15,39.628022,40.099429,39.33029,39.915828,91659.524448946,2572856
275,2020-07-16,39.776887,39.776887,39.027597,39.459307,59879.697125875,2572856
276,2020-07-17,39.747114,40.570837,39.499005,40.471593,85575.88378033,2572856
277,2020-07-20,40.471593,40.984386,40.183786,40.620459,111386.200724652,2572856
278,2020-07-21,40.7594,40.7594,39.757038,39.866206,73760.917685734,2572856
279,2020-07-22,39.846358,40.084543,39.41961,39.657795,64470.712090478,2572856
280,2020-07-23,39.64787,39.866206,38.533363,38.764601,57974.217503731,2572856
281,2020-07-24,38.506567,38.506567,37.474433,37.792013,121946.726068003,2572856
282,2020-07-27,38.407324,38.854913,38.089744,38.843996,73483.035240838,2572856
283,2020-07-28,38.754677,38.834072,38.064933,38.064933,53904.232123308,2572856
284,2020-07-29,38.109592,38.357702,37.51413,37.563752,86333.113442671,2572856
285,2020-07-30,37.295794,38.069895,37.216399,37.891256,41979.105488057,2572856
286,2020-07-31,38.208836,38.69513,36.571315,37.03776,75605.858632382,2572856
287,2020-08-03,37.474433,38.659502,37.345416,38.635584,79096.260627737,2572856
288,2020-08-04,38.705055,38.705055,37.964399,38.407324,38173.108430285,2572856
289,2020-08-05,38.62566,38.62566,38.278307,38.561151,59971.993795073,2572856
290,2020-08-06,38.556189,38.685206,38.208836,38.248534,46781.509598242,2572856
291,2020-08-07,38.208836,38.655433,37.883416,38.179063,28459.132106563,2572856
292,2020-08-10,38.188987,38.288231,37.871507,38.089744,62306.206332199,2572856
293,2020-08-11,38.179063,38.179063,37.137004,37.186626,51786.370918279,2572856
294,2020-08-12,37.504206,37.712618,37.236347,37.573676,143949.061079947,2572856
295,2020-08-13,37.533979,38.089744,37.533979,37.928969,28368.820311972,2572856
296,2020-08-14,37.841634,37.861384,37.424513,37.524054,43402.260580846,2572856
297,2020-08-17,37.662996,38.526416,37.662996,38.491383,35201.751144504,2572856
298,2020-08-18,38.595887,38.595887,37.921029,38.318004,36584.216307862,2572856
299,2020-08-19,38.30808,38.607895,38.109592,38.109592,74197.590099142,2572856
300,2020-08-20,38.109592,38.129441,37.782088,37.891256,32499.34436789,2572856
301,2020-08-21,37.851559,37.854933,37.543903,37.841634,37416.871205246,2572856
302,2020-08-24,38.079819,38.079819,36.819424,37.007987,245894.205739258,2572856
303,2020-08-25,37.117155,37.434735,36.72018,37.275945,117724.89778019,2572856
304,2020-08-26,37.385113,37.51413,37.156853,37.266021,62858.993910082,2572856
305,2020-08-27,37.325567,37.325567,36.743006,37.047685,43607.695102608,2572856
306,2020-08-28,37.107231,37.543903,36.996376,37.404962,28838.243156386,2572856
307,2020-08-31,37.494281,38.030197,37.305718,37.851559,64017.168242916,2572856
308,2020-09-01,37.792013,37.877064,37.176701,37.266021,52848.278832703,2572856
309,2020-09-02,37.454584,37.484357,36.849197,37.464508,32722.64276111,2572856
310,2020-09-03,37.633223,37.633223,35.847828,36.01555,62876.857781539,2572856
311,2020-09-04,36.114793,36.114793,34.060448,35.464747,113655.90483707,2572856
312,2020-09-08,34.74523,35.757417,34.697593,35.102507,226344.183303521,2572856
313,2020-09-09,35.578877,36.237856,35.578877,36.094945,54301.207044588,2572856
314,2020-09-10,36.24381,36.678498,35.586122,35.618575,19725.683838403,2572856
315,2020-09-11,35.965928,36.422449,35.658272,35.946079,15221.010919178,2572856
316,2020-09-14,36.601088,37.970651,36.601088,37.958742,50932.874837527,2572856
317,2020-09-15,38.46687,38.953164,38.209928,38.774525,46991.90630652,2572856
318,2020-09-16,39.052408,39.985299,39.022635,39.657795,54085.848149794,2572856
319,2020-09-17,39.310442,39.64787,38.982937,39.501585,32270.091350851,2572856
320,2020-09-18,39.856282,40.134165,39.265782,40.104491,62065.044067522,2572856
321,2020-09-21,39.449383,39.526892,38.62566,39.141727,76155.668898355,2572856
322,2020-09-22,39.231047,39.335253,38.411194,39.32503,30815.17826436,2572856
323,2020-09-23,39.240971,39.439458,38.288231,38.347777,112377.645590549,2572856
324,2020-09-24,37.821786,38.273345,37.365264,37.851559,42476.31657696,2572856
325,2020-09-25,37.881332,38.873769,37.851559,38.834072,27773.357930052,2572856
326,2020-09-28,38.893618,39.121878,38.566114,38.863845,40605.572260428,2572856
327,2020-09-29,38.923391,39.16366,38.688977,38.85392,20872.941360902,2572856
328,2020-09-30,38.863845,39.270744,38.562938,38.665357,27683.046135461,2572856
329,2020-10-01,38.814223,39.022635,38.595887,39.022635,26745.192883937,2572856
330,2020-10-02,38.615735,38.883594,37.930954,37.930954,35795.228651818,2572856
331,2020-10-05,38.367626,39.603211,38.367626,39.5784,141528.506497442,2572856
332,2020-10-06,39.300517,39.985299,39.250895,39.250895,44000.700274675,2572856
333,2020-10-07,39.836433,40.375724,39.548627,40.193711,36429.396088562,2572856
334,2020-10-08,40.689929,40.689929,40.36838,40.521215,34660.87281426,2572856
335,2020-10-09,40.848719,41.096829,40.531139,41.037282,39914.835897401,2572856
336,2020-10-12,41.543426,41.632745,41.091867,41.275467,40379.296555298,2572856
337,2020-10-13,41.086904,41.910627,41.086904,41.791535,46919.458383386,2572856
338,2020-10-14,41.851081,42.059493,41.116677,41.116677,63877.234583165,2572856
339,2020-10-15,40.541064,40.917198,40.263181,40.789173,26828.557617406,2572856
340,2020-10-16,40.928114,41.493804,40.928114,41.136526,35184.87971035,2572856
341,2020-10-19,41.424333,41.464031,40.263181,40.372349,86125.694046302,2572856
342,2020-10-20,40.491442,40.580761,39.89598,39.89598,60068.260213483,2572856
343,2020-10-21,39.717341,39.816585,38.804299,38.85392,38891.633037802,2572856
344,2020-10-22,38.982937,39.528778,38.978074,39.350139,23913.769257907,2572856
345,2020-10-23,39.697492,39.697492,39.097068,39.360063,27783.282303084,2572856
346,2020-10-26,39.310442,39.846358,38.903542,39.231047,54471.906260738,2572856
347,2020-10-27,39.310442,39.717341,39.10203,39.687568,27609.605775024,2572856
348,2020-10-28,39.062332,39.062332,38.46687,38.516492,52029.518057563,2572856
349,2020-10-29,38.516492,39.137757,38.208836,38.953164,39000.801141154,2572856
350,2020-10-30,38.417248,38.496643,37.345416,37.643147,50913.026091463,2572856
351,2020-11-02,38.139366,38.218761,37.156853,37.871407,39387.851689402,2572856
352,2020-11-03,38.337853,38.883694,38.169139,38.705055,28006.580696304,2572856
353,2020-11-04,38.834072,40.957987,38.834072,40.610534,74046.739629055,2572856
354,2020-11-05,41.126602,41.325089,40.659462,41.115189,29683.799738712,2572856
355,2020-11-06,40.719703,40.719703,40.10856,40.253257,29368.204676294,2572856
356,2020-11-09,41.106753,41.106753,39.985299,40.140318,49910.664415231,2572856
357,2020-11-10,39.836433,40.317765,39.340215,40.175152,42443.566145954,2572856
358,2020-11-11,40.570837,40.947963,40.320147,40.928114,31526.755810754,2572856
359,2020-11-12,40.987661,41.493804,40.772699,40.987661,34316.49707005,2572856
360,2020-11-13,41.205997,41.533501,41.156375,41.374711,37281.899732011,2572856
361,2020-11-16,42.049569,42.069417,41.315165,41.672442,58498.224399821,2572856
362,2020-11-17,41.285392,41.444182,40.784707,41.414409,34555.674460121,2572856
363,2020-11-18,41.503728,41.722064,40.71484,40.719703,56294.021149414,2572856
364,2020-11-19,40.858644,41.196072,40.610534,40.987661,44466.153369876,2572856
365,2020-11-20,41.096829,41.364191,40.789173,41.245694,201087.646374384,2572856
366,2020-11-23,41.731989,41.821308,41.116677,41.602972,44229.953291714,2572856
367,2020-11-24,41.861005,41.861005,41.096829,41.196072,63116.03517161,2572856
368,2020-11-25,41.483879,41.612896,41.24887,41.583123,44557.45760177,2572856
369,2020-11-27,42.307602,43.463792,42.248056,43.399978,37351.370343235,2572856
370,2020-11-30,44.232931,44.461191,43.399283,44.361947,60676.624280345,2572856
371,2020-12-01,45.324612,45.790362,44.431517,44.669603,70190.12826882,2572856
372,2020-12-02,44.679527,44.729149,43.876844,44.619981,50420.777189076,2572856
373,2020-12-03,44.897864,45.483402,44.739173,45.483402,55903.993289256,2572856
374,2020-12-04,45.622343,46.108637,45.43378,45.880377,50677.818450605,2572856
375,2020-12-07,46.436141,47.736234,46.426217,46.981982,113978.44696061,2572856
376,2020-12-08,47.40873,48.123285,47.18166,48.103436,123235.90212486,2572856
377,2020-12-09,48.301924,48.619503,46.525461,47.130848,131422.517438957,2572856
378,2020-12-10,46.843041,49.0661,46.843041,49.016478,87463.499531016,2572856
379,2020-12-11,48.927159,49.214966,48.212604,48.778293,70122.642532202,2572856
380,2020-12-14,50.075581,50.70227,49.030171,49.092343,207735.199649264,2572856
381,2020-12-15,49.439953,49.439953,47.935302,48.476579,115803.50480534,2572856
382,2020-12-16,48.407057,48.407057,47.585309,47.870746,58037.816554971,2572856
383,2020-12-17,48.24815,48.347467,47.791292,48.317672,79175.432273428,2572856
384,2020-12-18,48.575896,48.650383,48.119038,48.258081,74605.861727893,2572856
385,2020-12-21,47.761497,49.578996,47.42382,49.271114,74154.963004209,2572856
386,2020-12-22,49.578996,50.145003,49.350567,49.757767,76599.151900657,2572856
387,2020-12-23,49.827288,49.916674,48.565964,49.747835,60948.794879023,2572856
388,2020-12-24,49.916674,50.041813,48.9533,48.98955,30395.937088915,2572856
389,2020-12-28,49.549201,49.65845,47.930336,48.039584,84091.618798183,2572856
390,2020-12-29,47.880677,47.880677,45.626184,46.261812,125914.958342417,2572856
391,2020-12-30,46.589558,47.215254,46.510104,46.607037,69642.996260378,2572856
392,2020-12-31,46.798123,46.798123,45.466979,45.626184,70488.183075038,2572856
393,2021-01-04,45.943998,46.440483,45.284236,45.894339,98838.192034458,2572856
394,2021-01-05,45.765227,46.261812,45.705637,46.261812,110627.108003921,2572856
395,2021-01-06,46.033383,47.895575,45.894339,47.056347,90062.550795522,2572856
396,2021-01-07,47.751565,49.551187,47.672112,49.468457,67468.949330542,2572856
397,2021-01-08,48.933436,50.050751,48.168696,49.002958,75805.609873732,2572856
398,2021-01-11,48.705008,48.982102,47.76249,48.695076,78750.355943611,2572856
399,2021-01-12,48.764598,49.71804,48.764598,49.201592,105542.082750033,2572856
400,2021-01-13,49.161865,49.946469,49.092343,49.330704,95122.746824537,2572856
401,2021-01-14,49.9564,51.466017,49.9564,51.386564,96242.04828179,2572856
402,2021-01-15,51.426291,52.319149,50.574152,50.969433,94870.481899833,2572856
403,2021-01-19,51.515676,52.220826,51.158135,52.171167,99735.023636853,2572856
404,2021-01-20,52.320143,52.528708,51.732584,51.843422,73682.214562636,2572856
405,2021-01-21,51.7739,52.022192,50.472848,50.472848,81410.062511953,2572856
406,2021-01-22,50.373531,51.227657,50.155034,51.118408,50454.97127891,2572856
407,2021-01-25,51.644788,52.002329,50.60196,51.813626,106441.893859413,2572856
408,2021-01-26,51.853353,52.209901,50.587063,50.66155,116153.100291545,2572856
409,2021-01-27,49.797493,51.585198,48.695076,49.628655,119871.52500845,2572856
410,2021-01-28,50.125239,50.66155,49.526358,49.986196,53430.50558763,2572856
411,2021-01-29,50.155034,50.949569,49.161865,50.006059,66149.02773632,2572856
412,2021-02-01,51.446154,51.505645,50.502643,51.456086,88530.091036391,2572856
413,2021-02-02,52.330074,52.588298,51.505744,52.488981,71284.704608948,2572856
414,2021-02-03,52.429391,52.59823,51.51071,51.555403,68866.338106366,2572856
415,2021-02-04,52.101645,52.459087,51.495812,52.220826,102958.850194298,2572856
416,2021-02-05,52.230757,52.990532,51.928834,52.935907,76048.936277483,2572856
417,2021-02-08,53.372902,54.455456,53.1842,54.455456,141013.113402887,2572856
418,2021-02-09,54.445524,54.465388,53.803441,53.929076,117857.378286793,2572856
419,2021-02-10,54.574636,54.65409,52.250621,52.965702,125044.942302885,2572856
420,2021-02-11,53.313312,53.387799,52.131441,52.518776,189361.573243614,2572856
421,2021-02-12,52.588298,52.846522,51.863285,52.65782,73166.759854283,2572856
422,2021-02-16,52.737274,52.876317,51.277315,51.396495,135889.354558198,2572856
423,2021-02-17,51.326974,51.684514,50.155034,51.664651,165717.198982029,2572856
424,2021-02-18,50.750936,50.773381,49.658946,50.224556,129807.18763343,2572856
425,2021-02-19,50.790662,51.962602,50.621824,51.277315,51108.476477554,2572856
426,2021-02-22,50.889979,50.889979,49.052617,49.201592,109026.119584142,2572856
427,2021-02-23,48.029653,48.24815,45.457345,47.831019,152933.127679677,2572856
428,2021-02-24,47.582727,48.397125,47.145732,48.019721,70820.894688329,2572856
429,2021-02-25,48.069379,48.764598,46.222085,46.659079,141309.077763367,2572856
430,2021-02-26,46.947098,47.518171,45.670876,46.688874,79207.213681265,2572856
431,2021-03-01,47.582727,48.366436,47.533068,48.198491,61622.163457565,2572856
432,2021-03-02,47.672112,47.672112,46.625908,46.649148,73363.407315273,2572856
433,2021-03-03,45.924134,46.202222,44.052011,44.19602,141682.509305449,2572856
434,2021-03-04,44.007318,44.533698,42.169956,42.954559,169708.745172532,2572856
435,2021-03-05,43.292236,43.441212,40.561022,43.391553,184212.985174052,2572856
436,2021-03-08,43.391553,43.987455,42.050775,42.348726,183776.983985291,2572856
437,2021-03-09,43.520665,45.303106,43.302168,44.891239,55216.22344046,2572856
438,2021-03-10,45.507003,46.321402,45.099804,45.298438,82220.488411791,2572856
439,2021-03-11,46.440582,47.425806,45.934066,47.304639,126923.02487224,2572856
440,2021-03-12,46.847781,47.016521,45.844681,46.966962,90872.97669536,2572856
441,2021-03-15,47.354298,47.652248,46.877577,47.572795,51465.024146723,2572856
442,2021-03-16,47.711839,48.128969,46.525002,47.304639,71694.883403841,2572856
443,2021-03-17,46.649148,48.109106,46.102905,47.622453,52762.102854063,2572856
444,2021-03-18,47.473478,47.473478,45.693024,45.765227,72646.339300955,2572856
445,2021-03-19,45.914203,46.89744,45.824817,46.867645,136318.403563994,2572856
446,2021-03-22,47.175527,48.168696,47.175527,47.731702,47083.162541224,2572856
447,2021-03-23,47.84095,47.84095,45.730466,45.864544,64688.076144822,2572856
448,2021-03-24,45.695705,45.924134,43.560392,43.659709,76667.680561306,2572856
449,2021-03-25,43.351827,44.295337,42.531767,44.166225,86478.203892928,2572856
450,2021-03-26,44.325132,44.423456,42.954559,43.947728,59967.543912062,2572856
451,2021-03-29,43.788821,43.848411,42.909866,43.133329,76873.26654325,2572856
452,2021-03-30,42.825447,43.828548,42.408316,43.49087,66851.198215714,2572856
453,2021-03-31,43.699436,45.685774,43.699436,45.397755,65931.523726437,2572856
454,2021-04-01,45.854612,46.748465,45.606817,45.804954,72715.861130598,2572856
455,2021-04-05,45.943998,46.341067,45.748443,46.092973,74917.716792292,2572856
456,2021-04-06,46.112836,46.430651,45.517034,45.596389,121167.610546795,2572856
457,2021-04-07,45.218984,45.261393,44.027182,44.116567,46498.186003228,2572856
458,2021-04-08,44.156294,44.871375,44.156294,44.464176,72562.913105384,2572856
459,2021-04-09,44.523766,44.523766,43.966598,44.245679,29501.09182451,2572856
460,2021-04-12,44.066908,44.126498,43.153193,43.520665,46234.99621958,2572856
461,2021-04-13,43.600119,44.712468,43.600119,44.623083,47959.137594726,2572856
462,2021-04-14,44.831648,46.202222,44.831648,45.586457,78161.406729635,2572856
463,2021-04-15,45.904271,46.440582,45.755296,46.053246,81000.876886054,2572856
464,2021-04-16,46.01352,46.112836,45.36796,45.695705,52384.698636001,2572856
465,2021-04-19,45.278574,45.924134,44.662909,45.010419,52038.08265678,2572856
466,2021-04-20,44.801853,45.507003,44.267429,45.119667,39515.214800086,2572856
467,2021-04-21,45.020351,46.390924,44.732332,46.351197,55348.314916782,2572856
468,2021-04-22,46.361129,47.523136,46.112836,46.579626,55833.974555288,2572856
469,2021-04-23,46.708738,47.026552,46.291607,46.768328,46143.624672049,2572856
470,2021-04-26,46.768328,48.327603,46.728601,48.182005,53931.06276106,2572856
471,2021-04-27,48.238218,48.436852,47.715116,48.064414,46752.437265923,2572856
472,2021-04-28,47.791292,48.536169,47.453615,48.277945,85222.838283374,2572856
473,2021-04-29,48.506374,48.665281,47.284776,47.642317,49376.389750448,2572856
474,2021-04-30,47.582727,48.407057,47.394024,47.622453,41167.8480076,2572856
475,2021-05-03,47.801224,47.979994,47.165596,47.284776,109654.795557914,2572856
476,2021-05-04,47.026552,47.026552,44.950829,45.189189,97946.326277038,2572856
477,2021-05-05,45.238848,45.700671,44.245679,44.474108,50061.676356929,2572856
478,2021-05-06,43.729231,44.186089,43.173056,44.07684,97952.285291007,2572856
479,2021-05-07,44.60322,45.864544,44.543629,45.228916,76027.086559595,2572856
480,2021-05-10,45.238848,45.437482,43.987455,44.01725,74655.520177638,2572856
481,2021-05-11,42.66654,44.921034,42.209682,44.424449,90559.135292972,2572856
482,2021-05-12,44.066908,44.424449,43.461075,43.49087,58615.840910003,2572856
483,2021-05-13,43.868275,44.215884,42.54736,43.331963,73726.907167407,2572856
484,2021-05-14,43.570324,44.940897,43.480939,44.806919,31863.840863377,2572856
485,2021-05-17,44.692605,45.258711,44.642946,45.258711,35407.46783718,2572856
486,2021-05-18,45.228916,46.351197,45.189189,45.48714,33652.538223192,2572856
487,2021-05-19,44.60322,45.079941,44.364859,44.881307,33556.200830686,2572856
488,2021-05-20,45.149463,46.341265,45.149463,46.102905,36472.144999713,2572856
489,2021-05-21,46.440582,46.450514,45.616252,45.655979,35163.148264435,2572856
490,2021-05-24,45.973793,46.220297,45.536798,45.586457,27837.533758052,2572856
491,2021-05-25,45.775159,45.914203,45.437482,45.536798,27380.676020398,2572856
492,2021-05-26,45.735432,46.182358,45.586457,46.172427,24346.544740979,2572856
493,2021-05-27,46.222085,46.222085,45.675842,46.07311,23470.569687477,2572856
494,2021-05-28,46.182358,47.225186,46.182358,46.510104,46390.923751779,2572856
495,2021-06-01,46.976893,46.976893,46.023451,46.222085,54508.093947097,2572856
496,2021-06-02,46.331334,46.599489,45.943998,46.361129,44828.668922801,2572856
497,2021-06-03,45.864544,46.232017,45.437482,45.834749,32512.380217046,2572856
498,2021-06-04,46.202222,46.777266,46.092973,46.559762,25837.291402324,2572856
499,2021-06-07,46.728601,48.198988,46.649148,47.737661,65919.605698498,2572856
500,2021-06-08,48.089243,48.268013,46.817986,47.582727,36286.422397666,2572856
501,2021-06-09,47.850882,49.01289,47.850882,48.705008,60898.143260283,2572856
502,2021-06-10,48.756851,49.403098,48.379045,49.333503,50288.953965467,2572856
503,2021-06-11,49.413041,49.567146,49.134657,49.502521,39777.00065737,2572856
504,2021-06-14,49.711309,49.989692,49.085642,49.293734,43317.440053013,2572856
505,2021-06-15,49.363329,49.363329,47.992391,48.279623,27396.896373587,2572856
506,2021-06-16,48.110604,48.458584,46.609323,47.464357,64908.055586792,2572856
507,2021-06-17,47.464357,48.329334,47.394762,48.080778,32847.244244106,2572856
508,2021-06-18,47.583665,47.772568,47.215801,47.603549,32659.335497749,2572856
509,2021-06-21,47.643318,48.478468,47.484242,48.418815,21662.199818106,2572856
510,2021-06-22,48.567948,48.79662,48.120547,48.79662,27675.279701523,2572856
511,2021-06-23,48.597775,49.1446,48.539116,48.756851,22519.22277768,2572856
512,2021-06-24,49.194311,49.857957,49.194311,49.800789,56411.398727717,2572856
513,2021-06-25,49.870385,50.198479,49.611886,50.138826,25149.945226675,2572856
514,2021-06-28,51.699761,52.097451,50.954091,51.113167,158606.912639194,2572856
515,2021-06-29,51.093283,51.5208,50.625997,51.351782,128811.942740672,2572856
516,2021-06-30,51.152937,52.693987,50.914322,51.729588,41036.68521628,2572856
517,2021-07-01,51.799184,52.326123,51.113167,52.246585,309549.335724606,2572856
518,2021-07-02,52.276412,52.276412,51.312013,51.709703,103994.069055178,2572856
519,2021-07-06,51.371666,51.371666,50.13982,50.248191,68634.41527645,2572856
520,2021-07-07,50.516632,50.516632,49.194311,49.373272,29528.51728464,2572856
521,2021-07-08,48.587833,49.820574,48.134267,49.63177,58586.765590302,2572856
522,2021-07-09,50.079172,50.407267,49.303676,50.268075,32985.441681902,2572856
523,2021-07-12,50.397325,50.606112,49.54746,49.572117,54365.281267387,2572856
524,2021-07-13,49.363329,49.413041,48.48841,48.508295,221976.900339139,2572856
525,2021-07-14,48.717082,48.79662,47.752683,47.87199,52758.611774728,2572856
526,2021-07-15,47.901817,48.100662,47.277145,47.921701,60988.816019922,2572856
527,2021-07-16,48.070835,48.296724,47.623434,47.881932,54256.910614726,2572856
528,2021-07-19,47.225743,48.693221,47.225743,48.468526,94930.703278518,2572856
529,2021-07-20,48.597775,49.224138,48.269681,49.154542,90723.138122,2572856
530,2021-07-21,49.025293,49.860343,48.548064,49.711309,44484.661578002,2572856
531,2021-07-22,49.76102,50.128884,49.413041,49.681482,45843.768754032,2572856
532,2021-07-23,49.770962,49.800789,49.008092,49.516043,49833.598379058,2572856
533,2021-07-26,49.413041,49.711309,48.269681,48.570335,81479.817408354,2572856
534,2021-07-27,48.637544,48.637544,47.106436,48.130489,93050.621588779,2572856
535,2021-07-28,48.279623,49.962052,48.214998,49.721251,183058.911093686,2572856
536,2021-07-29,50.128884,50.228306,49.512463,49.741135,106906.157510622,2572856
537,2021-07-30,49.572117,50.138826,49.572117,49.820673,42352.046440778,2572856
538,2021-08-02,50.178595,50.37744,49.780904,49.969807,120133.342492267,2572856
539,2021-08-03,50.268075,50.8149,49.691424,50.785371,31849.041168221,2572856
540,2021-08-04,50.834784,52.395719,50.834784,52.196874,43477.510466576,2572856
541,2021-08-05,52.4852,54.056077,52.017913,54.056077,67632.23529588,2572856
542,2021-08-06,54.135615,54.135615,52.698163,53.419772,54631.733881269,2572856
543,2021-08-09,53.777694,54.811689,53.598733,54.622786,60423.101328509,2572856
544,2021-08-10,54.732151,54.930996,53.002197,53.131447,56514.798249522,2572856
545,2021-08-11,53.260696,53.260696,51.411435,51.968202,70070.077867662,2572856
546,2021-08-12,52.336066,52.987284,52.117336,52.813294,47072.632301635,2572856
547,2021-08-13,53.161273,53.1911,52.296297,52.405661,45952.139406693,2572856
548,2021-08-16,52.147163,52.147163,50.382411,51.272244,49167.466844354,2572856
549,2021-08-17,50.695592,52.037798,50.417209,52.037798,41620.295978774,2572856
550,2021-08-18,52.246585,52.443542,51.560569,51.769357,38937.873768877,2572856
551,2021-08-19,51.262301,51.540685,50.516632,50.516632,64888.171063368,2572856
552,2021-08-20,50.387382,51.411435,50.07261,51.152937,43077.831545754,2572856
553,2021-08-23,52.057682,53.30643,52.017913,53.249859,70398.172504158,2572856
554,2021-08-24,53.330292,53.330292,52.515026,53.250754,53873.139312643,2572856
555,2021-08-25,53.210985,53.668329,52.992255,53.459541,45687.675245154,2572856
556,2021-08-26,53.370061,53.867174,52.853063,52.982313,38005.289620291,2572856
557,2021-08-27,53.151331,53.986481,52.783467,53.370061,35776.234544461,2572856
558,2021-08-30,53.698156,53.698156,52.990366,53.121504,41244.478486061,2572856
559,2021-08-31,53.380003,53.817463,53.131447,53.558964,41129.148250202,2572856
560,2021-09-01,53.867174,54.543248,53.747867,54.374229,66930.311619013,2572856
561,2021-09-02,54.781862,55.149726,54.433883,55.149726,84400.853899339,2572856
562,2021-09-03,54.99065,55.060245,54.443825,54.821631,46571.54231135,2572856
563,2021-09-07,54.871342,55.229264,54.392026,54.592959,48029.07787833,2572856
564,2021-09-08,54.513421,54.523363,53.419772,53.777694,36667.061193856,2572856
565,2021-09-09,53.877116,55.110056,53.877116,54.1555,81465.898241957,2572856
566,2021-09-10,54.811689,54.8614,54.41887,54.473652,33732.105536474,2572856
567,2021-09-13,54.732151,54.732151,53.046937,53.40983,66691.697337925,2572856
568,2021-09-14,53.449599,54.264864,53.079051,53.1911,38131.556344034,2572856
569,2021-09-15,53.658386,53.96431,53.210985,53.817463,63366.010795261,2572856
570,2021-09-16,53.847289,54.145557,53.171216,54.036192,75407.083954664,2572856
571,2021-09-17,54.11573,54.881285,53.403964,54.880986,43456.631716981,2572856
572,2021-09-20,53.926828,53.951683,52.733756,53.230869,75682.484604086,2572856
573,2021-09-21,53.747867,54.622786,53.747867,54.215153,42396.786618482,2572856
574,2021-09-22,54.453767,54.55319,53.946712,54.185326,51269.26097027,2572856
575,2021-09-23,54.374229,54.985678,54.266256,54.891227,48815.510779749,2572856
576,2021-09-24,54.493536,54.493536,53.161273,53.1911,60130.798834176,2572856
577,2021-09-27,52.992255,53.141389,52.206816,52.584622,57134.201154179,2572856
578,2021-09-28,51.948317,51.948317,50.576285,50.725419,61779.225826026,2572856
579,2021-09-29,51.152937,51.187635,50.02449,50.079172,37425.655762482,2572856
580,2021-09-30,50.665766,50.932914,50.358351,50.417209,45198.515968923,2572856
581,2021-10-01,49.830616,49.849605,48.200085,49.393156,86276.958684394,2572856
582,2021-10-04,48.876159,48.876159,47.643318,47.772568,84718.012047952,2572856
583,2021-10-05,48.080778,48.687256,47.971413,48.070835,70986.754397509,2572856
584,2021-10-06,47.583665,47.707943,47.041811,47.215801,39372.350605691,2572856
585,2021-10-07,47.414646,48.289565,47.056725,47.792452,51597.355606766,2572856
586,2021-10-08,47.792452,47.792452,46.678919,46.957302,72402.532465298,2572856
587,2021-10-11,47.016956,47.524011,46.659034,47.016856,69169.308956555,2572856
588,2021-10-12,47.354993,47.891875,47.354993,47.603549,40095.153032154,2572856
589,2021-10-13,47.514069,47.991596,47.514069,47.792452,39073.08852816,2572856
590,2021-10-14,48.279623,49.015251,48.269681,48.772958,77502.912723554,2572856
591,2021-10-15,49.055119,49.055119,48.30945,48.339276,48852.297148083,2572856
592,2021-10-18,48.110604,48.269681,47.991297,48.181095,49784.881296669,2572856
593,2021-10-19,48.388988,49.159513,48.388988,48.965639,40272.125290627,2572856
594,2021-10-20,49.293734,49.442867,48.915928,49.01535,47834.209548774,2572856
595,2021-10-21,49.124715,49.67154,49.124715,49.442867,47017.949862219,2572856
596,2021-10-22,49.373272,49.63177,48.548064,49.134657,87814.032345069,2572856
597,2021-10-25,49.174426,49.788063,48.915928,49.701366,64099.749709606,2572856
598,2021-10-26,49.860442,50.055907,49.463746,49.562175,46607.334453514,2572856
599,2021-10-27,49.63177,49.63177,48.766794,48.766794,60336.603651614,2572856
600,2021-10-28,48.856274,49.97975,48.597775,49.900212,45354.609477802,2572856
601,2021-10-29,49.800789,49.800789,49.274843,49.403098,106522.386208539,2572856
602,2021-11-01,49.63177,50.212995,49.194311,50.208422,63540.994601392,2572856
603,2021-11-02,50.307844,50.566343,49.701366,50.556401,44332.544973808,2572856
604,2021-11-03,50.625997,51.053514,50.168653,51.053514,47255.569917136,2572856
605,2021-11-04,50.642401,50.642401,49.840558,50.138826,74396.950164725,2572856
606,2021-11-05,49.204253,49.373272,48.1802,48.79662,109110.356932173,2572856
607,2021-11-08,49.214195,49.611886,49.124715,49.224138,54389.142695496,2572856
608,2021-11-09,49.293734,49.293734,48.329334,48.408872,56718.614614618,2572856
609,2021-11-10,48.418815,48.965639,47.56378,47.683087,47308.26390421,2572856
610,2021-11-11,47.732798,47.881932,47.474399,47.613491,46012.787203136,2572856
611,2021-11-12,47.971413,47.971413,47.322282,47.792452,38626.680977291,2572856
612,2021-11-15,48.031066,48.031066,47.4743,47.4743,75814.716684856,2572856
613,2021-11-16,47.514069,47.901817,47.156147,47.842163,79898.003569974,2572856
614,2021-11-17,47.941586,47.971413,47.414646,47.61886,40795.088256678,2572856
615,2021-11-18,47.96147,48.070835,47.25557,47.384819,47083.568789518,2572856
616,2021-11-19,47.4743,47.802394,47.265512,47.424588,35997.946980638,2572856
617,2021-11-22,47.56378,47.56378,46.693832,46.768399,86304.797017187,2572856
618,2021-11-23,46.559612,46.599381,45.306887,46.15357,58992.409868152,2572856
619,2021-11-24,45.843769,46.370709,45.346656,46.273772,52464.320828053,2572856
620,2021-11-26,46.977187,47.934428,46.758457,47.156147,53212.973134966,2572856
621,2021-11-29,47.663203,47.96147,46.993094,47.136263,54985.678398216,2572856
622,2021-11-30,46.81811,47.533953,46.20169,47.16609,85714.226671494,2572856
623,2021-12-01,47.335108,47.340079,45.406309,45.515674,126169.289577622,2572856
624,2021-12-02,45.644924,46.120164,45.14781,45.774173,68410.71438793,2572856
625,2021-12-03,46.311055,46.311055,43.845374,44.163527,112502.656628307,2572856
626,2021-12-06,43.666413,43.845374,42.204901,42.980397,107779.088088936,2572856
627,2021-12-07,43.467568,45.565385,43.467568,45.36654,137016.297105414,2572856
628,2021-12-08,45.595212,46.142037,44.779947,45.963076,65958.95264975,2572856
629,2021-12-09,46.181806,46.181806,44.789889,44.809774,61769.283564314,2572856
630,2021-12-10,44.591044,44.829658,44.074046,44.143642,96204.307003826,2572856
631,2021-12-13,44.11,44.78,43.789,44.42,74488.0,2572856
632,2021-12-14,43.96,44.42,43.4,44.1,206995.0,2572856
633,2021-12-15,44.12,45.59,43.8344,45.54,118619.0,2572856
634,2021-12-16,45.8,46.13,44.52,44.77,111064.0,2572856
635,2021-12-17,44.48,46.17,44.0,46.09,103597.0,2572856
636,2021-12-20,46.21,46.31,45.3533,45.69,140272.0,2572856
637,2021-12-21,45.57,45.672,44.9,45.56,107615.0,2572856
638,2021-12-22,45.38,45.63,44.83,45.4159,64489.0,2572856
639,2021-12-23,45.5,45.7049,44.8481,45.54,77508.0,2572856
640,2021-12-27,45.53,45.53,44.4,44.57,134924.0,2572856
641,2021-12-28,44.57,45.22,43.92,43.99,129578.0,2572856
642,2021-12-29,43.78,44.07,43.5006,43.97,113591.0,2572856
643,2021-12-30,44.0,44.9599,44.0,44.41,160982.0,2572856
644,2021-12-31,44.13,44.805,43.78,43.81,71644.0,2572856
182,2018-12-31,16.44439,16.44439,16.44439,16.44439,42.236098902,2573042
183,2019-01-02,16.33514,16.33514,16.33514,16.33514,86.349357755,2573042
184,2019-01-03,16.218662,16.218662,15.927514,15.927514,469.2899878,2573042
185,2019-01-04,16.458,16.584708,16.458,16.584708,938.5799756,2573042
186,2019-01-07,16.584708,16.584708,16.584708,16.584708,276.881092802,2573042
187,2019-01-10,17.127207,17.127207,17.127207,17.127207,0.938579976,2573042
188,2019-01-16,17.044612,17.180706,17.044612,17.177515,460.84276802,2573042
189,2019-01-18,17.476359,17.513902,17.316801,17.316801,1029.622233233,2573042
190,2019-01-22,17.138564,17.27907,17.138564,17.27907,3755.258482376,2573042
191,2019-01-24,17.726772,17.726772,17.726772,17.726772,0.938579976,2573042
192,2019-01-28,17.822226,17.822226,17.822226,17.822226,7.508639805,2573042
193,2019-01-31,18.180294,18.426671,18.180294,18.426671,281.57399268,2573042
194,2019-02-04,18.591017,18.591017,18.591017,18.591017,187.71599512,2573042
195,2019-02-05,18.719978,18.846686,18.719978,18.846686,469.2899878,2573042
196,2019-02-11,18.476135,18.476135,18.476135,18.476135,17.833019536,2573042
197,2019-02-12,18.630813,18.630813,18.630813,18.630813,93.85799756,2573042
198,2019-02-14,18.725609,18.881601,18.725609,18.881601,180.207355315,2573042
199,2019-02-22,19.259661,19.297204,19.259661,19.278433,1229.539768036,2573042
200,2019-02-25,19.653865,19.710179,19.578872,19.578872,1487.649261326,2573042
201,2019-02-28,18.959316,18.959316,18.871652,18.871652,616.647043969,2573042
202,2019-03-01,19.081331,19.081331,19.081331,19.081331,80.717877902,2573042
203,2019-03-04,19.164395,19.20513,19.164395,19.20513,173.637295486,2573042
204,2019-03-05,19.618668,19.618668,19.618668,19.618668,4.692899878,2573042
205,2019-03-07,18.884229,18.884229,18.884229,18.884229,252.478013436,2573042
206,2019-03-08,18.508797,18.508797,18.372609,18.372609,290.959792436,2573042
207,2019-03-11,18.724671,18.780985,18.565112,18.677742,104388.864886232,2573042
208,2019-03-12,18.86649,18.86649,18.86649,18.86649,50.683318682,2573042
209,2019-03-13,18.838614,18.838614,18.838614,18.838614,1.877159951,2573042
210,2019-03-19,19.053174,19.193961,19.053174,19.090717,1445.413162424,2573042
211,2019-03-22,18.501758,18.501758,18.501758,18.501758,46.92899878,2573042
212,2019-03-25,18.630813,18.630813,18.507389,18.507389,244.030793656,2573042
213,2019-03-27,18.573371,18.573371,18.573371,18.573371,84.472197804,2573042
214,2019-03-28,18.71735,18.71735,18.71735,18.71735,9.385799756,2573042
215,2019-03-29,18.987097,19.004837,18.987097,19.004837,559.393665458,2573042
216,2019-04-01,19.245301,19.245301,19.245301,19.245301,0.938579976,2573042
217,2019-04-02,19.163269,19.163269,19.163269,19.163269,0.938579976,2573042
218,2019-04-03,19.352393,19.352393,19.110427,19.295609,1651.900757056,2573042
219,2019-04-04,19.407018,19.407018,19.407018,19.407018,51.621898658,2573042
220,2019-04-08,19.388247,19.388247,19.388247,19.388247,20.648759463,2573042
221,2019-04-09,19.475534,19.475534,19.440901,19.440901,187.71599512,2573042
222,2019-04-10,19.409834,19.409834,19.409834,19.409834,1.877159951,2573042
223,2019-04-11,19.212732,19.212732,18.983719,18.983719,395.142169728,2573042
224,2019-04-12,19.100103,19.18786,19.100103,19.18786,95.735157511,2573042
225,2019-04-15,18.997516,19.06331,18.997516,19.06331,239.337893778,2573042
226,2019-04-17,19.329398,19.329398,19.329398,19.329398,4.692899878,2573042
227,2019-04-22,18.999956,18.999956,18.999956,18.999956,6.570059829,2573042
228,2019-04-23,18.88132,18.88132,18.88132,18.88132,0.938579976,2573042
229,2019-04-24,18.744662,18.744662,18.744662,18.744662,65.700598292,2573042
230,2019-04-29,18.452482,18.574498,18.452482,18.48064,469.2899878,2573042
231,2019-04-30,18.677742,18.677742,18.677742,18.677742,234.6449939,2573042
232,2019-05-01,18.734056,18.762214,18.687127,18.687127,1314.01196584,2573042
233,2019-05-02,18.508797,18.508797,18.508797,18.508797,187.71599512,2573042
234,2019-05-03,18.705899,18.865458,18.705899,18.799757,2909.59792436,2573042
235,2019-05-06,18.095822,18.199066,18.095822,18.170908,1266.144387084,2573042
236,2019-05-07,17.485745,17.75615,17.194785,17.711004,638.234383408,2573042
237,2019-05-08,17.613204,17.613204,17.504517,17.544969,470.228567776,2573042
238,2019-05-09,17.222943,17.316801,17.222943,17.316801,646.681603188,2573042
239,2019-05-10,17.435155,17.576318,17.435155,17.576318,561.270825409,2573042
240,2019-05-13,17.078589,17.078589,16.982666,16.982666,249.66227351,2573042
241,2019-05-14,17.215809,17.215809,17.215809,17.215809,287.205472534,2573042
242,2019-05-15,17.419857,17.419857,17.419857,17.419857,23.46449939,2573042
243,2019-05-16,17.548724,17.548724,17.523288,17.523288,149.23421612,2573042
244,2019-05-20,16.755717,16.755717,16.755717,16.755717,46.92899878,2573042
245,2019-05-21,17.07277,17.07277,17.07277,17.07277,122.015396828,2573042
246,2019-05-22,17.07277,17.07277,17.07277,17.07277,93.85799756,2573042
247,2019-05-23,16.847511,16.847511,16.847511,16.847511,131.401196584,2573042
248,2019-05-24,16.800582,16.819353,16.800582,16.819353,540.622065946,2573042
249,2019-05-28,17.151141,17.151141,17.151141,17.151141,26.280239317,2573042
250,2019-05-30,17.205485,17.263865,17.205485,17.263865,124.831136755,2573042
251,2019-05-31,17.256262,17.256262,17.256262,17.256262,26.280239317,2573042
252,2019-06-03,17.2511,17.391136,17.2511,17.391136,103.243797316,2573042
253,2019-06-04,17.331067,17.331067,17.255511,17.255511,148.295636145,2573042
254,2019-06-05,17.2511,17.2511,17.2511,17.2511,290.959792436,2573042
255,2019-06-06,17.185399,17.185399,17.145322,17.145322,301.284172168,2573042
256,2019-06-07,17.275315,17.275315,17.275315,17.275315,29.095979244,2573042
257,2019-06-11,17.577256,17.577256,17.577256,17.577256,2.815739927,2573042
258,2019-06-12,17.218437,17.218437,17.218437,17.218437,0.938579976,2573042
259,2019-06-14,17.082343,17.220502,17.082343,17.220502,234.6449939,2573042
260,2019-06-21,17.556138,17.556138,17.546753,17.546847,2423.413496999,2573042
261,2019-06-24,17.420044,17.56468,17.420044,17.56468,544.376385848,2573042
262,2019-06-27,17.513808,17.513808,17.513808,17.513808,1.877159951,2573042
263,2019-07-01,17.871126,17.871126,17.871126,17.871126,18.771599512,2573042
264,2019-07-03,17.964515,18.112059,17.964515,18.112059,187.71599512,2573042
265,2019-07-05,17.701618,17.838651,17.701618,17.838651,1407.8699634,2573042
266,2019-07-08,17.701618,17.750049,17.682847,17.750049,469.2899878,2573042
267,2019-07-09,17.735689,17.735689,17.735689,17.735689,23.46449939,2573042
268,2019-07-10,17.795476,17.795476,17.795476,17.795476,207.426174608,2573042
269,2019-07-11,17.583545,17.583545,17.583545,17.583545,49.744738707,2573042
270,2019-07-12,17.588989,17.588989,17.588989,17.588989,187.71599512,2573042
271,2019-07-15,17.617897,17.617897,17.617897,17.617897,49.744738707,2573042
272,2019-07-16,17.814248,17.814248,17.712318,17.712318,124.831136755,2573042
273,2019-07-18,17.687258,17.687258,17.687258,17.687258,1.877159951,2573042
274,2019-07-22,17.552666,17.645304,17.552666,17.566087,1093.445671574,2573042
275,2019-07-23,17.513902,17.572094,17.495131,17.572094,750.86398048,2573042
276,2019-07-26,17.42943,17.481052,17.42943,17.481052,1528.946780252,2573042
277,2019-07-31,16.978912,17.100927,16.978912,17.100927,563.14798536,2573042
278,2019-08-01,16.873885,16.873885,16.809967,16.809967,1131.927450574,2573042
279,2019-08-05,16.434535,16.434535,15.918035,15.918035,734.908120895,2573042
280,2019-08-07,16.068489,16.107065,16.068489,16.107065,465.535667898,2573042
281,2019-08-08,16.350063,16.519008,16.350063,16.519008,2064.87594632,2573042
282,2019-08-14,15.786821,15.786821,15.639652,15.639652,187.71599512,2573042
283,2019-08-15,15.749372,15.758476,15.74252,15.758476,187.71599512,2573042
284,2019-08-16,15.901422,15.901422,15.901422,15.901422,9.385799756,2573042
285,2019-08-21,16.382913,16.392769,16.382913,16.392769,187.71599512,2573042
286,2019-08-30,16.181213,16.184404,16.181213,16.184404,469.2899878,2573042
287,2019-09-04,16.458188,16.464194,16.458188,16.464194,622.278523823,2573042
288,2019-09-06,16.884397,16.884397,16.866282,16.866282,448.641228337,2573042
289,2019-09-09,16.89444,17.007069,16.89444,17.007069,893.528136771,2573042
290,2019-09-10,17.07277,17.07277,17.044518,17.044518,145.479896218,2573042
291,2019-09-11,17.121951,17.121951,17.121951,17.121951,51.621898658,2573042
292,2019-09-12,17.401273,17.401273,17.26837,17.26837,891.65097682,2573042
293,2019-09-13,17.393389,17.393389,17.393389,17.393389,1.877159951,2573042
294,2019-09-16,17.254197,17.254197,17.254197,17.254197,46.92899878,2573042
295,2019-09-17,17.113035,17.197601,17.113035,17.197601,335.073051289,2573042
296,2019-09-19,17.162592,17.162592,17.162592,17.162592,0.938579976,2573042
297,2019-09-20,17.083094,17.083094,17.083094,17.083094,79.779297926,2573042
298,2019-09-23,17.016455,17.016455,16.893407,16.893407,93.85799756,2573042
299,2019-09-24,16.547165,16.547165,16.547165,16.547165,113.568177048,2573042
300,2019-09-25,16.415764,16.415764,16.415764,16.415764,93.85799756,2573042
301,2019-09-27,15.965245,16.068489,15.965245,16.068489,470.228567776,2573042
302,2019-09-30,16.20571,16.20571,16.20571,16.20571,0.938579976,2573042
303,2019-10-01,15.972754,15.972754,15.972754,15.972754,0.938579976,2573042
304,2019-10-03,16.325754,16.325754,16.325754,16.325754,14.078699634,2573042
305,2019-10-04,16.462693,16.505867,16.462693,16.505867,93.85799756,2573042
306,2019-10-07,16.308015,16.308015,16.308015,16.308015,0.938579976,2573042
307,2019-10-10,16.331292,16.453307,16.331292,16.415482,329.441571436,2573042
308,2019-10-15,16.265591,16.459502,16.265591,16.459502,258.10949329,2573042
309,2019-10-18,16.443921,16.443921,16.281265,16.281265,469.2899878,2573042
310,2019-10-22,16.422146,16.422146,16.343024,16.343024,248.723693534,2573042
311,2019-10-23,16.31252,16.31252,16.31252,16.31252,55.37621856,2573042
312,2019-10-25,16.46288,16.46288,16.46288,16.46288,80.717877902,2573042
313,2019-10-28,16.481464,16.485406,16.481464,16.485406,375.43199024,2573042
314,2019-10-29,16.462317,16.462317,16.451524,16.451524,132.33977656,2573042
315,2019-10-31,16.303134,16.339457,16.303134,16.339457,567.840885238,2573042
316,2019-11-01,16.612866,16.753653,16.581235,16.581235,737.723860822,2573042
317,2019-11-04,16.800582,16.800582,16.800582,16.800582,9.385799756,2573042
318,2019-11-05,17.046396,17.046396,17.046396,17.046396,24.403079366,2573042
319,2019-11-06,17.013639,17.013639,16.9852,16.9852,469.2899878,2573042
320,2019-11-08,16.988298,16.988298,16.988298,16.988298,187.71599512,2573042
321,2019-11-11,16.756562,16.756562,16.756562,16.756562,12.201539683,2573042
322,2019-11-14,16.565937,16.5772,16.565937,16.565937,717.075101358,2573042
323,2019-11-18,16.387606,16.387606,16.387606,16.387606,282.512572656,2573042
324,2019-11-20,16.400653,16.400653,16.400653,16.400653,60.069118438,2573042
325,2019-11-22,16.378221,16.412009,16.378221,16.412009,81260.377127497,2573042
326,2019-11-25,16.678566,16.678566,16.678566,16.678566,262.802393168,2573042
327,2019-11-26,16.725495,16.809967,16.706724,16.809967,788.407179504,2573042
328,2019-11-27,16.734881,16.768013,16.734881,16.768013,93.85799756,2573042
329,2019-12-02,16.620468,16.620468,16.570629,16.570629,985.50897438,2573042
330,2019-12-04,16.809123,16.809123,16.809123,16.809123,0.938579976,2573042
331,2019-12-06,16.936113,16.936113,16.936113,16.936113,25.341659341,2573042
332,2019-12-09,16.847511,16.941275,16.847511,16.941275,122.015396828,2573042
333,2019-12-11,17.091541,17.091541,17.091541,17.091541,232.767833949,2573042
334,2019-12-12,17.07277,17.260486,17.07277,17.260486,314.424291826,2573042
335,2019-12-13,17.053998,17.166628,17.053998,17.166628,417.668089142,2573042
336,2019-12-16,17.571156,17.571156,17.520003,17.560831,519.973306482,2573042
337,2019-12-17,17.795476,17.795476,17.795476,17.795476,187.71599512,2573042
338,2019-12-18,17.654689,17.654689,17.654689,17.654689,614.769884018,2573042
339,2019-12-19,17.570217,17.570217,17.570217,17.570217,239.337893778,2573042
340,2019-12-20,17.551446,17.645304,17.551446,17.645304,287.205472534,2573042
341,2019-12-23,17.471666,17.570217,17.471666,17.570217,436.439688654,2573042
342,2019-12-24,17.654689,17.654689,17.654689,17.654689,281.57399268,2573042
343,2019-12-26,17.729776,17.804862,17.690825,17.804862,8350.546042913,2573042
344,2019-12-27,17.723315,17.723315,17.723315,17.723315,200.134062353,2573042
345,2019-12-30,18.20523,18.20523,18.20523,18.20523,24.892296313,2573042
346,2019-12-31,18.509912,18.509912,18.438023,18.438023,297.711863898,2573042
347,2020-01-02,18.73902,18.888274,18.73902,18.888274,472.953629938,2573042
348,2020-01-03,18.788705,18.788705,18.619836,18.619836,264.854032765,2573042
349,2020-01-06,18.669222,18.669222,18.669222,18.669222,298.70755575,2573042
350,2020-01-07,18.707258,18.707258,18.57722,18.57722,1868.913607143,2573042
351,2020-01-08,18.57961,18.728366,18.57961,18.67201,199.1383705,2573042
352,2020-01-09,18.923124,18.923124,18.888274,18.888274,718.889517505,2573042
353,2020-01-10,18.888274,18.888274,18.888274,18.888274,262.86264906,2573042
354,2020-01-13,19.48569,19.48569,19.48569,19.48569,350.48353208,2573042
355,2020-01-14,19.266637,19.491166,19.266637,19.491166,4133.116879728,2573042
356,2020-01-15,19.697175,19.697175,19.697175,19.697175,59.74151115,2573042
357,2020-01-16,19.883966,19.883966,19.805307,19.817852,278.7937187,2573042
358,2020-01-17,20.152803,20.152803,20.094157,20.142846,1222.70959487,2573042
359,2020-01-21,19.664914,19.800229,19.664914,19.702053,1180.890537065,2573042
360,2020-01-22,19.93166,19.933751,19.791765,19.791765,494.858850693,2573042
361,2020-01-23,19.306465,19.369592,19.306465,19.35625,543.647751465,2573042
362,2020-01-24,19.704742,19.704742,19.216853,19.216853,559.578821105,2573042
363,2020-01-27,17.922453,18.453954,17.922453,18.221161,1906.749897538,2573042
364,2020-01-28,18.101678,18.400286,18.101678,18.340644,1326.26154753,2573042
365,2020-01-29,18.50095,18.50095,18.50095,18.50095,6.969842968,2573042
366,2020-01-30,18.250235,18.250235,18.250235,18.250235,8.961226673,2573042
367,2020-01-31,17.723315,17.723315,17.723315,17.723315,165.284847515,2573042
368,2020-02-03,17.972238,17.972238,17.972238,17.972238,306.67309057,2573042
369,2020-02-04,19.12724,19.326379,19.09737,19.09737,1697.654608513,2573042
370,2020-02-05,19.51556,19.51556,19.35625,19.35625,1133.097328145,2573042
371,2020-02-06,19.354756,19.354756,19.206896,19.206896,2186.53930809,2573042
372,2020-02-07,18.987844,18.987844,18.987844,18.987844,303.686015013,2573042
373,2020-02-10,19.510582,19.510582,19.435905,19.435905,399.272432853,2573042
374,2020-02-11,19.764483,19.764483,19.625086,19.625086,647.199704125,2573042
375,2020-02-12,20.152803,20.157782,20.103019,20.103019,995.6918525,2573042
376,2020-02-13,19.814268,19.814268,19.724656,19.724656,723.867976768,2573042
377,2020-02-14,19.712209,19.712209,19.545431,19.545431,1127.12317703,2573042
378,2020-02-18,19.625086,19.664317,19.625086,19.645,1204.787141525,2573042
379,2020-02-19,19.90388,19.945201,19.90388,19.923794,625.29448337,2573042
380,2020-02-20,20.286226,20.317092,20.083105,20.083105,1793.241026353,2573042
381,2020-02-21,20.252372,20.272286,20.229073,20.229073,331.565386883,2573042
382,2020-02-24,19.35625,19.35625,19.347089,19.347089,160.306388253,2573042
383,2020-02-25,20.351941,20.351941,19.615129,19.615129,660.143698208,2573042
384,2020-02-26,19.804311,20.053234,19.804311,19.844139,1382.02029127,2573042
385,2020-02-27,19.340418,19.515262,19.340418,19.411112,1676.74507961,2573042
386,2020-02-28,18.808619,19.177025,18.808619,19.177025,1093.269654045,2573042
387,2020-03-02,19.46707,19.46707,19.46707,19.46707,4.978459263,2573042
388,2020-03-03,19.490668,19.490668,19.430429,19.430429,583.475425565,2573042
389,2020-03-04,19.650377,19.650377,19.595216,19.595216,498.841618103,2573042
390,2020-03-05,19.529301,19.529301,19.326379,19.326379,799.540557558,2573042
391,2020-03-06,19.082434,19.082434,19.035537,19.035537,173.250382335,2573042
392,2020-03-09,18.143298,18.143298,18.143298,18.143298,33.853522985,2573042
393,2020-03-10,18.499955,18.603208,18.499955,18.603208,368.405985425,2573042
394,2020-03-11,18.204035,18.204035,18.204035,18.204035,79.6553482,2573042
395,2020-03-12,17.135857,17.135857,17.083683,17.083683,685.03599452,2573042
396,2020-03-13,16.926761,17.595269,16.891912,17.595269,2096.927041365,2573042
397,2020-03-16,15.8315,15.892835,15.8315,15.892835,170.263306778,2573042
398,2020-03-17,16.184971,16.184971,16.184971,16.184971,79.6553482,2573042
399,2020-03-18,15.074775,15.225423,15.005076,15.225423,724.86366862,2573042
400,2020-03-19,14.985162,15.378461,14.935378,15.378461,468.970862528,2573042
401,2020-03-20,15.154828,15.154828,15.154828,15.154828,149.353777875,2573042
402,2020-03-23,15.114602,15.114602,14.362855,14.737434,378.36290395,2573042
403,2020-03-24,15.562664,15.562664,15.562664,15.562664,18.918145198,2573042
404,2020-03-25,16.558256,16.558256,16.145542,16.145542,353.470607638,2573042
405,2020-03-26,16.140165,16.300173,16.140165,16.300173,566.548664073,2573042
406,2020-03-27,16.050553,16.050553,16.011123,16.011123,237.970352748,2573042
407,2020-03-30,16.290216,16.290216,16.290216,16.290216,12.943994083,2573042
408,2020-03-31,16.355533,16.54342,16.355533,16.54342,1214.74406005,2573042
409,2020-04-01,16.104718,16.104718,16.104718,16.104718,142.383934908,2573042
410,2020-04-02,16.09048,16.44186,16.09048,16.44186,1221.713903018,2573042
411,2020-04-03,16.370468,16.370468,16.370468,16.370468,112.513179333,2573042
412,2020-04-07,16.793936,16.886934,16.735887,16.735887,1039.50229401,2573042
413,2020-04-08,16.85776,16.85776,16.85776,16.85776,12.943994083,2573042
414,2020-04-09,16.638708,16.638708,16.638708,16.638708,41.819057805,2573042
415,2020-04-13,16.678635,16.678635,16.678635,16.678635,8.961226673,2573042
416,2020-04-14,17.25534,17.25534,17.168117,17.168117,153.336545285,2573042
417,2020-04-15,16.889323,16.889323,16.889323,16.889323,40.823365953,2573042
418,2020-04-16,17.107081,17.107081,17.107081,17.107081,51.77597633,2573042
419,2020-04-17,17.596066,17.596066,17.596066,17.596066,90.607958578,2573042
420,2020-04-20,17.056201,17.316575,17.026331,17.316575,657.15662265,2573042
421,2020-04-21,16.488657,16.796027,16.488657,16.796027,500.833001808,2573042
422,2020-04-22,17.178472,17.178472,17.178472,17.178472,3.98276741,2573042
423,2020-04-24,17.389758,17.389758,16.697752,17.052816,512.781304038,2573042
424,2020-04-27,17.339077,17.339077,17.339077,17.339077,1.991383705,2573042
425,2020-04-28,17.427594,17.427594,17.427594,17.427594,49.784592625,2573042
426,2020-04-29,17.763143,18.076288,17.763143,18.076288,99.56918525,2573042
427,2020-04-30,17.497691,17.497691,17.497691,17.497691,57.750127445,2573042
428,2020-05-01,16.884942,16.884942,16.884942,16.884942,65.715662265,2573042
429,2020-05-04,15.721974,16.815642,15.721974,16.815642,1136.084403703,2573042
430,2020-05-05,17.161446,17.161446,17.161446,17.161446,14.935377788,2573042
431,2020-05-06,17.509739,17.509739,17.509739,17.509739,0.995691853,2573042
432,2020-05-07,17.675123,17.675123,17.675123,17.675123,193.164219385,2573042
433,2020-05-08,18.360558,18.395407,17.907518,17.912198,1570.206051393,2573042
434,2020-05-11,17.80297,17.80297,17.80297,17.80297,398.276741,2573042
435,2020-05-12,17.80297,17.862712,17.73835,17.73835,258.87988165,2573042
436,2020-05-13,17.653617,17.653617,17.653617,17.653617,134.418400088,2573042
437,2020-05-14,17.58352,17.58352,17.58352,17.58352,15.93106964,2573042
438,2020-05-15,17.487635,17.487635,17.487635,17.487635,100.564877103,2573042
439,2020-05-18,18.085548,18.085548,18.085548,18.085548,0.995691853,2573042
440,2020-05-19,18.19129,18.19129,18.19129,18.19129,354.46629949,2573042
441,2020-05-20,18.319037,18.319037,18.319037,18.319037,0.995691853,2573042
442,2020-05-21,17.937389,17.937389,17.823382,17.823382,536.677908498,2573042
443,2020-05-22,17.454478,17.454478,17.434564,17.454478,833.394080543,2573042
444,2020-05-26,17.812927,17.812927,17.7961,17.7961,134.418400088,2573042
445,2020-05-27,17.685479,17.685479,17.685479,17.685479,215.06944014,2573042
446,2020-05-28,17.679704,17.679704,17.679704,17.679704,202.125446058,2573042
447,2020-05-29,17.668054,17.838317,17.668054,17.838317,202.125446058,2573042
448,2020-06-01,18.156441,18.349506,18.156441,18.349506,263.858340913,2573042
449,2020-06-02,19.017615,19.027671,19.017615,19.027671,347.496456523,2573042
450,2020-06-03,19.518747,19.518747,19.518747,19.518747,99.56918525,2573042
451,2020-06-04,19.664914,19.774341,19.615229,19.750245,1305.352018628,2573042
452,2020-06-05,19.824225,19.878689,19.824225,19.878689,540.660675908,2573042
453,2020-06-08,19.854096,20.142846,19.754526,20.142846,2581.828973533,2573042
454,2020-06-09,20.172717,20.411683,20.172717,20.411683,691.010145635,2573042
455,2020-06-10,20.212545,20.212545,20.174808,20.174808,209.095289025,2573042
456,2020-06-11,19.869031,19.869031,19.719677,19.734613,915.040812448,2573042
457,2020-06-12,20.013406,20.013406,20.013406,20.013406,424.164729165,2573042
458,2020-06-15,20.03332,20.218021,20.03332,20.218021,497.84592625,2573042
459,2020-06-16,20.406605,20.451511,20.406605,20.451511,593.43234409,2573042
460,2020-06-17,20.41467,20.41467,20.333023,20.333023,180.220225303,2573042
461,2020-06-18,20.710391,20.80996,20.710391,20.80996,497.84592625,2573042
462,2020-06-19,20.973452,20.973452,20.973452,20.973452,92.599342283,2573042
463,2020-06-22,21.118624,21.118624,20.984803,20.984803,686.031686373,2573042
464,2020-06-23,21.138538,21.138538,21.138538,21.138538,419.186269903,2573042
465,2020-06-24,20.700434,20.700434,20.634818,20.634818,152.340853433,2573042
466,2020-06-25,20.725326,20.791042,20.725326,20.791042,602.393570763,2573042
467,2020-06-26,20.610921,20.778695,20.610921,20.778695,543.647751465,2573042
468,2020-06-29,21.238107,21.238107,21.238107,21.238107,206.108213468,2573042
469,2020-06-30,21.148495,21.347633,21.148495,21.317763,2052.120908003,2573042
470,2020-07-01,21.361573,21.361573,21.361573,21.361573,11.94830223,2573042
471,2020-07-02,22.253713,22.403067,22.253713,22.403067,1096.256729603,2573042
472,2020-07-06,25.071521,25.250745,25.071521,25.250745,829.411313133,2573042
473,2020-07-07,25.230832,25.632195,25.101292,25.632195,2563.906520188,2573042
474,2020-07-08,26.545643,26.953378,26.067213,26.160907,10734.553861803,2573042
475,2020-07-09,26.88368,27.01312,26.146868,26.959552,7433.835370765,2573042
476,2020-07-10,27.501009,27.550794,27.102732,27.361612,9794.620753043,2573042
477,2020-07-13,28.088467,28.825279,26.973292,27.018397,15387.421888535,2573042
478,2020-07-14,26.734326,27.391383,26.644714,27.217237,8766.07106941,2573042
479,2020-07-15,26.853809,26.853809,26.286265,26.525231,1344.184000875,2573042
480,2020-07-16,25.200961,25.200961,24.374537,25.151176,5655.5297222,2573042
481,2020-07-17,24.942081,24.962791,24.942081,24.962791,1351.153843843,2573042
482,2020-07-20,25.141219,26.136911,25.141219,26.08165,3593.451895673,2573042
483,2020-07-21,26.385834,26.502031,26.116997,26.502031,642.221244863,2573042
484,2020-07-22,25.997514,25.997514,24.932124,25.548955,5677.434942955,2573042
485,2020-07-23,25.738634,26.037342,25.569367,25.809229,6158.354107713,2573042
486,2020-07-24,25.121305,25.191004,24.892296,25.161133,1044.480753273,2573042
487,2020-07-27,24.892296,24.932124,24.892296,24.932124,1548.300830638,2573042
488,2020-07-28,24.872382,25.073014,24.857447,25.073014,3603.408814198,2573042
489,2020-07-29,25.73724,25.73724,25.73724,25.73724,61.732894855,2573042
490,2020-07-30,25.788419,25.887988,25.788419,25.887988,518.755455153,2573042
491,2020-07-31,25.907902,26.291243,25.907902,26.089417,500.833001808,2573042
492,2020-08-03,26.903594,27.232172,26.584972,27.007644,28012.794578235,2573042
493,2020-08-04,27.341698,27.341698,27.122347,27.122347,1147.03701408,2573042
494,2020-08-05,27.361612,27.680233,27.361612,27.580664,3402.279059993,2573042
495,2020-08-06,27.516741,27.670277,27.176413,27.479203,2666.462780995,2573042
496,2020-08-07,27.192444,27.359621,27.192344,27.192344,1652.84847515,2573042
497,2020-08-10,26.973292,27.132603,26.943422,27.132603,2085.974430988,2573042
498,2020-08-11,26.794068,26.907875,26.684542,26.723473,3687.046929808,2573042
499,2020-08-12,26.75424,26.893637,26.75424,26.893637,758.717191605,2573042
500,2020-08-13,26.714412,26.933365,26.714412,26.933365,469.96655438,2573042
501,2020-08-14,26.692706,26.692706,26.692706,26.692706,120.478714153,2573042
502,2020-08-17,27.381327,27.570707,27.332339,27.332339,1031.53675919,2573042
503,2020-08-18,27.187366,27.187366,26.905585,27.187266,1192.838839295,2573042
504,2020-08-19,27.182388,27.182388,26.807012,26.807012,1025.562608075,2573042
505,2020-08-20,26.604886,26.776344,26.475446,26.776344,867.247603528,2573042
506,2020-08-21,26.784111,26.917932,26.604986,26.908771,976.773707303,2573042
507,2020-08-24,27.620492,27.690091,27.376547,27.431311,4224.720530158,2573042
508,2020-08-25,27.879372,28.074428,27.784781,28.074428,4587.152364468,2573042
509,2020-08-26,28.586313,28.825279,28.389564,28.764442,3221.063142838,2573042
510,2020-08-27,28.705796,28.894978,28.357304,28.606227,6049.82369579,2573042
511,2020-08-28,28.924848,28.954719,28.66099,28.889003,2350.828463753,2573042
512,2020-08-31,28.098424,28.098424,27.911035,28.076419,3627.305418658,2573042
513,2020-09-01,28.675925,28.924848,28.675925,28.825279,1480.593784668,2573042
514,2020-09-02,28.745624,28.745624,28.312199,28.556442,11617.73253497,2573042
515,2020-09-03,27.739975,28.188036,27.739975,28.077813,3346.520316253,2573042
516,2020-09-04,27.978941,27.978941,27.122646,27.787569,2094.93565766,2573042
517,2020-09-08,27.291914,27.585742,27.212258,27.212258,595.423727795,2573042
518,2020-09-09,27.520923,27.600578,27.203297,27.426432,11199.54195692,2573042
519,2020-09-10,27.670277,27.670277,26.963335,27.045082,23160.788181003,2573042
520,2020-09-11,27.580664,28.148209,27.580664,27.822817,2910.407284858,2573042
521,2020-09-14,28.33739,28.40211,28.133273,28.133273,12973.864838075,2573042
522,2020-09-15,28.974633,29.641647,28.974633,29.421798,9933.02192054,2573042
523,2020-09-16,29.761229,29.900626,29.512307,29.512307,16425.928490693,2573042
524,2020-09-17,29.806036,30.119679,29.806036,29.94145,36231.23512877,2573042
525,2020-09-18,30.239162,30.277994,30.045002,30.129635,15351.576981845,2573042
526,2020-09-21,30.866447,30.866447,28.880042,29.52316,4292.427576128,2573042
527,2020-09-22,29.542177,29.577026,29.255916,29.572048,5053.136151438,2573042
528,2020-09-23,29.820971,29.820971,29.482436,29.482436,6166.319642533,2573042
529,2020-09-24,28.904934,29.293254,28.85515,29.034374,6547.66962204,2573042
530,2020-09-25,28.347347,28.700818,27.904264,28.576356,10303.41928967,2573042
531,2020-09-28,29.133944,29.761229,29.133944,29.550342,8259.263916488,2573042
532,2020-09-29,29.860799,30.189377,29.721402,30.065214,4289.44050057,2573042
533,2020-09-30,31.065586,31.253772,30.911751,31.01849,10426.88507938,2573042
534,2020-10-01,31.672958,31.672958,31.284638,31.505084,5473.318113193,2573042
535,2020-10-02,31.284638,31.901967,31.284638,31.347068,8426.540147708,2573042
536,2020-10-05,31.682915,31.852182,31.344579,31.709998,7782.32751914,2573042
537,2020-10-06,32.330114,32.330114,31.862139,31.89201,21333.693631665,2573042
538,2020-10-07,32.260416,33.485117,32.051321,32.510932,30304.87722269,2573042
539,2020-10-08,33.017142,33.385548,32.997228,33.196366,26362.933178643,2573042
540,2020-10-09,32.867788,33.943135,32.658693,33.213691,14669.528062883,2573042
541,2020-10-12,34.202015,34.202015,33.106754,33.106754,17622.750097398,2573042
542,2020-10-13,32.9574,33.156539,32.837917,33.047013,8690.39848862,2573042
543,2020-10-14,33.644428,34.231886,33.644428,34.002877,11196.554881363,2573042
544,2020-10-15,34.002877,34.211972,33.808816,34.102446,26860.779104893,2573042
545,2020-10-16,33.833609,33.833609,33.395505,33.425375,23290.228121828,2573042
546,2020-10-19,33.953092,33.953092,33.34582,33.495074,25360.271483175,2573042
547,2020-10-20,34.062618,34.590335,33.953192,34.392889,49962.821466598,2573042
548,2020-10-21,34.12236,34.12236,33.495074,33.495074,30773.848085218,2573042
549,2020-10-22,33.773868,33.853523,32.9575,33.395106,39810.747338508,2573042
550,2020-10-23,32.9574,33.285979,32.638779,32.917573,20581.946283028,2573042
551,2020-10-26,32.877745,32.967357,32.420225,32.688564,27347.672420765,2573042
552,2020-10-27,32.758262,32.987271,32.703499,32.889096,10573.251781698,2573042
553,2020-10-28,32.758262,32.758262,32.155868,32.489425,26780.12806484,2573042
554,2020-10-29,33.485117,33.99292,33.465203,33.843566,42159.584418555,2573042
555,2020-10-30,33.973006,34.022791,33.455246,33.714126,17710.370980418,2573042
556,2020-11-02,34.66999,34.889043,34.351369,34.470852,36909.301280323,2573042
557,2020-11-03,34.500723,35.038396,34.500723,34.948784,38073.265055895,2573042
558,2020-11-04,35.466544,36.221278,35.138961,35.855162,36917.266815143,2573042
559,2020-11-05,37.647109,39.827674,37.228918,37.915946,72415.672740473,2573042
560,2020-11-06,38.035429,38.035429,37.438014,37.467884,98229.979708388,2573042
561,2020-11-09,40.823366,41.988325,38.144955,38.294309,244281.047708645,2573042
562,2020-11-10,38.045386,38.15989,36.7709,37.184112,73847.477624368,2573042
563,2020-11-11,36.780857,37.667023,36.314774,37.536886,72375.845066373,2573042
564,2020-11-12,37.776549,38.254481,37.669014,38.020195,38432.709814648,2573042
565,2020-11-13,38.443662,38.881767,37.089522,37.791584,67613.450935865,2573042
566,2020-11-16,37.4181,37.955674,37.4181,37.797757,46107.502613718,2573042
567,2020-11-17,37.93586,38.015515,37.142691,37.716807,37254.80635314,2573042
568,2020-11-18,37.736721,38.025472,37.328488,37.487798,58208.14569715,2573042
569,2020-11-19,37.617238,38.111002,37.388229,37.940838,30234.183101163,2573042
570,2020-11-20,38.533275,38.951465,38.533275,38.752327,61358.51471846,2573042
571,2020-11-23,39.887416,40.255722,39.608622,40.116425,84297.263616355,2573042
572,2020-11-24,40.962763,40.962763,40.275735,40.474874,95943.871215048,2573042
573,2020-11-25,39.827674,40.110451,39.316386,40.026812,54299.059484235,2573042
574,2020-11-27,40.006899,40.315563,39.877558,40.096511,26853.809261925,2573042
575,2020-11-30,40.19608,40.494788,39.71317,39.757976,70556.716051855,2573042
576,2020-12-01,40.783538,40.783538,39.329828,39.67832,61333.622422148,2573042
577,2020-12-02,38.951465,39.509053,38.344093,39.339785,85475.167077863,2573042
578,2020-12-03,39.459268,39.459268,38.632844,38.632844,71500.631928025,2573042
579,2020-12-04,38.413792,38.543232,38.105127,38.105127,58619.366432233,2573042
580,2020-12-07,38.055343,39.037095,38.055343,38.61293,233679.916555078,2573042
581,2020-12-08,39.011207,39.230259,38.851896,39.051034,45243.242085748,2573042
582,2020-12-09,39.329828,39.329828,37.487798,37.597324,90551.204141908,2573042
583,2020-12-10,37.67698,38.115084,37.67698,38.115084,23744.263606568,2573042
584,2020-12-11,37.557497,37.83629,37.373294,37.54754,25694.823945615,2573042
585,2020-12-14,38.22461,38.323184,37.856204,38.234567,53545.320751893,2573042
586,2020-12-15,39.220302,39.618579,39.026043,39.578751,47890.786721545,2573042
587,2020-12-16,39.728105,39.867502,39.55137,39.698234,55753.765280738,2573042
588,2020-12-17,40.285692,40.285692,39.782868,40.046726,95125.412512293,2573042
589,2020-12-18,41.022504,41.550221,40.94026,41.241557,58594.47413592,2573042
590,2020-12-21,42.177507,42.914319,42.121151,42.81475,104642.235238488,2573042
591,2020-12-22,42.107808,42.292011,41.829114,42.03811,97416.499464895,2573042
592,2020-12-23,43.003931,43.213026,42.747142,42.924276,64967.897683773,2573042
593,2020-12-24,42.605654,42.784879,42.237248,42.257162,47955.506691958,2573042
594,2020-12-28,43.342466,43.352423,42.864534,43.07363,76387.487540095,2573042
595,2020-12-29,42.817333,42.817333,42.070519,42.7078,62925.547407545,2573042
596,2020-12-30,43.434699,43.789386,43.290315,43.434699,73403.844957465,2573042
597,2020-12-31,44.07198,44.310961,43.892745,43.972405,79798.563846145,2573042
598,2021-01-04,46.272592,46.800341,46.053527,46.24272,105229.07236343,2573042
599,2021-01-05,46.551403,46.993517,46.14424,46.800341,154462.034993921,2573042
600,2021-01-06,47.547155,48.961122,46.999591,47.776178,259485.982459956,2573042
601,2021-01-07,49.120443,49.697979,48.403501,49.548616,185818.26324128,2573042
602,2021-01-08,50.285472,50.524453,48.685897,49.007425,106244.739331112,2573042
603,2021-01-11,48.881462,49.28972,48.204351,48.522992,168280.084514042,2573042
604,2021-01-12,49.468956,50.016619,49.015192,49.917044,85723.28782429,2573042
605,2021-01-13,50.444793,50.831144,49.787596,49.897129,111317.099657947,2573042
606,2021-01-14,49.887172,49.902108,48.094818,48.433374,159774.37153567,2573042
607,2021-01-15,48.054988,48.154563,46.596212,46.780426,155310.415637514,2573042
608,2021-01-19,48.901377,49.588446,48.692269,49.379338,169430.177992152,2573042
609,2021-01-20,50.902839,51.589907,50.395005,50.992456,129919.737197393,2573042
610,2021-01-21,51.306118,51.61978,50.355175,51.360885,119988.10745655,2573042
611,2021-01-22,51.002414,52.033017,51.002414,51.888633,135181.290390758,2573042
612,2021-01-25,54.547291,54.547291,52.077925,52.735022,185021.661698,2573042
613,2021-01-26,52.814682,52.914258,52.212252,52.555787,194577.892961573,2573042
614,2021-01-27,51.002414,51.002414,49.638234,49.787596,170907.873854937,2573042
615,2021-01-28,48.81176,49.737709,47.298217,49.110485,109248.922901207,2573042
616,2021-01-29,48.552864,49.030825,47.796192,48.015158,74194.47198917,2573042
617,2021-02-01,48.801802,49.379338,48.088645,48.672354,101762.859898233,2573042
618,2021-02-02,50.524453,50.723603,50.210791,50.464708,125263.601176922,2573042
619,2021-02-03,49.976789,50.713646,49.976789,50.464708,76422.964806496,2573042
620,2021-02-04,50.49458,50.703688,50.185897,50.434835,66294.176183691,2573042
621,2021-02-05,50.036534,50.216766,49.638333,49.777639,87242.805268097,2573042
622,2021-02-08,50.355175,51.191607,50.046492,51.032286,116526.873750998,2573042
623,2021-02-09,52.217231,53.173053,52.057911,53.02379,83202.043939809,2573042
624,2021-02-10,53.800477,53.800477,51.862544,52.386509,243333.890418025,2573042
625,2021-02-11,52.70515,53.432049,52.70515,53.053663,93019.162208806,2573042
626,2021-02-12,53.412133,53.432049,52.939151,53.252813,85995.128100934,2573042
627,2021-02-16,54.0295,54.467631,53.969755,54.218693,186971.343975178,2573042
628,2021-02-17,54.985422,54.985422,53.02379,53.412133,117546.523726397,2573042
629,2021-02-18,50.793306,51.166713,50.046492,50.703688,395246.80047345,2573042
630,2021-02-19,50.624028,51.50029,50.544368,50.843093,93381.615910998,2573042
631,2021-02-22,48.791845,48.791845,47.357962,47.437622,257330.179533455,2573042
632,2021-02-23,45.535736,46.800341,45.107861,46.531488,187180.451880289,2573042
633,2021-02-24,46.531488,46.531488,44.808837,46.073442,140427.907305186,2573042
634,2021-02-25,45.834461,46.154098,44.480239,44.798879,93836.674542597,2573042
635,2021-02-26,44.211386,45.047817,44.211386,44.778964,71794.709840039,2573042
636,2021-03-01,45.884249,47.049279,45.825002,46.919831,128030.795787891,2573042
637,2021-03-02,46.501615,46.585358,45.655226,45.675141,93284.032221946,2573042
638,2021-03-03,44.928327,45.555651,43.703652,43.823042,162367.309559046,2573042
639,2021-03-04,41.891284,42.409075,39.352116,39.849992,230994.532512618,2573042
640,2021-03-05,41.054852,41.288157,38.565472,39.97944,98258.80885973,2573042
641,2021-03-08,38.834325,38.834325,37.340697,37.470145,105310.724021616,2573042
642,2021-03-09,38.386237,40.995107,38.356364,40.756126,148272.441002636,2573042
643,2021-03-10,41.443195,42.050206,40.327953,40.467358,91389.116300869,2573042
644,2021-03-11,42.458862,44.211386,42.219882,44.101853,210201.240729152,2573042
645,2021-03-12,42.687885,43.708531,42.226952,43.554189,119328.919679486,2573042
646,2021-03-15,43.474529,43.474529,41.821581,42.180052,117519.638424311,2573042
647,2021-03-16,42.558437,43.484487,42.42899,42.887036,48670.36279055,2573042
648,2021-03-17,41.881326,43.275379,41.881326,42.817333,68400.191513737,2573042
649,2021-03-18,41.951029,42.7078,41.443195,41.443195,21151.762477942,2573042
650,2021-03-19,40.785999,42.120307,40.25825,42.120307,48382.59048304,2573042
651,2021-03-22,42.488735,42.56491,41.851454,42.020731,28730.430410322,2573042
652,2021-03-23,41.602516,41.811624,40.626778,40.686424,44568.860594587,2573042
653,2021-03-24,39.879865,40.197808,37.848531,38.077554,197267.418922072,2573042
654,2021-03-25,36.982227,39.232626,36.982227,38.555515,501090.251777135,2573042
655,2021-03-26,39.551267,40.545027,39.053391,39.919695,59156.626355902,2573042
656,2021-03-29,39.541309,39.97944,39.033476,39.182838,57080.483583728,2573042
657,2021-03-30,39.511437,41.174342,39.452787,40.776041,55787.997579757,2573042
658,2021-03-31,40.437486,41.034937,40.167737,40.776041,64612.351175441,2573042
659,2021-04-01,41.672218,42.319457,40.895532,41.736942,119828.787147894,2573042
660,2021-04-05,42.319457,42.339372,41.458132,41.702091,65580.222050526,2573042
661,2021-04-06,41.652303,42.271462,41.34362,41.821581,52349.666168574,2573042
662,2021-04-07,41.552728,41.552728,40.21842,40.367783,93262.125679506,2573042
663,2021-04-08,41.14447,41.236676,40.397656,40.766084,91115.284520366,2573042
664,2021-04-09,40.188548,41.174342,39.850092,40.347868,25681.438003418,2573042
665,2021-04-12,39.830077,40.283543,38.864198,39.302329,60415.256794284,2573042
666,2021-04-13,39.113136,39.97944,39.113136,39.720544,24751.405701639,2573042
667,2021-04-14,40.447443,40.556976,39.830077,40.108888,68512.711481726,2573042
668,2021-04-15,39.830077,39.930947,39.381989,39.561224,37691.202020293,2573042
669,2021-04-16,39.541309,39.999355,39.372031,39.999355,27789.444837323,2573042
670,2021-04-19,40.626679,40.935362,40.431511,40.805914,31667.898601167,2573042
671,2021-04-20,41.124555,41.393408,40.815872,40.985149,63136.646816515,2573042
672,2021-04-21,41.084725,41.483025,40.596806,41.34362,27809.359875905,2573042
673,2021-04-22,41.094682,41.572643,40.865659,41.094682,32317.128858941,2573042
674,2021-04-23,41.841496,42.299542,41.726885,42.219882,22836.574741979,2573042
675,2021-04-26,41.771793,41.771793,40.965234,41.652303,47437.621902324,2573042
676,2021-04-27,41.323705,41.328684,40.825829,40.825829,44306.977837234,2573042
677,2021-04-28,41.22413,41.881326,40.825829,41.612473,87515.64129667,2573042
678,2021-04-29,41.652303,41.652303,40.606764,41.034937,68215.977406854,2573042
679,2021-04-30,40.616721,40.835787,40.128803,40.795957,29669.424479464,2573042
680,2021-05-03,40.088973,40.746169,39.934631,39.999355,150620.424051453,2573042
681,2021-05-04,39.89978,40.088973,39.123392,39.312286,38251.810356377,2573042
682,2021-05-05,39.431776,40.467358,39.251346,39.372031,51672.554856786,2573042
683,2021-05-06,39.471606,39.760375,38.465897,39.182838,37395.463697351,2573042
684,2021-05-07,38.754665,38.874155,38.405355,38.45594,29082.926593224,2573042
685,2021-05-10,38.216959,38.595345,37.440273,37.579678,102067.559988537,2573042
686,2021-05-11,36.852779,37.64938,36.623756,37.25108,164310.02157272,2573042
687,2021-05-12,37.181377,37.564542,36.932439,37.041972,66284.2186644,2573042
688,2021-05-13,36.942397,37.17142,36.016347,36.255328,112717.126870262,2573042
689,2021-05-14,36.693459,37.838573,36.693459,37.49006,23603.303727386,2573042
690,2021-05-17,37.968021,38.605302,37.858488,38.485812,100684.460559017,2573042
691,2021-05-18,38.764623,39.315572,38.5356,39.182838,77384.861170007,2573042
692,2021-05-19,38.675005,39.85985,37.758913,39.650842,110635.009586514,2573042
693,2021-05-20,39.401904,40.188548,38.744708,40.069058,50043.504700779,2573042
694,2021-05-21,40.467358,40.467358,39.670757,39.959525,33495.103391066,2573042
695,2021-05-24,39.571182,40.457401,39.501479,40.357826,31034.60037426,2573042
696,2021-05-25,40.825829,41.10464,40.477316,40.477316,11423.266130635,2573042
697,2021-05-26,40.975192,41.522855,40.655755,41.313748,23424.068380148,2573042
698,2021-05-27,41.642346,41.810628,40.885574,41.682176,51925.475846778,2573042
699,2021-05-28,41.682176,41.821581,41.473068,41.662261,25460.381075158,2573042
700,2021-06-01,42.219882,42.647956,42.219882,42.642778,22358.613816011,2573042
701,2021-06-02,42.767545,42.78746,42.518607,42.62814,23948.829646784,2573042
702,2021-06-03,42.279627,42.279627,41.831539,42.269669,9106.15139162,2573042
703,2021-06-04,42.249754,42.817333,41.841496,42.717758,27144.197587266,2573042
704,2021-06-07,42.658013,42.981632,42.658013,42.857163,37574.699044589,2573042
705,2021-06-08,43.235549,43.812487,43.046356,43.554189,45810.563250175,2573042
706,2021-06-09,43.813085,43.861877,43.106101,43.554189,39250.549541264,2573042
707,2021-06-10,44.679389,44.808737,44.274516,44.559899,93531.974452292,2573042
708,2021-06-11,44.798879,45.824504,44.72609,45.585523,135856.410198688,2573042
709,2021-06-14,46.113272,46.113272,45.609222,45.86055,67288.932360862,2573042
710,2021-06-15,46.093357,46.093357,45.107562,45.246968,55423.552373706,2573042
711,2021-06-16,44.141683,44.301003,42.82729,43.464572,71109.632512818,2573042
712,2021-06-17,44.271131,46.24272,44.271131,45.894206,194135.779105052,2573042
713,2021-06-18,46.820256,46.820256,45.884249,46.222805,89976.144313476,2573042
714,2021-06-21,46.541445,46.541445,45.346543,46.36221,29944.252011895,2573042
715,2021-06-22,46.52153,46.52153,45.23701,45.426203,67569.734404868,2573042
716,2021-06-23,46.212847,46.40204,45.741358,46.093357,28905.682749844,2573042
717,2021-06-24,46.780426,46.820256,46.403334,46.780426,52536.867531245,2573042
718,2021-06-25,46.939746,47.198641,46.60129,47.109024,28847.929137956,2573042
719,2021-06-28,47.517282,48.732099,47.343922,48.572779,82946.13569403,2573042
720,2021-06-29,48.821717,49.220018,48.293969,49.160273,36753.203703081,2573042
721,2021-06-30,49.110485,49.28972,48.787961,49.200103,98145.293139812,2573042
722,2021-07-01,49.24989,49.24989,47.796093,47.816008,55212.452964737,2573042
723,2021-07-02,47.756263,47.76622,46.422055,47.138896,59889.49977572,2573042
724,2021-07-06,47.099066,47.656687,46.352252,46.999491,200635.051946288,2573042
725,2021-07-07,48.742057,48.752014,47.298217,47.348004,74973.149997726,2573042
726,2021-07-08,46.571318,47.089109,45.854376,47.009449,39120.106038552,2573042
727,2021-07-09,47.507325,47.557112,46.64102,47.397792,71378.485533675,2573042
728,2021-07-12,47.746305,48.284011,47.487409,47.88571,54973.472501753,2573042
729,2021-07-13,48.015158,48.204351,47.72639,47.76622,78208.348015372,2573042
730,2021-07-14,47.328089,47.328089,45.814546,46.033612,93238.227633208,2573042
731,2021-07-15,46.40204,46.949703,45.99876,46.252677,104761.068956753,2573042
732,2021-07-16,46.411997,46.411997,45.266883,45.804589,137421.732231233,2573042
733,2021-07-19,44.938285,45.466929,44.320321,45.15735,29816.79576497,2573042
734,2021-07-20,44.922353,45.615396,44.798879,45.615396,23185.087917164,2573042
735,2021-07-21,46.093357,48.069924,46.093357,47.935498,51609.822485253,2573042
736,2021-07-22,47.835923,48.313884,47.487409,47.895668,49830.413787951,2573042
737,2021-07-23,46.68085,47.437622,45.456076,46.023654,44013.231018149,2573042
738,2021-07-26,44.390621,45.834461,44.340833,44.689347,106226.815796388,2573042
739,2021-07-27,43.524317,43.524317,40.970213,41.941071,128190.116096547,2573042
740,2021-07-28,42.887036,44.858624,42.797418,44.589771,117232.86186873,2573042
741,2021-07-29,45.675141,45.953952,45.097605,45.714971,164120.828706191,2573042
742,2021-07-30,45.475991,48.291977,45.475991,47.786135,148164.899794293,2573042
743,2021-08-02,48.293969,48.771929,48.064946,48.383586,44729.176655172,2573042
744,2021-08-03,48.015158,48.015158,47.039421,47.68656,40794.960783298,2573042
745,2021-08-04,47.776178,49.588346,47.776178,49.24989,100868.674665901,2573042
746,2021-08-05,48.632524,48.871007,47.98429,48.642482,29330.86882357,2573042
747,2021-08-06,48.622567,48.622567,47.130333,47.517282,27999.548494363,2573042
748,2021-08-09,47.417707,47.64673,47.135909,47.626815,26107.619829073,2573042
749,2021-08-10,47.72639,47.985186,47.065609,47.198641,28366.980956201,2573042
750,2021-08-11,47.796093,47.796093,46.64102,47.099066,41468.08908737,2573042
751,2021-08-12,47.019406,47.118981,46.252677,46.511573,67241.136268265,2573042
752,2021-08-13,46.511573,46.511573,45.814546,45.983824,42365.261575489,2573042
753,2021-08-16,45.15735,45.167308,43.823042,44.191471,64157.292543842,2573042
754,2021-08-17,43.454614,44.308671,43.046356,43.584062,43112.075522314,2573042
755,2021-08-18,44.271131,45.11752,44.250618,44.679389,65023.596722159,2573042
756,2021-08-19,44.171556,44.390621,43.584062,43.833,27649.04381532,2573042
757,2021-08-20,43.733425,44.460324,43.733425,44.042108,23062.610429885,2573042
758,2021-08-23,44.99803,45.635311,44.938185,45.535736,39139.025325205,2573042
759,2021-08-24,45.874291,46.511573,45.874291,46.352252,53107.433386619,2573042
760,2021-08-25,46.461785,46.959661,46.411997,46.889958,22268.000390463,2573042
761,2021-08-26,46.113272,46.44187,45.585523,45.585523,23116.381034057,2573042
762,2021-08-27,45.535736,46.532185,45.448707,45.844419,7844.53369745,2573042
763,2021-08-30,46.382125,46.785404,45.844419,46.730638,108897.422470234,2573042
764,2021-08-31,46.660935,46.929788,46.146032,46.820256,24068.319878276,2573042
765,2021-09-01,46.182974,46.700666,45.979941,46.232762,36314.077102348,2573042
766,2021-09-02,47.039321,47.613571,46.302465,47.178726,23135.300320709,2573042
767,2021-09-03,47.079151,47.348004,46.880001,46.929788,20396.982515684,2573042
768,2021-09-07,47.656687,47.796093,47.497367,47.557112,14708.251744736,2573042
769,2021-09-08,47.706475,47.706475,46.31531,46.631063,61376.157405866,2573042
770,2021-09-09,46.501615,46.919731,46.222805,46.740596,26908.204380069,2573042
771,2021-09-10,46.800341,47.099066,46.003739,46.123229,25609.743864523,2573042
772,2021-09-13,46.123229,46.123229,45.306713,45.834461,28217.618166836,2573042
773,2021-09-14,45.734886,46.173017,45.446118,45.446118,33144.598712023,2573042
774,2021-09-15,45.446118,45.934036,45.19718,45.844419,22092.748050942,2573042
775,2021-09-16,44.838709,45.147392,43.813085,44.062023,109840.399547092,2573042
776,2021-09-17,44.310961,44.709262,43.842957,44.271131,47936.493618803,2573042
777,2021-09-20,43.414784,43.414784,41.891284,41.960986,57047.623770068,2573042
778,2021-09-21,42.568395,43.195719,42.568395,42.956738,33940.204503374,2573042
779,2021-09-22,43.384912,44.35577,43.384912,44.03215,21006.382696294,2573042
780,2021-09-23,44.081938,44.460324,43.763297,44.231301,54328.225251696,2573042
781,2021-09-24,43.564147,43.564147,43.016583,43.126016,16820.241586357,2573042
782,2021-09-27,43.335124,43.852915,42.916908,43.803127,37649.380439271,2573042
783,2021-09-28,44.310961,44.310961,43.135974,43.285336,39731.497723019,2573042
784,2021-09-29,43.036398,43.558372,42.42899,42.478777,17440.595038187,2573042
785,2021-09-30,43.235549,44.445387,43.235549,43.693595,22737.995300999,2573042
786,2021-10-01,43.653765,43.773255,43.02654,43.484487,6878.654326223,2573042
787,2021-10-04,43.056313,43.056313,42.229839,42.419032,17396.781953306,2573042
788,2021-10-05,42.478777,43.532283,42.478777,43.200697,20947.633332477,2573042
789,2021-10-06,42.737673,43.67368,42.678027,43.504402,11823.558406133,2573042
790,2021-10-07,44.510111,45.187223,44.510111,44.898454,51089.044226334,2573042
791,2021-10-08,44.400579,44.481234,44.062023,44.121768,18775.89837511,2573042
792,2021-10-11,44.211386,44.211386,43.325166,43.345081,12948.758086016,2573042
793,2021-10-12,43.564147,44.101853,43.564147,43.813085,20985.471905783,2573042
794,2021-10-13,44.390621,45.137435,44.380663,44.906221,28395.857762145,2573042
795,2021-10-14,45.027902,45.256925,44.898554,45.047817,21926.457478782,2573042
796,2021-10-15,46.003739,46.541445,45.247167,46.431912,20702.678357918,2573042
797,2021-10-18,46.28255,47.497367,46.28255,47.318132,42009.7781368,2573042
798,2021-10-19,47.52724,48.054988,47.52724,48.000222,12250.735983717,2573042
799,2021-10-20,48.204351,48.313884,47.56707,47.600129,20638.950234456,2573042
800,2021-10-21,47.278302,48.094818,46.921424,47.816008,16458.783636094,2573042
801,2021-10-22,48.144606,48.144606,47.049279,47.457537,23896.054794542,2573042
802,2021-10-25,48.612609,50.026577,47.858725,49.847342,69104.188127611,2573042
803,2021-10-26,49.737809,49.966832,47.84588,48.164521,57842.23380949,2573042
804,2021-10-27,48.582737,49.389296,48.413459,48.413459,27084.45247152,2573042
805,2021-10-28,48.901377,48.901377,48.269274,48.791845,69489.544124173,2573042
806,2021-10-29,48.572779,49.01091,48.393544,48.562822,41354.573367452,2573042
807,2021-11-01,49.239933,50.355175,48.936229,49.389296,99622.989002597,2573042
808,2021-11-02,49.409211,49.81249,49.062888,49.498828,24808.163561597,2573042
809,2021-11-03,49.239933,49.393179,48.592694,48.761972,17164.771753826,2573042
810,2021-11-04,49.787596,50.494481,49.668106,50.016619,47824.969402744,2573042
811,2021-11-05,49.399253,49.399253,48.122102,48.542907,68014.835517176,2573042
812,2021-11-08,49.080613,49.59681,48.682212,49.329551,34990.722788574,2573042
813,2021-11-09,49.140358,49.339508,48.276045,48.393544,30000.014119925,2573042
814,2021-11-10,47.72639,48.244181,47.138896,47.278302,77866.805103691,2573042
815,2021-11-11,48.692269,50.026776,48.692269,49.817469,55271.202328554,2573042
816,2021-11-12,50.086322,50.488805,49.807511,50.29543,78925.289404324,2573042
817,2021-11-15,50.086322,50.17594,48.522992,48.841632,44673.414547142,2573042
818,2021-11-16,49.190145,49.578489,48.642482,49.419168,27386.165306037,2573042
819,2021-11-17,49.956874,50.066407,49.140358,49.389296,22373.550094948,2573042
820,2021-11-18,49.628276,49.628276,48.094818,48.333799,30847.399011589,2573042
821,2021-11-19,48.93125,49.190145,48.852088,49.01091,21250.341918923,2573042
822,2021-11-22,50.225727,50.85803,49.070655,49.628276,89370.727140583,2573042
823,2021-11-23,49.329551,50.474665,49.000952,49.628276,26075.755767342,2573042
824,2021-11-24,49.200103,50.245642,48.612609,49.339508,19186.148169899,2573042
825,2021-11-26,48.791845,49.200103,48.144606,48.961122,11770.783553891,2573042
826,2021-11-29,49.807511,50.146565,48.765855,49.28972,48510.046729965,2573042
827,2021-11-30,49.468956,50.584198,49.080613,49.797554,24593.081144912,2573042
828,2021-12-01,50.604113,50.604113,48.403501,48.97108,32123.952984695,2573042
829,2021-12-02,49.399253,49.538658,47.457537,48.074903,36898.58348473,2573042
830,2021-12-03,47.457537,47.457537,45.256925,45.505863,51264.296565855,2573042
831,2021-12-06,46.053527,46.253573,44.619644,46.20289,19842.348691176,2573042
832,2021-12-07,47.586985,47.985285,46.541445,46.969618,65766.427661268,2573042
833,2021-12-08,47.049279,48.313784,46.720681,47.88571,28570.114349737,2573042
834,2021-12-09,47.92554,48.93125,46.830213,46.899916,25565.930779643,2573042
835,2021-12-10,47.019406,47.746305,47.019406,47.208599,9739.449618527,2573042
836,2021-12-13,47.218556,47.547155,46.391186,46.40204,17100.047878434,2573042
837,2021-12-14,45.924079,46.073442,45.252843,45.854376,41180.31677986,2573042
838,2021-12-15,45.495906,45.545693,44.042108,45.446118,21957.325788584,2573042
839,2021-12-16,46.312422,46.870043,45.406288,45.406288,36442.529101202,2573042
840,2021-12-17,44.251216,45.685099,43.874822,45.306713,23609.278238961,2573042
841,2021-12-20,43.683637,43.683637,42.319457,42.42899,44034.14180866,2573042
842,2021-12-21,42.777503,44.380663,42.777503,44.340833,27979.633455781,2573042
843,2021-12-22,43.862872,44.97214,43.345081,44.171556,23949.825398713,2573042
844,2021-12-23,45.296755,45.505863,44.342825,45.493914,22185.352980348,2573042
845,2021-12-27,45.485948,45.766451,44.410536,45.057775,43387.898806674,2573042
846,2021-12-28,44.868582,44.9582,44.390621,44.390621,10603.762292986,2573042
847,2021-12-29,44.18,44.55,43.88,44.05,13492.0,2573042
848,2021-12-30,43.85,46.3038,43.58,45.86,84756.0,2573042
849,2021-12-31,45.7,46.63,45.7,46.57,58616.0,2573042
229,2018-12-31,15.457843,15.463254,15.05634,15.05634,5891.611395825,2573062
230,2019-01-02,14.820676,14.951513,14.673167,14.849654,1965.616127911,2573062
231,2019-01-03,14.366803,14.471456,14.33189,14.33189,2941.441541323,2573062
232,2019-01-04,14.803219,14.969057,14.803219,14.900278,767.218728434,2573062
233,2019-01-07,14.9516,15.05634,14.811947,14.811947,1975.217272408,2573062
234,2019-01-08,14.811947,15.209086,14.811947,15.058086,2778.222084876,2573062
235,2019-01-09,15.475212,15.475212,15.388016,15.388016,933.056678835,2573062
236,2019-01-10,15.388016,15.492756,15.361831,15.492756,2381.083835231,2573062
237,2019-01-11,15.475561,15.475561,15.264074,15.470935,1217.599688471,2573062
238,2019-01-14,15.012699,15.274548,15.012699,15.274548,3102.915335135,2573062
239,2019-01-15,15.488392,15.605351,15.274548,15.54949,4429.618938343,2573062
240,2019-01-16,15.763334,16.112466,15.719692,16.095184,3868.388400933,2573062
241,2019-01-17,15.920443,16.035832,15.623681,16.035832,90911.49157851,2573062
242,2019-01-18,16.199749,16.671078,16.199749,16.531425,13747.966088243,2573062
243,2019-01-22,16.007726,16.217119,15.754605,15.911977,7385.025780752,2573062
244,2019-01-23,16.077553,16.260847,16.077553,16.138651,6332.391211365,2573062
245,2019-01-24,16.295761,16.370824,16.295761,16.296895,10507.14340488,2573062
246,2019-01-25,16.295761,16.360961,16.194512,16.314963,3047.926962107,2573062
247,2019-01-28,15.964085,15.997689,15.763334,15.799818,105158.717180592,2573062
248,2019-01-29,15.946628,15.97805,15.902987,15.97805,20797.824642921,2573062
249,2019-01-30,16.007726,16.045258,15.972813,16.007726,12040.708030431,2573062
250,2019-01-31,16.252119,16.391772,16.182293,16.309464,39282.646293407,2573062
251,2019-02-01,16.479055,16.732176,16.437858,16.71472,22540.868784768,2573062
252,2019-02-04,16.71472,16.802003,16.71472,16.758361,44047.432457824,2573062
253,2019-02-05,16.60998,17.020211,16.60998,16.994026,6515.685788124,2573062
254,2019-02-06,17.020211,17.020211,16.675966,16.759409,3603.920511609,2573062
255,2019-02-07,16.612337,16.784546,16.278304,16.66235,4944.589415904,2573062
256,2019-02-08,16.671078,16.671078,16.278304,16.454791,55927.53952576,2573062
257,2019-02-11,16.688535,16.889286,16.688535,16.889286,734.923969672,2573062
258,2019-02-12,17.28206,17.43917,17.28206,17.347522,62305.317965656,2573062
259,2019-02-13,17.666019,17.666106,17.457063,17.56573,9517.352690382,2573062
260,2019-02-14,17.596279,17.814487,17.535181,17.762117,100853.913120709,2573062
261,2019-02-15,17.657378,17.657378,17.474083,17.581529,1207.998543974,2573062
262,2019-02-19,17.657378,18.154891,17.456626,17.698924,39712.952133132,2573062
263,2019-02-20,17.500268,17.544782,17.49154,17.49154,27339.695370582,2573062
264,2019-02-21,17.49154,17.517725,17.186049,17.186049,27591.943621455,2573062
265,2019-02-22,17.3868,17.814487,17.3868,17.788302,9082.682694067,2573062
266,2019-02-25,18.661134,18.661134,17.989053,18.00651,39876.171589579,2573062
267,2019-02-26,18.19155,18.49966,18.174094,18.421105,12408.170015266,2573062
268,2019-02-27,18.083232,18.320729,18.083232,18.117534,663.351801604,2573062
269,2019-02-28,18.250117,18.582579,18.250117,18.408012,5989.36850343,2573062
270,2019-03-01,18.435943,18.617492,18.425469,18.565122,16852.627086013,2573062
271,2019-03-04,18.975353,18.984081,18.666632,18.914255,6652.720305034,2573062
272,2019-03-05,19.097549,19.184832,18.966625,19.184832,45167.275038689,2573062
273,2019-03-06,19.202289,19.254659,19.027723,19.202289,16895.39582059,2573062
274,2019-03-07,18.88807,18.88807,18.634949,18.669862,7523.805960298,2573062
275,2019-03-08,18.312001,18.355643,17.831944,17.831944,31753.603345202,2573062
276,2019-03-11,19.036451,19.036451,18.696047,18.696047,160992.863755337,2573062
277,2019-03-12,19.062636,19.153847,18.591307,18.682954,53067.271297002,2573062
278,2019-03-13,18.809515,18.922983,18.755399,18.809515,21035.23476139,2573062
279,2019-03-14,18.538937,18.569486,18.381828,18.569486,2120.107271179,2573062
280,2019-03-15,19.097462,19.097462,18.591307,18.844428,1712.49504572,2573062
281,2019-03-18,19.202289,19.245931,19.141191,19.164059,27530.845429202,2573062
282,2019-03-19,19.56015,19.621248,19.203162,19.468415,18049.278822854,2573062
283,2019-03-20,19.446682,19.446682,19.002585,19.115006,7489.7655389,2573062
284,2019-03-21,19.237202,19.587819,19.211017,19.373975,105541.89012915,2573062
285,2019-03-22,19.542431,19.542431,18.844428,19.019082,157964.139082224,2573062
286,2019-03-25,18.774514,18.966625,18.634949,18.896798,108189.187516341,2573062
287,2019-03-26,18.853156,18.853156,18.39492,18.512752,87249.091368602,2573062
288,2019-03-27,18.853156,18.905526,18.582841,18.752781,69604.806277253,2573062
289,2019-03-28,18.818243,18.901162,18.674226,18.867034,91132.317901939,2573062
290,2019-03-29,19.237202,19.437953,19.176104,19.333214,60542.198703498,2573062
291,2019-04-01,19.656161,19.821999,19.534052,19.725988,58214.357578658,2573062
292,2019-04-02,19.778358,19.778358,19.516508,19.516508,26297.534777009,2573062
293,2019-04-03,19.691075,20.031479,19.586335,19.592357,32383.787556726,2573062
294,2019-04-04,19.656161,19.987837,19.656161,19.883097,26907.643868221,2573062
295,2019-04-05,20.070058,20.144947,19.860404,19.912337,52398.682507491,2573062
296,2019-04-08,20.214773,20.249687,19.909282,20.249687,43295.924693112,2573062
297,2019-04-09,20.59332,20.59332,20.171132,20.328241,194060.078233979,2573062
298,2019-04-10,20.502808,20.860668,20.479328,20.792064,83539.558267527,2573062
299,2019-04-11,20.511536,20.511536,20.153675,20.237816,33356.994476184,2573062
300,2019-04-12,20.694831,20.694831,20.487882,20.616276,4404.306830123,2573062
301,2019-04-15,20.162403,20.162403,19.821999,20.00093,8237.78197834,2573062
302,2019-04-16,20.206045,20.502808,20.206045,20.296819,17688.799488561,2573062
303,2019-04-17,20.450438,20.450438,20.293328,20.376247,48257.097904055,2573062
304,2019-04-18,19.996565,20.206045,19.725988,19.987837,32124.55665531,2573062
305,2019-04-22,19.909282,19.974745,19.648742,19.830728,11228.102073466,2573062
306,2019-04-23,19.672134,19.683481,19.349012,19.606934,31076.286242512,2573062
307,2019-04-24,19.481595,19.604141,19.40304,19.573242,16405.737451248,2573062
308,2019-04-25,19.376855,19.437953,18.953532,19.184832,6132.512839565,2573062
309,2019-04-26,19.315757,19.35067,19.115006,19.254572,14007.196989659,2573062
310,2019-04-29,19.245931,19.516421,19.149919,19.333214,36103.794633616,2573062
311,2019-04-30,19.210581,19.50778,19.210581,19.281018,14173.03494006,2573062
312,2019-05-01,19.376855,19.376855,19.187014,19.187014,4320.515023605,2573062
313,2019-05-02,19.280844,19.280844,19.080093,19.123734,8311.099809044,2573062
314,2019-05-03,19.368127,19.542693,19.307029,19.494687,8418.458061146,2573062
315,2019-05-06,18.416741,18.582579,17.927955,18.486567,19391.693389784,2573062
316,2019-05-07,18.704775,18.704775,18.11125,18.308335,7482.782888357,2573062
317,2019-05-08,18.277088,18.277088,17.90177,17.989053,8009.973004368,2573062
318,2019-05-09,17.325702,17.701805,17.272895,17.674834,17907.007318036,2573062
319,2019-05-10,17.831944,18.207174,17.727204,18.093793,4589.347069518,2573062
320,2019-05-13,17.452262,17.657378,17.421713,17.587551,3965.27267722,2573062
321,2019-05-14,17.919227,17.919227,17.544346,17.782978,3946.070388226,2573062
322,2019-05-15,17.884314,18.285816,17.727204,18.124342,6522.668438667,2573062
323,2019-05-16,18.172348,18.552641,18.172348,18.320206,90765.728748421,2573062
324,2019-05-17,18.032695,18.044478,17.805759,17.900025,22423.909388169,2573062
325,2019-05-20,17.482811,17.482811,17.133679,17.403122,14960.328788806,2573062
326,2019-05-21,17.369343,17.587551,17.369343,17.438384,98286.916214765,2573062
327,2019-05-22,17.396576,17.500181,17.396576,17.471901,1428.824867402,2573062
328,2019-05-23,17.037667,17.12495,17.020211,17.12495,947.894811239,2573062
329,2019-05-24,17.002754,17.133679,17.001008,17.020298,1125.079568773,2573062
330,2019-05-28,17.360615,17.456626,17.351887,17.421539,7302.979636869,2573062
331,2019-05-29,17.369343,17.526453,17.238419,17.404955,14829.404091121,2573062
332,2019-05-30,17.17732,17.268706,17.17732,17.268706,1853.020887902,2573062
333,2019-05-31,17.116222,17.228817,17.068216,17.168592,37904.445642443,2573062
334,2019-06-03,17.072581,17.456626,17.072581,17.22969,119585.746034161,2573062
335,2019-06-04,17.081309,17.081309,16.784546,17.020211,25463.980868415,2573062
336,2019-06-05,16.688535,16.688535,16.321946,16.417957,28304.173976861,2573062
337,2019-06-06,16.182293,16.342108,16.138651,16.304489,26485.193510358,2573062
338,2019-06-07,16.304489,16.531425,16.304489,16.461599,4617.277671691,2573062
339,2019-06-10,16.461686,16.597324,16.278304,16.278304,7549.990899835,2573062
340,2019-06-11,16.749633,16.994899,16.679806,16.76709,70119.776754814,2573062
341,2019-06-12,16.863101,16.863101,16.496512,16.513969,49521.830483692,2573062
342,2019-06-13,16.906743,16.906743,16.600379,16.601252,56149.238680507,2573062
343,2019-06-14,16.4005,16.549755,16.4005,16.487784,11955.170561276,2573062
344,2019-06-17,16.758361,16.932928,16.583795,16.627437,45192.587146908,2573062
345,2019-06-18,17.046396,17.249765,16.819459,17.063852,52532.225699129,2573062
346,2019-06-19,17.098766,17.247147,16.989662,17.142233,7536.898430067,2573062
347,2019-06-20,17.578823,17.631193,17.417349,17.613736,7099.609939799,2573062
348,2019-06-21,17.408621,17.465355,17.325702,17.325702,22189.117763654,2573062
349,2019-06-24,17.443534,17.566254,17.360615,17.360615,1382.564807554,2573062
350,2019-06-25,17.378072,17.413945,17.151135,17.255875,11420.997794722,2573062
351,2019-06-26,17.526453,17.774337,17.526453,17.720309,16331.546789227,2573062
352,2019-06-27,17.980325,17.980325,17.763165,17.854637,952.258967829,2573062
353,2019-06-28,17.884314,17.884314,17.674834,17.831944,17951.521715249,2573062
354,2019-07-01,18.425469,18.425469,18.065252,18.065252,1391.293120733,2573062
355,2019-07-02,18.250903,18.416741,18.243047,18.416741,3286.209911894,2573062
356,2019-07-03,18.284594,18.284594,18.093793,18.242175,1570.223540902,2573062
357,2019-07-05,17.989053,17.989053,17.919227,17.919227,148230.324225003,2573062
358,2019-07-08,17.893042,17.908491,17.788302,17.805759,3642.325089597,2573062
359,2019-07-09,17.543909,17.779574,17.543909,17.653013,474.820236938,2573062
360,2019-07-10,17.989839,18.154891,17.971422,17.971422,4458.422371833,2573062
361,2019-07-11,17.727204,17.893042,17.727204,17.797031,323.820418941,2573062
362,2019-07-12,17.805759,17.805759,17.573586,17.692291,3275.735936079,2573062
363,2019-07-15,17.993418,18.023967,17.988181,18.023268,10600.536355896,2573062
364,2019-07-16,18.128706,18.133071,17.965574,18.041423,8228.180833843,2573062
365,2019-07-17,18.041423,18.067608,17.980325,18.015238,5854.952480473,2573062
366,2019-07-18,17.8494,18.00651,17.744661,18.00651,36743.579989636,2573062
367,2019-07-19,17.925337,17.95414,17.905262,17.905262,6767.061207679,2573062
368,2019-07-22,17.692291,17.807068,17.692291,17.735932,2592.309014163,2573062
369,2019-07-23,17.893042,17.962869,17.893042,17.962869,2755.52847061,2573062
370,2019-07-24,17.962869,18.085065,17.938429,17.962869,10209.507925476,2573062
371,2019-07-25,18.137435,18.187623,18.050152,18.101736,4017.642556294,2573062
372,2019-07-26,18.110202,18.242175,18.089778,18.181076,25209.114123588,2573062
373,2019-07-29,18.06403,18.233446,18.06403,18.219132,2766.875277743,2573062
374,2019-07-30,18.207261,18.207261,17.939215,18.189805,3850.058943257,2573062
375,2019-07-31,18.11125,18.285816,18.093793,18.128706,5129.629655298,2573062
376,2019-08-01,18.067608,18.080701,17.351887,17.351887,5428.13796602,2573062
377,2019-08-02,17.323432,17.414556,17.323432,17.414556,2034.569802025,2573062
378,2019-08-05,17.011482,17.011482,16.548882,16.688535,21867.043007349,2573062
379,2019-08-06,16.802003,16.860744,16.71472,16.749633,3715.6429203,2573062
380,2019-08-07,17.020211,17.220962,16.932928,17.220962,22032.88095775,2573062
381,2019-08-08,17.3868,17.3868,17.194777,17.247147,1793.668358285,2573062
382,2019-08-09,17.15515,17.15515,17.055124,17.094401,1705.512395177,2573062
383,2019-08-12,17.042555,17.042555,16.950384,16.99839,4285.601770889,2573062
384,2019-08-13,17.063852,17.479669,17.063852,17.375278,1686.310106183,2573062
385,2019-08-14,17.159864,17.201847,17.055124,17.160213,3834.347979535,2573062
386,2019-08-15,17.151135,17.264603,17.151135,17.264603,842.282221774,2573062
387,2019-08-16,17.587551,17.701019,17.587551,17.701019,16398.754800705,2573062
388,2019-08-19,18.146163,18.146163,18.023967,18.041423,18520.60773452,2573062
389,2019-08-20,18.181076,18.338186,18.181076,18.303273,29464.16679835,2573062
390,2019-08-21,18.368735,18.368735,18.254045,18.277088,22704.088241215,2573062
391,2019-08-22,18.329458,18.344645,18.21599,18.312001,4690.595502395,2573062
392,2019-08-23,18.617492,18.88807,18.486567,18.595497,28840.092406052,2573062
393,2019-08-26,18.643677,19.027723,18.643677,18.94044,3223.366057005,2573062
394,2019-08-27,19.182476,19.182476,19.066826,19.066826,471.328911666,2573062
395,2019-08-28,18.78333,18.8103,18.765873,18.8103,713.103186724,2573062
396,2019-08-29,18.992809,19.176104,18.992809,19.158647,37585.86221141,2573062
397,2019-08-30,18.844428,19.043434,18.844428,19.003283,6053.958020954,2573062
398,2019-09-03,18.914255,18.964181,18.905526,18.964181,810.860294329,2573062
399,2019-09-04,19.001538,19.027723,18.922983,18.970814,1378.200650964,2573062
400,2019-09-05,19.202289,19.221317,19.062636,19.072237,24110.219494352,2573062
401,2019-09-06,19.202289,19.202289,19.150792,19.150792,650.259331836,2573062
402,2019-09-09,19.027723,19.102437,18.94044,19.102437,32891.775383744,2573062
403,2019-09-10,19.097549,19.202289,19.088821,19.184832,5598.340073011,2573062
404,2019-09-11,18.966625,18.966625,18.62622,18.892172,1435.807517946,2573062
405,2019-09-12,19.093883,19.093883,18.88807,19.053908,547.265236323,2573062
406,2019-09-16,19.167376,19.176104,19.062636,19.125742,2853.285578215,2573062
407,2019-09-17,18.905526,18.945153,18.853156,18.937996,21675.020117411,2573062
408,2019-09-18,19.045179,19.045179,18.962697,18.975353,865.848667357,2573062
409,2019-09-19,19.018994,19.062636,18.94044,19.062636,2766.002446425,2573062
410,2019-09-20,19.027723,19.080616,18.931711,19.027723,1537.055950822,2573062
411,2019-09-23,18.800787,18.800787,18.763691,18.791535,752.38059603,2573062
412,2019-09-24,18.8357,18.900028,18.757145,18.757145,43369.242523815,2573062
413,2019-09-25,18.617492,18.622729,18.456018,18.617492,54100.703577396,2573062
414,2019-09-26,18.43507,18.475221,18.416741,18.416741,1255.13143514,2573062
415,2019-09-27,18.329458,18.507079,18.259631,18.29149,3081.967383505,2573062
416,2019-09-30,18.189805,18.420756,18.007383,18.37275,5926.524648541,2573062
417,2019-10-01,18.228995,18.228995,18.228995,18.228995,21.820782948,2573062
418,2019-10-02,18.225591,18.229169,18.14625,18.229169,2464.002810432,2573062
419,2019-10-03,18.504024,18.57385,18.490931,18.538937,20293.328141175,2573062
420,2019-10-04,18.57385,18.57385,18.538937,18.55203,1552.766914544,2573062
421,2019-10-07,18.591307,18.591307,18.524099,18.541992,547.265236323,2573062
422,2019-10-08,18.504024,18.573065,18.504024,18.517466,34472.472900461,2573062
423,2019-10-09,18.582579,18.630584,18.581619,18.581619,1030.81378644,2573062
424,2019-10-10,19.018994,19.206566,18.78333,19.206566,3105.533829088,2573062
425,2019-10-11,19.202289,19.285121,19.161702,19.161702,9015.474682589,2573062
426,2019-10-14,19.391082,19.421021,19.219746,19.22411,2134.945403583,2573062
427,2019-10-15,19.464138,19.464138,19.376855,19.420846,2753.782807975,2573062
428,2019-10-16,19.472343,19.472867,19.458727,19.458727,18113.868340379,2573062
429,2019-10-17,19.437953,19.468939,19.437953,19.468939,245.26560033,2573062
430,2019-10-18,19.449126,19.449126,19.409063,19.409063,1310.119808168,2573062
431,2019-10-21,19.266355,19.35067,19.266355,19.272115,11244.685868506,2573062
432,2019-10-22,19.422242,19.454188,19.422242,19.454188,216.462166839,2573062
433,2019-10-23,19.202289,19.259023,19.202289,19.259023,494.022525931,2573062
434,2019-10-24,19.184832,19.184832,19.099295,19.160131,2781.713410147,2573062
435,2019-10-25,19.572544,19.596983,19.551422,19.596983,1992.673898766,2573062
436,2019-10-28,20.057664,20.12749,19.944196,20.01699,43873.739025561,2573062
437,2019-10-29,19.984695,20.158039,19.984695,20.109684,2505.025882373,2573062
438,2019-10-30,20.031479,20.158999,20.02275,20.158999,628.438548888,2573062
439,2019-10-31,20.406796,20.424253,20.295685,20.424253,26209.378813901,2573062
440,2019-11-01,20.572634,20.607547,20.463094,20.499491,3435.464067254,2573062
441,2019-11-04,20.921767,20.991506,20.814147,20.878212,19196.179174575,2573062
442,2019-11-05,20.939223,20.939223,20.699544,20.742138,4900.075018691,2573062
443,2019-11-06,20.734108,20.843212,20.684706,20.79957,78732.876199852,2573062
444,2019-11-07,20.869397,21.275787,20.869397,21.174975,25636.801469359,2573062
445,2019-11-08,21.157431,21.157431,20.85194,21.039686,20192.952539617,2573062
446,2019-11-11,20.467894,20.659917,20.467894,20.625004,5843.605673341,2573062
447,2019-11-12,20.502808,20.61453,20.502808,20.542085,5133.12098057,2573062
448,2019-11-13,20.555178,20.625004,20.537721,20.625004,430.305839725,2573062
449,2019-11-14,20.82366,20.973875,20.813623,20.851242,17580.568405142,2573062
450,2019-11-15,20.764657,20.817114,20.721277,20.817114,3086.331540094,2573062
451,2019-11-18,20.764657,20.764657,20.459166,20.519391,36253.921620294,2573062
452,2019-11-19,21.052691,21.209801,21.006431,21.166159,51714.382754257,2573062
453,2019-11-20,20.913038,21.131246,20.808299,20.808299,31719.562923804,2573062
454,2019-11-21,20.753485,20.886853,20.753485,20.860668,25278.067797702,2573062
455,2019-11-22,20.476623,20.476623,20.153675,20.153675,15801.738179262,2573062
456,2019-11-25,20.173401,20.197317,20.079746,20.079746,3266.134791582,2573062
457,2019-11-26,20.214773,20.287655,20.214773,20.287655,1331.067759798,2573062
458,2019-11-27,20.241395,20.2846,20.214773,20.256757,2000.529380627,2573062
459,2019-11-29,19.725988,19.725988,19.254659,19.254659,28635.849877663,2573062
460,2019-12-02,19.333214,19.333214,19.045179,19.112387,11369.500746965,2573062
461,2019-12-03,19.080093,19.115006,18.949168,19.063509,4913.167488459,2573062
462,2019-12-04,19.304061,19.333126,19.280844,19.333126,1267.351073591,2573062
463,2019-12-05,19.524364,19.567045,19.524364,19.567045,102.121264194,2573062
464,2019-12-06,19.80847,19.865554,19.768757,19.802099,8259.602761288,2573062
465,2019-12-09,19.35067,19.358875,19.283375,19.307902,3845.694786667,2573062
466,2019-12-10,19.476882,19.48561,19.437953,19.45541,674.698608737,2573062
467,2019-12-11,19.45541,19.464138,19.446682,19.464138,13939.988978181,2573062
468,2019-12-12,19.760901,19.813271,19.611385,19.813271,2680.464977271,2573062
469,2019-12-13,19.970381,19.992812,19.779841,19.779841,4344.081469188,2573062
470,2019-12-16,19.918011,20.07512,19.918011,20.032352,7120.557891428,2573062
471,2019-12-17,20.240958,20.459166,20.136219,20.380611,86160.670715181,2573062
472,2019-12-18,20.258415,20.258415,20.047364,20.12749,43915.634928821,2573062
473,2019-12-19,20.206045,20.214773,20.057402,20.162403,6060.940671498,2573062
474,2019-12-20,19.945243,19.945243,19.945243,19.945243,145.762830089,2573062
475,2019-12-23,19.752173,20.02275,19.752173,20.014022,3452.920693612,2573062
476,2019-12-24,19.957288,19.957288,19.957288,19.957288,259.230901416,2573062
477,2019-12-26,19.961652,20.267143,19.961652,20.14163,2457.892991206,2573062
478,2019-12-27,19.871341,20.300093,19.871341,20.129468,7505.784492138,2573062
479,2019-12-30,19.941342,20.153968,19.853841,19.998217,3173.639584167,2573062
480,2019-12-31,20.317593,20.317593,20.221343,20.221343,5005.02300012,2573062
481,2020-01-02,20.335093,20.728845,20.335093,20.623932,7976.536655436,2573062
482,2020-01-03,20.308843,20.479294,20.300093,20.479294,2466.636335199,2573062
483,2020-01-06,19.888841,20.317593,19.888841,20.002592,34813.784983527,2573062
484,2020-01-07,20.221343,20.387769,20.221343,20.383219,555.627553335,2573062
485,2020-01-08,20.186343,20.518844,20.186343,20.453219,4347.019976328,2573062
486,2020-01-09,20.921346,20.921346,20.816433,20.868846,8071.912093725,2573062
487,2020-01-10,21.003772,21.113847,20.775308,20.853971,3119.389334865,2573062
488,2020-01-13,21.000097,21.405923,21.000097,21.363311,9082.54173798,2573062
489,2020-01-14,21.122597,21.210097,21.087597,21.128635,9396.668181519,2573062
490,2020-01-15,21.164247,21.315098,21.061347,21.165997,1465.631735175,2573062
491,2020-01-16,21.542511,21.595012,21.491236,21.509699,2535.761652858,2573062
492,2020-01-17,21.871163,22.023851,21.871163,21.896976,2452.636270863,2573062
493,2020-01-21,22.277602,22.286352,22.041351,22.163852,20929.221178299,2573062
494,2020-01-22,22.155102,22.155102,21.76135,21.927601,14209.190297019,2573062
495,2020-01-23,21.603849,21.603849,21.201347,21.414761,23794.859347074,2573062
496,2020-01-24,21.502436,21.502436,21.096347,21.175097,7717.53546522,2573062
497,2020-01-27,20.291343,20.431344,19.985092,20.230093,14133.939951213,2573062
498,2020-01-28,20.431344,20.475094,20.125092,20.387594,6779.531154708,2573062
499,2020-01-29,20.903846,20.903846,20.693845,20.825096,7420.03409808,2573062
500,2020-01-30,20.265093,20.378844,20.09018,20.374469,7731.535529556,2573062
501,2020-01-31,19.880091,20.084842,19.705091,19.775703,15666.946996005,2573062
502,2020-02-03,20.081342,20.492594,20.081342,20.339468,8574.164401779,2573062
503,2020-02-04,21.008847,21.472599,21.008847,21.472599,11963.929979133,2573062
504,2020-02-05,21.8576,21.990251,21.7351,21.84885,23745.859121898,2573062
505,2020-02-06,22.443853,22.443853,21.918851,22.137602,17240.204225763,2573062
506,2020-02-07,21.7176,22.015101,21.525186,21.542599,11987.5550877,2573062
507,2020-02-10,21.7876,22.190102,21.7876,22.032339,15845.447816289,2573062
508,2020-02-11,22.312603,22.356353,22.163852,22.238052,66206.304244944,2573062
509,2020-02-12,22.540104,22.575104,22.409728,22.554279,11368.927244853,2573062
510,2020-02-13,22.522604,22.522604,22.260102,22.338853,174937.803910488,2573062
511,2020-02-14,22.338853,22.356353,22.146439,22.249427,33855.655580532,2573062
512,2020-02-18,22.452603,22.881355,22.452603,22.741355,37157.920755786,2573062
513,2020-02-19,22.610104,22.610104,22.251352,22.388553,27103.249550475,2573062
514,2020-02-20,22.260102,22.382603,22.032601,22.041351,18692.710900623,2573062
515,2020-02-21,22.233852,22.373853,22.233852,22.365103,9686.29451247,2573062
516,2020-02-24,21.997601,22.032601,21.70885,22.032601,11660.303583846,2573062
517,2020-02-25,22.561366,22.561366,22.120977,22.277602,9036.166524867,2573062
518,2020-02-26,22.207602,22.268852,22.109864,22.137602,14384.191101219,2573062
519,2020-02-27,22.321353,22.400103,22.058851,22.163852,27832.127899968,2573062
520,2020-02-28,21.7876,22.260102,21.437686,22.137602,68484.814715628,2573062
521,2020-03-02,22.146352,22.566354,22.116514,22.443853,33753.280110075,2573062
522,2020-03-03,22.653854,23.187607,22.448228,22.758855,94543.309465029,2573062
523,2020-03-04,23.056356,23.161356,22.77373,23.012606,39452.181298848,2573062
524,2020-03-05,23.170106,23.419483,23.012606,23.056356,52796.867623119,2573062
525,2020-03-06,23.205107,23.292607,22.623229,22.828855,47155.716699732,2573062
526,2020-03-09,22.137602,22.443766,21.052597,22.137602,43213.823585127,2573062
527,2020-03-10,22.855105,22.968856,22.137602,22.942605,37814.173771536,2573062
528,2020-03-11,22.268852,22.321353,21.498849,21.560099,50455.356862923,2573062
529,2020-03-12,20.282593,20.737508,19.250088,19.757591,35383.412601198,2573062
530,2020-03-13,21.000097,21.7001,20.110042,21.6651,15358.070576592,2573062
531,2020-03-16,17.631331,19.53009,17.631331,18.593835,54229.249205496,2573062
532,2020-03-17,18.935087,20.211718,18.733836,19.57384,87898.528929555,2573062
533,2020-03-18,18.541335,19.766341,18.480085,18.733836,43800.076279197,2573062
534,2020-03-19,18.637586,19.293839,18.558835,19.03125,57930.516214326,2573062
535,2020-03-20,19.57384,19.60884,18.716336,18.733836,197435.032294419,2573062
536,2020-03-23,18.830087,19.423777,18.672586,19.099063,55235.503829646,2573062
537,2020-03-24,19.888841,20.090792,19.620915,20.069617,17873.707136967,2573062
538,2020-03-25,20.781345,20.903846,20.11783,20.807596,62425.411870203,2573062
539,2020-03-26,20.825096,21.8051,20.807596,21.8051,78698.736652761,2573062
540,2020-03-27,20.877596,20.895096,20.107242,20.405094,21770.10004248,2573062
541,2020-03-30,20.562594,20.982596,20.387594,20.965096,8876.040789024,2573062
542,2020-03-31,20.903846,21.109472,20.615095,20.807596,8768.415294441,2573062
543,2020-04-01,20.396344,20.803921,20.125092,20.125092,7126.907751045,2573062
544,2020-04-02,20.781345,20.991346,20.658845,20.991346,13345.561328292,2573062
545,2020-04-03,21.420098,21.427886,21.008847,21.175097,9324.917851797,2573062
546,2020-04-06,21.86635,21.971351,21.306348,21.8401,21604.724282511,2573062
547,2020-04-07,22.408853,22.575104,21.86635,21.875101,93790.806006969,2573062
548,2020-04-08,22.128852,22.20594,21.541811,22.041351,8880.415809129,2573062
549,2020-04-09,22.260102,22.645104,22.120102,22.163852,10538.548428924,2573062
550,2020-04-13,22.312603,22.513853,22.225102,22.408853,11431.052530344,2573062
551,2020-04-14,23.152606,23.152606,22.793855,22.837605,18773.211270555,2573062
552,2020-04-15,22.732604,22.732604,22.356353,22.496266,7819.035931656,2573062
553,2020-04-16,23.038856,23.038856,22.575104,22.925105,14173.315132158,2573062
554,2020-04-17,22.645104,23.012606,22.400103,22.435103,35163.786591927,2573062
555,2020-04-20,23.423858,23.756359,23.012606,23.240107,752007.330780093,2573062
556,2020-04-21,23.030106,23.152606,22.750105,22.837605,152971.702967304,2573062
557,2020-04-22,23.537608,23.537608,23.189532,23.388857,112833.518515992,2573062
558,2020-04-23,23.686359,23.799234,23.476445,23.581358,117201.538588824,2573062
559,2020-04-24,23.406358,23.406358,23.012606,23.170106,69883.946145207,2573062
560,2020-04-27,23.616359,23.625109,23.388245,23.526321,45763.585302321,2573062
561,2020-04-28,23.808859,23.808859,23.485108,23.520108,57018.762024444,2573062
562,2020-04-29,23.520108,23.616271,23.231444,23.305557,54581.000821938,2573062
563,2020-04-30,23.240107,23.301357,22.636354,22.750105,102671.221816098,2573062
564,2020-05-01,22.531354,22.627604,21.875101,21.883851,95800.690243206,2573062
565,2020-05-04,21.875101,22.032601,21.7001,21.875101,207788.079870891,2573062
566,2020-05-05,21.910101,22.181352,21.883851,22.029014,31004.892480114,2573062
567,2020-05-06,22.750105,22.916355,22.595404,22.881355,52959.618371025,2573062
568,2020-05-07,23.100106,23.397608,22.960106,23.270732,23946.235042707,2573062
569,2020-05-08,23.590108,23.815684,23.465858,23.721359,58561.394113467,2573062
570,2020-05-11,23.511358,23.511358,23.222607,23.298032,42118.318550835,2573062
571,2020-05-12,23.388857,23.94011,23.388857,23.735797,40069.059133653,2573062
572,2020-05-13,23.83511,24.062611,23.747609,23.84386,48384.222345216,2573062
573,2020-05-14,23.712609,24.272612,23.563858,24.231399,65524.676112585,2573062
574,2020-05-15,23.92261,23.953235,23.476358,23.595008,45325.2082878,2573062
575,2020-05-18,24.438862,24.731814,24.307612,24.657613,38018.049708429,2573062
576,2020-05-19,24.535113,24.535113,24.237611,24.342612,81454.999318911,2573062
577,2020-05-20,24.605113,24.605113,24.062611,24.088861,48914.474781942,2573062
578,2020-05-21,23.712609,24.059111,23.695109,23.712609,36033.540588801,2573062
579,2020-05-22,23.345107,23.375732,22.968856,22.977606,86652.523203651,2573062
580,2020-05-26,24.115111,24.281362,23.817609,23.92261,39565.931821578,2573062
581,2020-05-27,23.765109,23.765109,23.073856,23.161356,80646.495603507,2573062
582,2020-05-28,22.925105,23.056356,22.610104,22.618854,104471.105087295,2573062
583,2020-05-29,23.161356,23.965485,23.161356,23.652671,80383.119393186,2573062
584,2020-06-01,23.86136,24.316362,23.86136,24.237611,25431.991870365,2573062
585,2020-06-02,24.465112,24.500025,24.281362,24.456362,24385.487061249,2573062
586,2020-06-03,24.386362,24.911364,24.386362,24.832614,72547.458385131,2573062
587,2020-06-04,24.832614,24.832614,24.548238,24.578863,32076.772405839,2573062
588,2020-06-05,24.762614,25.025115,24.640201,24.844864,32168.647828044,2573062
589,2020-06-08,24.762614,24.832614,24.333862,24.587613,28797.257335131,2573062
590,2020-06-09,24.858864,24.946365,24.692613,24.893864,27854.003000493,2573062
591,2020-06-10,24.990115,25.235116,24.937615,25.194953,12121.430702913,2573062
592,2020-06-11,24.911364,25.191278,24.500113,24.508863,59093.396558235,2573062
593,2020-06-12,25.173866,25.305116,24.972615,25.243866,30160.513599849,2573062
594,2020-06-15,25.138866,25.541367,25.077615,25.541367,73814.464207539,2573062
595,2020-06-16,25.996369,26.15387,25.580743,25.917619,65489.675951745,2573062
596,2020-06-17,26.223871,26.503872,26.15212,26.442622,51499.236659976,2573062
597,2020-06-18,26.363871,26.363871,25.978869,26.232621,34255.532418129,2573062
598,2020-06-19,26.556372,26.915124,26.477622,26.788248,65957.80310298,2573062
599,2020-06-22,26.783873,27.125125,26.766373,27.090124,61658.908347807,2573062
600,2020-06-23,27.895128,27.895128,27.597627,27.650127,70701.199900821,2573062
601,2020-06-24,27.641377,27.641377,27.256375,27.300125,39777.68279466,2573062
602,2020-06-25,27.037624,27.422626,27.002624,27.370126,37207.795984983,2573062
603,2020-06-26,27.431376,27.623877,27.431376,27.571377,26652.62247966,2573062
604,2020-06-29,27.851378,27.868878,27.518876,27.737627,44199.078112773,2573062
605,2020-06-30,27.930128,27.930128,27.816378,27.877628,35910.16502184,2573062
606,2020-07-01,27.842628,27.877628,27.562627,27.650127,35364.162512736,2573062
607,2020-07-02,27.781378,27.790128,27.588877,27.685127,50710.858037055,2573062
608,2020-07-06,28.37638,28.866383,28.000129,28.691382,148457.557222965,2573062
609,2020-07-07,28.796382,28.866383,28.507719,28.516381,72143.206527429,2573062
610,2020-07-08,28.822632,29.136759,28.700132,29.120134,68980.066991514,2573062
611,2020-07-09,29.750137,29.932925,29.522636,29.645136,103890.977421372,2573062
612,2020-07-10,29.645136,29.890137,29.575136,29.776387,53624.621426985,2573062
613,2020-07-13,30.835142,31.132643,30.616391,30.695141,105815.986267572,2573062
614,2020-07-14,30.54639,30.686391,29.925138,30.55514,118961.171675055,2573062
615,2020-07-15,30.913892,30.964642,30.625141,30.896392,72226.331909424,2573062
616,2020-07-16,29.330135,29.333722,28.656382,28.840133,143641.535091381,2573062
617,2020-07-17,29.085134,29.425773,29.085134,29.37826,34427.033206245,2573062
618,2020-07-20,29.662636,29.662636,29.233884,29.417635,105636.610443267,2573062
619,2020-07-21,30.283889,30.52014,30.275139,30.43264,56107.007834562,2573062
620,2020-07-22,30.668891,30.668891,30.257639,30.345139,76205.850196932,2573062
621,2020-07-23,30.835142,31.185143,30.730141,30.843892,59734.774505628,2573062
622,2020-07-24,29.400135,29.570761,29.006383,29.225134,128777.841786654,2573062
623,2020-07-27,29.750137,29.750137,29.417635,29.750137,68914.441689939,2573062
624,2020-07-28,29.916387,29.916387,29.662636,29.697636,33507.403980174,2573062
625,2020-07-29,30.616391,30.800142,30.187639,30.730141,48324.722071788,2573062
626,2020-07-30,30.878892,30.885104,30.660141,30.861392,30157.013583765,2573062
627,2020-07-31,31.281394,31.281394,30.861392,31.185143,56552.384881251,2573062
628,2020-08-03,31.535145,32.007997,31.535145,31.850146,98710.953617052,2573062
629,2020-08-04,31.587645,31.692646,31.403894,31.631395,45112.582310697,2573062
630,2020-08-05,32.296398,32.488899,31.946397,32.340149,57917.391154011,2573062
631,2020-08-06,32.016397,32.016397,31.580558,31.771396,73078.585825878,2573062
632,2020-08-07,31.080143,31.325144,30.642641,31.071393,81770.875770492,2573062
633,2020-08-10,30.852642,31.237644,30.712641,30.913892,44262.953406306,2573062
634,2020-08-11,30.843892,30.843892,30.275139,30.301389,56790.385974963,2573062
635,2020-08-12,29.890137,29.995138,29.487636,29.662636,99787.208562882,2573062
636,2020-08-13,29.662636,29.662636,29.330135,29.505136,27889.878165354,2573062
637,2020-08-14,29.426385,29.566386,29.312635,29.417635,33177.527464257,2573062
638,2020-08-17,29.715137,30.100138,29.706474,30.100138,43591.825322199,2573062
639,2020-08-18,30.581391,30.690766,30.318889,30.607641,103403.600181675,2573062
640,2020-08-19,30.292639,30.327639,29.837637,29.837637,36660.043467837,2573062
641,2020-08-20,29.750137,29.750137,29.583886,29.750137,55547.005261122,2573062
642,2020-08-21,29.750137,29.750137,29.592636,29.662636,48803.349271275,2573062
643,2020-08-24,29.846387,30.152639,29.741387,29.855137,40783.062414789,2573062
644,2020-08-25,29.855137,30.205139,29.750137,30.128401,190124.373698964,2573062
645,2020-08-26,30.42389,30.528803,30.38014,30.47639,202613.306090697,2573062
646,2020-08-27,30.800142,31.036393,30.625141,30.791391,155612.465102682,2573062
647,2020-08-28,31.552645,31.745146,31.473895,31.736396,83492.008679799,2573062
648,2020-08-31,31.605145,31.605145,31.065968,31.368894,131007.352032162,2573062
649,2020-09-01,31.386394,31.386394,31.106393,31.185143,53601.871322439,2573062
650,2020-09-02,31.325144,31.629995,31.185143,31.570145,51760.862862255,2573062
651,2020-09-03,31.508895,31.508895,30.695141,30.975142,73991.215019781,2573062
652,2020-09-04,30.913892,30.990717,30.187639,30.51139,81728.875577484,2573062
653,2020-09-08,29.828887,29.828887,29.312722,29.365135,110596.133234295,2573062
654,2020-09-09,29.041383,29.041383,28.708882,28.875133,76252.225410045,2573062
655,2020-09-10,28.875133,28.953796,28.35013,28.372005,63380.916261135,2573062
656,2020-09-11,28.892633,29.416148,28.892633,29.006383,39730.432577526,2573062
657,2020-09-14,29.452635,29.478885,29.032633,29.137634,41169.814192071,2573062
658,2020-09-15,29.951388,30.178889,29.789774,30.056388,56916.386553987,2573062
659,2020-09-16,30.056388,30.056388,29.632011,29.793887,66604.431074499,2573062
660,2020-09-17,29.295135,29.295135,28.910133,29.120134,25816.118635584,2573062
661,2020-09-18,29.487636,29.505136,29.330135,29.330135,22623.228962955,2573062
662,2020-09-21,29.216384,29.260134,28.743882,29.181384,36405.417297726,2573062
663,2020-09-22,29.216384,29.229509,28.875133,29.200722,15113.069450712,2573062
664,2020-09-23,29.732637,29.741387,29.400135,29.443885,29704.636504908,2573062
665,2020-09-24,28.936383,29.050133,28.822632,28.910133,48956.47497495,2573062
666,2020-09-25,28.560131,28.805132,28.437631,28.778882,41168.93918805,2573062
667,2020-09-28,28.953883,28.962633,28.525131,28.700132,31105.517942529,2573062
668,2020-09-29,28.638882,29.063259,28.638882,28.971383,25302.491275257,2573062
669,2020-09-30,29.382635,29.426385,29.260134,29.36461,21308.097919392,2573062
670,2020-10-01,29.855137,29.907637,29.599811,29.907637,30693.391048638,2573062
671,2020-10-02,29.645136,29.833262,29.37476,29.400135,17149.203807579,2573062
672,2020-10-05,29.382635,29.750137,29.382635,29.618886,20923.971154173,2573062
673,2020-10-06,29.968888,30.187639,29.9317,30.178889,52746.117389901,2573062
674,2020-10-07,30.55514,30.55514,30.187639,30.305764,28708.006924989,2573062
675,2020-10-08,30.126388,30.52889,30.126388,30.292639,24041.610480996,2573062
676,2020-10-09,30.625141,30.903742,30.56704,30.747641,33967.65609522,2573062
677,2020-10-12,31.132643,31.666396,31.132643,31.578895,54343.874732247,2573062
678,2020-10-13,31.753896,31.823896,31.578895,31.718896,33350.778260415,2573062
679,2020-10-14,31.710146,31.710146,31.349994,31.364519,26803.998175293,2573062
680,2020-10-15,31.123893,31.123893,30.633103,30.966392,29679.261388299,2573062
681,2020-10-16,31.395144,31.428219,31.02633,31.281394,15886.573005276,2573062
682,2020-10-19,30.721391,30.721391,30.187639,30.301389,78958.612846998,2573062
683,2020-10-20,30.47639,31.073405,30.47639,30.922642,85849.269512373,2573062
684,2020-10-21,30.896392,31.228894,30.896392,30.975142,39397.056045525,2573062
685,2020-10-22,30.843892,31.010143,30.52889,30.721391,43289.073930933,2573062
686,2020-10-23,30.257639,30.257639,29.977638,30.100138,29997.762851943,2573062
687,2020-10-26,30.100138,30.189301,29.750137,30.091388,74910.844245852,2573062
688,2020-10-27,30.205139,30.800142,30.205139,30.703891,74468.092211226,2573062
689,2020-10-28,30.581391,30.633891,30.082638,30.45889,60000.775728012,2573062
690,2020-10-29,30.835142,31.088893,30.625228,31.045143,81690.37540056,2573062
691,2020-10-30,30.43264,30.800142,30.336389,30.47639,31466.019599181,2573062
692,2020-11-02,30.633891,30.704154,30.187639,30.36264,50125.480347006,2573062
693,2020-11-03,30.826392,30.826392,30.603266,30.649028,22526.103516624,2573062
694,2020-11-04,31.482645,31.937647,31.110768,31.821359,40464.560951145,2573062
695,2020-11-05,32.506399,32.516637,31.946397,32.217648,113846.77317231,2573062
696,2020-11-06,31.351394,31.535145,30.896392,31.237644,74924.844310188,2573062
697,2020-11-09,32.305148,32.305148,31.281394,31.395144,49531.352616747,2573062
698,2020-11-10,30.992642,31.062643,30.598541,31.001392,54036.748320876,2573062
699,2020-11-11,30.36264,30.432552,30.187639,30.353889,53421.620494113,2573062
700,2020-11-12,30.52889,30.843804,30.377952,30.45889,43503.449916078,2573062
701,2020-11-13,30.817642,30.975142,30.47254,30.52889,28491.880931802,2573062
702,2020-11-16,31.395144,31.805521,30.826392,31.097643,68242.438601811,2573062
703,2020-11-17,30.633891,30.782641,30.283889,30.53764,116084.158454007,2573062
704,2020-11-18,30.187639,30.240139,29.750137,29.750137,102693.096916623,2573062
705,2020-11-19,29.750137,30.184576,29.505136,29.995138,208753.209306054,2573062
706,2020-11-20,30.248889,30.625141,29.995138,30.590141,54220.499165286,2573062
707,2020-11-23,30.40639,30.52889,29.741387,29.846387,77068.604161638,2573062
708,2020-11-24,29.890137,29.890137,29.400135,29.505136,75184.720504425,2573062
709,2020-11-25,29.487636,29.487636,28.875133,28.997633,61307.156731365,2573062
710,2020-11-27,28.997633,29.688886,28.997633,29.319897,33585.279338043,2573062
711,2020-11-30,29.557636,29.741387,29.321385,29.557636,106557.114673359,2573062
712,2020-12-01,29.776387,29.968888,29.566386,29.627636,38622.67748694,2573062
713,2020-12-02,29.881387,29.925138,29.627636,29.898887,56639.885283351,2573062
714,2020-12-03,30.178889,30.515765,30.178889,30.45014,37723.173353352,2573062
715,2020-12-04,30.45014,30.808892,30.40639,30.40639,26337.6210321,2573062
716,2020-12-07,30.318889,30.883267,30.318889,30.712641,65510.676048249,2573062
717,2020-12-08,30.835142,30.852642,30.45014,30.712641,38812.553359497,2573062
718,2020-12-09,30.56389,30.56389,29.811387,29.977638,51379.361109099,2573062
719,2020-12-10,29.968888,30.622253,29.968888,30.336389,58463.393663115,2573062
720,2020-12-11,30.073888,30.343389,30.073888,30.170139,48742.098989805,2573062
721,2020-12-14,30.161389,30.712641,30.161389,30.45014,39888.808305327,2573062
722,2020-12-15,31.036393,31.491395,30.913892,31.412644,55648.505727558,2573062
723,2020-12-16,31.675146,31.867646,31.412644,31.867646,42462.195131088,2573062
724,2020-12-17,32.348899,32.987652,32.348899,32.935151,100072.459873728,2573062
725,2020-12-18,32.961401,33.169652,32.55015,32.856401,102989.723279742,2573062
726,2020-12-21,32.926401,33.162652,32.6464,33.110152,40544.186317056,2573062
727,2020-12-22,32.821401,33.197653,32.821401,33.066402,23256.731874159,2573062
728,2020-12-23,33.153902,33.206403,32.885626,33.005152,68118.188030829,2573062
729,2020-12-24,33.197653,33.206403,32.712288,33.162652,54104.998634514,2573062
730,2020-12-28,33.206403,33.250153,33.004277,33.066402,29041.38345699,2573062
731,2020-12-29,33.101498,33.2485,32.672745,32.900247,23069.54816532,2573062
732,2020-12-30,33.25025,34.092793,33.215249,33.897754,58133.686364784,2573062
733,2020-12-31,34.099006,34.422671,33.950255,34.169006,38292.037428816,2573062
734,2021-01-04,34.510259,34.562672,33.766591,34.352758,59084.8185042,2573062
735,2021-01-05,34.58026,35.341428,34.58026,35.201514,98900.242367904,2573062
736,2021-01-06,35.332765,35.472766,35.096513,35.420266,110188.702101672,2573062
737,2021-01-07,35.044013,35.481429,34.744411,35.437766,46398.098274768,2573062
738,2021-01-08,35.350265,35.65958,35.262765,35.490266,46031.470522776,2573062
739,2021-01-11,34.825261,35.048388,34.667848,34.991513,70181.651799576,2573062
740,2021-01-12,35.105264,35.770268,35.105264,35.534017,39685.92289164,2573062
741,2021-01-13,35.289015,35.490266,35.00035,35.324015,19636.897399056,2573062
742,2021-01-14,35.639018,35.849019,35.245265,35.249202,81738.73854972,2573062
743,2021-01-15,35.315265,35.332765,35.000263,35.219014,49289.994982008,2573062
744,2021-01-19,35.99777,36.041433,35.464016,35.822769,57200.054356728,2573062
745,2021-01-20,37.441531,37.616532,36.925277,37.599032,52489.894001184,2573062
746,2021-01-21,37.852784,38.316538,37.406531,37.844034,91003.308091704,2573062
747,2021-01-22,38.342788,39.124081,38.342788,38.719041,75905.069760864,2573062
748,2021-01-25,39.480296,39.742798,38.937792,39.217794,238613.416087032,2573062
749,2021-01-26,38.404038,38.404038,37.712783,38.255287,215402.116857696,2573062
750,2021-01-27,37.625282,37.625282,36.846527,37.012778,125578.317619656,2573062
751,2021-01-28,36.575275,36.645188,35.96277,36.479024,76378.448314152,2573062
752,2021-01-29,36.417773,36.69305,35.875269,36.085271,69188.519344896,2573062
753,2021-02-01,36.619025,37.205279,36.619025,37.196529,53803.278859752,2573062
754,2021-02-02,37.966535,38.150286,37.677783,37.782784,126227.572493112,2573062
755,2021-02-03,38.229037,38.395201,37.96391,38.316538,172990.548506736,2573062
756,2021-02-04,37.957785,37.957785,37.625282,37.778496,50942.88238896,2573062
757,2021-02-05,38.334038,38.65779,38.325288,38.509039,77285.830125168,2573062
758,2021-02-08,39.191544,39.252795,38.93788,39.069043,135621.64300716,2573062
759,2021-02-09,39.375296,40.010813,39.375296,39.856724,215228.865557232,2573062
760,2021-02-10,40.635305,40.752731,40.250302,40.565304,84314.757885912,2573062
761,2021-02-11,41.151559,41.221472,40.661555,41.212809,71067.158446392,2573062
762,2021-02-12,40.819056,41.31151,40.425391,41.081558,69207.769489392,2573062
763,2021-02-16,41.510312,41.510312,41.182009,41.457811,138343.788440208,2573062
764,2021-02-17,41.729063,41.729063,41.083308,41.501562,95875.344662328,2573062
765,2021-02-18,39.681548,39.681548,38.552789,38.946542,562426.221700224,2573062
766,2021-02-19,39.699048,39.769049,39.130294,39.419046,98101.36137132,2573062
767,2021-02-22,37.564032,37.747783,36.881527,37.126529,257057.679533904,2573062
768,2021-02-23,36.969027,37.152779,36.409023,37.100278,163844.979858,2573062
769,2021-02-24,36.146521,36.295272,35.446516,36.111521,152988.773368824,2573062
770,2021-02-25,36.181522,36.283635,35.36339,35.490266,120920.657658192,2573062
771,2021-02-26,35.079013,35.429016,34.939012,35.131514,62543.719467504,2573062
772,2021-03-01,35.569017,36.452774,35.569017,36.417773,72901.17221292,2573062
773,2021-03-02,35.822769,35.822769,35.324015,35.490266,202353.143909112,2573062
774,2021-03-03,35.674018,35.770268,35.236514,35.437766,207735.30930888,2573062
775,2021-03-04,34.125256,34.330883,33.399001,33.609002,181837.739915784,2573062
776,2021-03-05,33.416501,33.591502,32.786496,33.171499,224364.80913372,2573062
777,2021-03-08,31.91149,32.106003,30.030225,30.030225,268326.014116608,2573062
778,2021-03-09,30.738981,31.832739,30.738981,31.587737,300451.880260728,2573062
779,2021-03-10,31.578987,32.281355,31.578987,31.893989,199469.122260984,2573062
780,2021-03-11,33.259,34.029005,32.729621,33.976505,150732.131429952,2573062
781,2021-03-12,33.075248,33.460251,32.453994,33.460251,122474.66932296,2573062
782,2021-03-15,31.902739,32.305242,31.902739,32.173992,96457.224030048,2573062
783,2021-03-16,32.952747,33.215249,32.375243,33.127749,122850.9221472,2573062
784,2021-03-17,32.760246,33.25025,32.637745,32.970247,28458.713617632,2573062
785,2021-03-18,33.013998,33.416501,32.838996,32.996498,63308.475207936,2573062
786,2021-03-19,32.812746,33.136499,32.417331,32.882747,50561.379525312,2573062
787,2021-03-22,32.585245,32.970247,32.383993,32.497744,434816.138829672,2573062
788,2021-03-23,32.226492,32.550244,32.01649,32.03399,95444.841430872,2573062
789,2021-03-24,31.710238,32.130241,31.500236,31.500236,100113.001471152,2573062
790,2021-03-25,31.517737,32.01649,31.517737,32.01649,502921.400043384,2573062
791,2021-03-26,32.593995,33.153999,32.585245,33.153999,72089.166117816,2573062
792,2021-03-29,32.812746,33.162749,32.812746,33.066498,81279.36010152,2573062
793,2021-03-30,33.25025,33.714003,33.177274,33.556502,57647.182712976,2573062
794,2021-03-31,33.609002,34.116506,33.609002,34.064006,102320.643042216,2573062
795,2021-04-01,34.361508,34.825261,34.327383,34.396508,41262.684727176,2573062
796,2021-04-05,34.422758,34.890537,34.422758,34.825261,67851.509308992,2573062
797,2021-04-06,34.387758,34.65026,34.284507,34.62401,54377.28316836,2573062
798,2021-04-07,34.125256,34.317758,33.854092,34.317758,29479.846282488,2573062
799,2021-04-08,34.449009,34.764011,34.449009,34.746511,27710.583001992,2573062
800,2021-04-09,34.282757,34.562759,33.854004,33.880254,26343.822742776,2573062
801,2021-04-12,33.3465,33.504001,33.090561,33.206499,36219.146869224,2573062
802,2021-04-13,33.28525,33.665878,33.26775,33.530252,85778.643874176,2573062
803,2021-04-14,33.766503,34.077131,33.705253,33.915255,17249.879481552,2573062
804,2021-04-15,33.731503,34.125256,33.731503,33.757753,17528.131570176,2573062
805,2021-04-16,33.661503,34.029005,33.547752,33.775254,46803.226315752,2573062
806,2021-04-19,34.711511,34.807761,34.314258,34.807761,64165.981644576,2573062
807,2021-04-20,34.527759,34.777224,34.31277,34.70276,87422.781215448,2573062
808,2021-04-21,35.000263,35.424641,34.886512,35.289015,61935.589902744,2573062
809,2021-04-22,35.376516,35.752768,35.376516,35.639018,37398.655722888,2573062
810,2021-04-23,36.312773,36.916527,36.312773,36.907777,56555.174516112,2573062
811,2021-04-26,36.417773,36.479024,36.151159,36.365273,42950.572396848,2573062
812,2021-04-27,36.977778,37.034653,36.671525,36.951527,89508.79687356,2573062
813,2021-04-28,37.152779,37.625282,37.152779,37.555282,24570.18442944,2573062
814,2021-04-29,37.424031,37.555282,37.065278,37.161529,38285.037376272,2573062
815,2021-04-30,37.397781,37.590282,37.135279,37.29278,78242.212303992,2573062
816,2021-05-03,37.24903,37.782784,37.109029,37.607782,89397.671039424,2573062
817,2021-05-04,37.29278,37.34528,36.689025,36.925277,197926.4856816,2573062
818,2021-05-05,36.942777,37.074028,36.566524,36.566524,17516.756484792,2573062
819,2021-05-06,35.875269,36.190272,35.875269,35.892769,41946.064856784,2573062
820,2021-05-07,35.586517,35.711031,35.105264,35.350265,111160.83439872,2573062
821,2021-05-10,35.875269,36.111521,35.175264,35.210264,92894.197285152,2573062
822,2021-05-11,35.271515,36.252922,35.271515,36.242772,37654.157640744,2573062
823,2021-05-12,36.102771,36.514024,35.831519,35.95402,59083.068491064,2573062
824,2021-05-13,36.207772,36.715276,36.207772,36.662775,94605.71013216,2573062
825,2021-05-14,37.109029,38.001535,37.109029,37.870284,107870.80970304,2573062
826,2021-05-17,37.800284,38.106536,37.625282,37.852784,133266.125326104,2573062
827,2021-05-18,38.202787,38.311375,37.634032,38.045286,138090.911542056,2573062
828,2021-05-19,37.432781,38.148536,37.380281,37.765283,25670.942691984,2573062
829,2021-05-20,37.782784,38.474039,37.782784,37.957785,86711.400875664,2573062
830,2021-05-21,38.080286,38.229037,37.738858,38.062786,87000.153043104,2573062
831,2021-05-24,38.089036,38.447439,37.957785,38.159036,67073.62847004,2573062
832,2021-05-25,39.121544,39.226544,38.789041,39.112794,42383.568140784,2573062
833,2021-05-26,39.147794,39.200294,38.995543,39.130294,31205.359234584,2573062
834,2021-05-27,39.279045,39.777799,39.252795,39.769049,61725.588326424,2573062
835,2021-05-28,38.58779,38.964042,38.329663,38.727791,45490.716463752,2573062
836,2021-06-01,39.865299,40.232802,39.672798,40.162801,69897.274664976,2573062
837,2021-06-02,39.139044,39.725561,39.139044,39.541547,76059.070916832,2573062
838,2021-06-03,39.305295,39.305295,38.747041,38.841542,47371.105578384,2573062
839,2021-06-04,39.069043,39.506547,39.069043,39.366545,18580.76447148,2573062
840,2021-06-07,39.454046,39.462796,39.027393,39.357795,35619.767370144,2573062
841,2021-06-08,38.535289,38.990293,38.509039,38.60529,45753.218434152,2573062
842,2021-06-09,38.832791,39.191544,38.773291,38.911542,12863.471556168,2573062
843,2021-06-10,39.200294,39.375296,39.025293,39.270295,22066.790638392,2573062
844,2021-06-11,39.375296,39.392796,38.937792,39.287795,29982.10005252,2573062
845,2021-06-14,39.226544,39.314045,38.955292,39.086543,57055.678273008,2573062
846,2021-06-15,38.69279,38.69279,38.097786,38.281537,51097.758551496,2573062
847,2021-06-16,37.24028,37.511532,36.531524,36.890277,122640.045564312,2573062
848,2021-06-17,37.004028,37.826534,37.004028,37.686533,232104.24222768,2573062
849,2021-06-18,37.957785,38.255287,37.733521,38.001535,117775.009046232,2573062
850,2021-06-21,38.089036,38.433701,37.975285,38.3,33692.12790084,2573062
851,2021-06-22,38.421538,39.069043,38.395288,38.815291,31169.483965296,2573062
852,2021-06-23,38.990293,39.331545,38.990293,39.086543,43931.454759576,2573062
853,2021-06-24,39.077793,39.375296,39.077793,39.366545,29143.843760376,2573062
854,2021-06-25,39.664048,39.97905,39.664048,39.9353,39015.667860552,2573062
855,2021-06-28,40.504054,40.775306,40.469054,40.740306,83177.249347512,2573062
856,2021-06-29,40.390303,40.390303,40.01405,40.276552,41550.561888048,2573062
857,2021-06-30,40.119051,40.250302,39.839049,39.865299,11311.209904536,2573062
858,2021-07-01,40.311553,40.626555,39.812799,40.101551,15478.86618792,2573062
859,2021-07-02,39.506547,39.567797,38.929042,39.034043,30528.104150952,2573062
860,2021-07-06,37.432781,37.432781,36.636613,36.750276,121483.286881416,2573062
861,2021-07-07,37.669033,38.24435,37.669033,37.992785,84736.511051688,2573062
862,2021-07-08,36.750276,36.925277,36.575275,36.689025,122945.422856544,2573062
863,2021-07-09,36.977778,37.572782,36.977778,37.520282,35157.76390224,2573062
864,2021-07-12,38.141536,38.325288,37.819796,38.237787,58755.816034632,2573062
865,2021-07-13,37.931535,38.054036,37.669033,37.879034,140591.6803134,2573062
866,2021-07-14,38.395288,38.929042,38.395288,38.526539,12335.842595664,2573062
867,2021-07-15,38.66654,38.885292,38.537127,38.719041,39167.043996816,2573062
868,2021-07-16,37.975285,38.465289,37.730721,37.765283,18445.13845344,2573062
869,2021-07-19,38.036536,38.360288,37.852784,38.062786,183407.501698776,2573062
870,2021-07-20,37.922785,38.229037,37.632195,38.229037,23615.552263752,2573062
871,2021-07-21,38.377788,38.66654,38.141536,38.61404,50142.25137924,2573062
872,2021-07-22,37.826534,37.830909,37.389031,37.747783,58251.812251464,2573062
873,2021-07-23,36.837777,36.837777,36.149496,36.269022,42638.195052072,2573062
874,2021-07-26,35.000263,35.000263,33.514502,33.652753,222842.2977054,2573062
875,2021-07-27,31.797739,32.121491,31.28271,31.902739,282585.121148736,2573062
876,2021-07-28,33.661503,35.192764,33.661503,35.026513,174588.310499904,2573062
877,2021-07-29,35.437766,35.525267,35.035263,35.157764,56999.677852656,2573062
878,2021-07-30,34.65026,34.956512,34.57151,34.799011,37014.527839536,2573062
879,2021-08-02,34.720261,35.009013,34.68526,34.869012,56801.926368288,2573062
880,2021-08-03,35.595267,36.094021,35.595267,36.02402,183447.752000904,2573062
881,2021-08-04,35.97152,36.382773,35.97152,36.251522,113312.475549432,2573062
882,2021-08-05,36.190272,36.190272,35.787769,36.00652,63525.4768368,2573062
883,2021-08-06,35.157764,35.157764,34.562759,34.69401,110528.204650056,2573062
884,2021-08-09,34.720261,35.166514,34.720261,34.895262,60406.07842188,2573062
885,2021-08-10,35.219014,35.472766,35.035263,35.201514,38555.414405784,2573062
886,2021-08-11,34.886512,34.886512,34.274007,34.291507,24186.056546088,2573062
887,2021-08-12,33.906505,33.906505,33.460251,33.574002,42100.94101932,2573062
888,2021-08-13,33.477751,33.897754,33.477751,33.775254,37786.283632512,2573062
889,2021-08-16,33.460251,33.810254,33.399001,33.600252,68842.891750536,2573062
890,2021-08-17,32.445244,32.532657,32.217742,32.383993,111484.58682888,2573062
891,2021-08-18,32.068991,32.383993,32.068991,32.191492,56124.671284656,2573062
892,2021-08-19,32.01649,32.410243,32.01649,32.305242,107271.43020396,2573062
893,2021-08-20,30.61648,30.61648,30.082726,30.205227,121801.789272168,2573062
894,2021-08-23,30.861482,31.456486,30.861482,31.452024,124386.55867404,2573062
895,2021-08-24,31.902739,32.436493,31.902739,32.366493,117793.38418416,2573062
896,2021-08-25,32.375243,32.471494,32.112829,32.165241,19741.898187216,2573062
897,2021-08-26,31.753988,31.753988,31.123984,31.150234,41538.311796096,2573062
898,2021-08-27,31.106483,31.307735,30.957732,31.080233,24640.18495488,2573062
899,2021-08-30,30.975233,31.552737,30.975233,31.395236,81226.85970744,2573062
900,2021-08-31,31.193984,31.412736,31.176484,31.360235,24927.187109184,2573062
901,2021-09-01,31.456486,32.00774,31.395236,31.771488,77479.206576696,2573062
902,2021-09-02,31.412736,31.412736,30.957732,31.228984,144141.581959776,2573062
903,2021-09-03,31.281485,31.683988,31.281485,31.679613,16396.748077752,2573062
904,2021-09-07,32.375243,32.672745,32.296492,32.628995,84110.881355568,2573062
905,2021-09-08,32.532744,32.532744,32.068991,32.182742,90446.803914456,2573062
906,2021-09-09,31.867739,32.188429,31.762738,32.02524,26198.571652488,2573062
907,2021-09-10,32.042741,32.227454,31.850239,31.858989,12354.217733592,2573062
908,2021-09-13,31.675238,31.94649,31.60585,31.815239,45458.341220736,2573062
909,2021-09-14,31.815239,32.103991,31.815239,31.92899,19585.272011544,2573062
910,2021-09-15,31.438986,31.605237,31.421486,31.491486,20305.402417008,2573062
911,2021-09-16,31.386486,31.500236,31.167734,31.333985,39329.795218464,2573062
912,2021-09-17,32.383993,32.760246,32.375243,32.733996,41407.060810896,2573062
913,2021-09-20,32.103991,32.281617,31.692825,31.98149,46324.597723056,2573062
914,2021-09-21,32.042741,32.208992,31.719076,31.876489,54661.66030296,2573062
915,2021-09-22,32.383993,33.041823,32.383993,32.506494,46934.477300952,2573062
916,2021-09-23,32.445244,32.550244,32.327118,32.515244,51967.515080088,2573062
917,2021-09-24,32.322743,32.366493,32.156579,32.217742,16378.372939824,2573062
918,2021-09-27,32.725246,32.777746,32.620245,32.681495,38800.416244824,2573062
919,2021-09-28,32.698995,32.742746,32.156491,32.208992,48073.735852488,2573062
920,2021-09-29,32.103991,32.200242,31.93774,31.93774,31142.358761688,2573062
921,2021-09-30,32.506494,32.812746,32.506494,32.716496,12511.718915832,2573062
922,2021-10-01,32.646495,32.646495,32.028915,32.445244,10099.325807856,2573062
923,2021-10-04,31.701488,31.841489,31.500061,31.745238,32823.246378816,2573062
924,2021-10-05,31.543987,31.815239,31.508987,31.692738,47644.982634168,2573062
925,2021-10-06,31.543987,31.648988,31.316573,31.570237,25674.442718256,2573062
926,2021-10-07,31.91149,32.256242,31.753376,32.051491,14290.607268576,2573062
927,2021-10-08,32.235242,32.261492,31.96399,32.121491,5901.91930116,2573062
928,2021-10-11,32.121491,32.121491,31.508987,31.508987,11032.082809344,2573062
929,2021-10-12,31.771488,31.902739,31.500236,31.578987,195194.715176304,2573062
930,2021-10-13,32.200242,32.331493,32.068991,32.191492,17450.255985624,2573062
931,2021-10-14,31.771488,31.92024,31.508987,31.640237,18432.888361488,2573062
932,2021-10-15,31.500236,31.609612,31.369685,31.513362,24936.812181432,2573062
933,2021-10-18,31.263985,31.468124,31.220234,31.424723,13175.848900944,2573062
934,2021-10-19,31.850239,32.292117,31.850239,32.121491,58254.437271168,2573062
935,2021-10-20,32.086491,32.086491,31.815239,31.815239,9035.317821168,2573062
936,2021-10-21,31.666488,31.718988,31.543987,31.631487,22724.795577528,2573062
937,2021-10-22,31.500236,31.768776,31.500236,31.596487,11392.58551536,2573062
938,2021-10-25,31.552737,31.93774,31.552737,31.93774,11322.58498992,2573062
939,2021-10-26,31.718988,31.788989,31.508987,31.508987,30372.352981848,2573062
940,2021-10-27,31.316485,31.316485,30.747731,30.800231,122477.294342664,2573062
941,2021-10-28,30.58148,30.940232,30.58148,30.931482,19338.520159368,2573062
942,2021-10-29,30.948982,31.132734,30.931482,31.080233,37476.53130744,2573062
943,2021-11-01,30.458979,30.59023,30.319853,30.388978,34153.256362176,2573062
944,2021-11-02,29.872724,30.030225,29.750223,29.995225,61332.710377392,2573062
945,2021-11-03,29.960225,30.310228,29.920937,30.278902,7904.809335312,2573062
946,2021-11-04,30.126476,30.126476,29.776474,29.863974,44284.08240648,2573062
947,2021-11-05,29.855224,29.916475,29.645223,29.721873,23559.5518434,2573062
948,2021-11-08,29.32147,29.33897,29.050218,29.181469,50117.751195336,2573062
949,2021-11-09,29.391471,29.750136,29.391471,29.601472,27615.20728608,2573062
950,2021-11-10,30.056476,30.423978,30.056476,30.336478,13969.47985812,2573062
951,2021-11-11,30.345228,30.563979,30.345228,30.441479,11796.838549776,2573062
952,2021-11-12,30.441479,30.441479,30.135226,30.318978,14895.236807064,2573062
953,2021-11-15,30.957732,30.957732,30.60773,30.63398,11931.589561248,2573062
954,2021-11-16,31.228984,31.648988,31.158984,31.523337,28337.08770468,2573062
955,2021-11-17,31.535237,31.771488,31.526487,31.613987,22754.54580084,2573062
956,2021-11-18,31.246485,31.246485,30.800231,30.975233,12394.46803572,2573062
957,2021-11-19,30.922732,31.097733,30.922732,30.940232,27754.333330392,2573062
958,2021-11-22,30.62523,30.62523,30.213977,30.213977,24654.185059968,2573062
959,2021-11-23,30.380228,30.380228,29.754598,29.776474,25824.068841384,2573062
960,2021-11-24,29.968975,30.358353,29.968975,30.275227,5145.03861984,2573062
961,2021-11-26,30.056476,30.318978,30.047726,30.296227,10123.82599176,2573062
962,2021-11-29,30.283977,30.423978,30.178977,30.362728,13166.223828696,2573062
963,2021-11-30,30.292727,30.61648,30.175389,30.511479,12292.092267264,2573062
964,2021-12-01,29.933975,30.187727,29.855224,29.881474,18654.265023192,2573062
965,2021-12-02,29.750223,29.767723,29.299595,29.33022,96052.095989064,2573062
966,2021-12-03,29.662723,29.793974,29.120219,29.31272,62153.466538176,2573062
967,2021-12-06,28.962717,28.988968,28.603965,28.910217,38642.040056016,2573062
968,2021-12-07,29.25147,29.478971,29.128969,29.478971,44144.0813556,2573062
969,2021-12-08,29.531472,29.933975,29.531472,29.601472,54032.530580568,2573062
970,2021-12-09,30.415228,30.476479,30.073976,30.135226,28756.215850752,2573062
971,2021-12-10,30.187727,30.301477,29.820224,29.898974,17578.006944552,2573062
972,2021-12-13,29.443971,29.592722,29.37397,29.548972,13211.724170232,2573062
973,2021-12-14,29.540222,29.623347,29.31272,29.470221,22161.291347736,2573062
974,2021-12-15,28.227712,28.227712,27.203954,27.676458,132814.621937016,2573062
975,2021-12-16,28.437713,29.067718,28.437713,29.023968,88898.042289096,2573062
976,2021-12-17,28.358963,28.577715,28.003973,28.385301,10635.70483404,2573062
977,2021-12-20,28.192712,28.192712,27.676458,27.825209,30426.603389064,2573062
978,2021-12-21,28.01771,28.240837,28.01771,28.157711,7384.180427352,2573062
979,2021-12-22,28.157711,28.393963,28.074061,28.183962,18775.890936144,2573062
980,2021-12-23,28.00021,28.148961,27.763958,28.02646,40301.927515512,2573062
981,2021-12-27,27.91271,28.428963,27.91271,28.183962,49414.245914664,2573062
982,2021-12-28,28.096461,28.485839,28.01771,28.376463,75359.065662432,2573062
983,2021-12-29,28.38,28.38,27.61,27.83,59912.0,2573062
984,2021-12-30,27.86,28.4999,27.8,28.17,39903.0,2573062
985,2021-12-31,28.74,28.93,28.5223,28.7,69379.0,2573062
271,2018-12-31,32.902568,33.05869,32.590326,32.883053,306432.9753795,2572765
272,2019-01-02,32.49275,32.960723,32.365901,32.697659,122266.411758,2572765
273,2019-01-03,32.385416,32.471868,31.712143,31.819477,302846.0880525,2572765
274,2019-01-04,32.180507,33.117235,32.180507,32.902568,229056.32191275,2572765
275,2019-01-07,32.961114,33.752454,32.961114,33.624629,331961.73847425,2572765
276,2019-01-08,33.94663,34.336933,33.681223,34.336933,199766.9865225,2572765
277,2019-01-09,34.444266,34.699525,34.327175,34.600388,276985.56715275,2572765
278,2019-01-10,34.424751,34.619903,34.165687,34.5516,319772.56641525,2572765
279,2019-01-11,34.424751,34.663226,34.161394,34.522327,423510.304764,2572765
280,2019-01-14,34.288145,34.336933,34.02469,34.112508,234152.7072525,2572765
281,2019-01-15,34.210084,34.776024,34.180909,34.717479,98420.8316445,2572765
282,2019-01-16,34.795539,34.971176,34.444754,34.649175,158679.7581315,2572765
283,2019-01-17,34.5516,35.224775,34.508471,35.010206,281751.17044575,2572765
284,2019-01-18,34.922388,35.183696,34.717479,34.990691,182259.932001,2572765
285,2019-01-22,34.893115,34.893115,34.403967,34.59063,313969.7321025,2572765
286,2019-01-23,34.805297,35.254146,34.571115,34.795539,132659.21287875,2572765
287,2019-01-24,34.815054,35.127297,34.805297,35.019964,99562.468797,2572765
288,2019-01-25,35.302933,35.659085,35.225849,35.566388,191054.44110825,2572765
289,2019-01-28,35.254146,35.546873,35.107782,35.527358,263263.478883,2572765
290,2019-01-29,35.566388,35.674697,35.298055,35.47857,103612.84129275,2572765
291,2019-01-30,35.605419,36.046949,35.420024,35.966449,148463.569254,2572765
292,2019-01-31,36.054267,36.766571,36.054267,36.581177,213410.038374,2572765
293,2019-02-01,36.747056,37.426671,36.747056,37.312995,263649.87915,2572765
294,2019-02-04,37.332511,37.89845,37.312995,37.888693,459607.5054645,2572765
295,2019-02-05,37.956996,38.132632,37.91455,37.949385,241630.9184805,2572765
296,2019-02-06,37.966754,38.054572,37.479362,37.82039,260869.94389575,2572765
297,2019-02-07,37.449602,37.519173,36.956258,37.410571,187687.0993875,2572765
298,2019-02-08,36.97148,37.517905,36.837118,37.49839,163991.7860445,2572765
299,2019-02-11,37.634996,37.771602,37.371541,37.644753,219204.0908625,2572765
300,2019-02-12,37.869178,38.210693,37.791117,38.200935,176697.13421775,2572765
301,2019-02-13,38.083844,38.152148,37.781359,37.82039,231469.372065,2572765
302,2019-02-14,37.888693,38.561966,37.888693,38.42536,255021.24894525,2572765
303,2019-02-15,38.600996,38.600996,38.220451,38.405845,264053.8430655,2572765
304,2019-02-19,38.288754,38.649784,38.191178,38.600996,165447.6173535,2572765
305,2019-02-20,38.620512,38.679057,38.220451,38.435117,281796.05532525,2572765
306,2019-02-21,38.308269,38.435117,38.005784,38.308269,216657.36183,2572765
307,2019-02-22,38.38633,38.640027,38.366814,38.640027,72486.15311775,2572765
308,2019-02-25,38.903481,38.981542,38.688815,38.776633,243489.73794675,2572765
309,2019-02-26,38.669299,38.883966,38.643052,38.727845,190493.3801145,2572765
310,2019-02-27,38.932754,39.264512,38.78639,39.235239,212562.10445475,2572765
311,2019-02-28,39.157179,39.266268,38.935974,39.020572,179732.7181335,2572765
312,2019-03-01,39.371845,39.424048,38.939975,39.342573,157886.46667425,2572765
313,2019-03-04,39.488936,39.488936,38.025299,38.493663,302969.033592,2572765
314,2019-03-05,38.42536,38.491711,38.113117,38.278996,246220.8852885,2572765
315,2019-03-06,38.327784,38.327784,37.837953,37.956996,181558.36181925,2572765
316,2019-03-07,37.839905,38.161905,37.636069,37.908208,207733.0768755,2572765
317,2019-03-08,37.391056,37.882546,37.303238,37.791117,135498.66938625,2572765
318,2019-03-11,37.888693,38.74736,37.888693,38.70833,234917.7017205,2572765
319,2019-03-12,38.776633,38.962027,38.561966,38.766875,561599.612304,2572765
320,2019-03-13,38.903481,39.215724,38.810004,38.883966,140068.145271,2572765
321,2019-03-14,38.893724,39.201088,38.776633,38.962027,94307.0348625,2572765
322,2019-03-15,39.108391,39.254657,38.981542,39.049845,188494.05146025,2572765
323,2019-03-18,39.118148,39.498694,38.962027,39.3133,457707.70415175,2572765
324,2019-03-19,39.518209,39.59627,39.284027,39.323057,216478.79807025,2572765
325,2019-03-20,39.35233,39.566997,38.874209,39.225482,188220.83915025,2572765
326,2019-03-21,39.118148,39.888217,39.102341,39.801179,152507.111442,2572765
327,2019-03-22,39.557239,39.693846,38.562064,38.591239,329544.785289,2572765
328,2019-03-25,38.396087,38.532693,37.996026,38.396087,997834.78040625,2572765
329,2019-03-26,38.688815,39.06936,38.632221,38.805906,293746.166613,2572765
330,2019-03-27,38.864451,38.893724,37.89845,38.308269,210030.011796,2572765
331,2019-03-28,38.396087,38.766875,38.272263,38.552208,240328.28121675,2572765
332,2019-03-29,38.903481,39.064482,38.757118,39.040088,169047.18953775,2572765
333,2019-04-01,39.391361,39.518209,39.010815,39.430391,273634.81332225,2572765
334,2019-04-02,39.430391,39.449906,39.03033,39.323057,193453.830645,2572765
335,2019-04-03,39.654815,39.840209,39.464835,39.527967,127299.3728115,2572765
336,2019-04-04,39.557239,39.557239,38.369742,38.737603,457599.394986,2572765
337,2019-04-05,38.78639,39.157179,38.78639,38.981542,112376.126136,2572765
338,2019-04-08,39.020572,39.254754,38.674178,39.254754,262615.575405,2572765
339,2019-04-09,39.098633,39.393995,39.059603,39.196209,209286.4840095,2572765
340,2019-04-10,39.27427,39.664573,39.196209,39.625543,285900.09452475,2572765
341,2019-04-11,39.781664,39.807912,39.508452,39.645058,109875.25774125,2572765
342,2019-04-12,39.91827,40.074391,39.723216,40.064634,427227.9436965,2572765
343,2019-04-15,40.045119,40.367119,39.908512,40.113422,303443.2521015,2572765
344,2019-04-16,40.308573,40.396392,39.893876,40.006088,187910.54802675,2572765
345,2019-04-17,40.220755,40.24027,39.498694,39.6353,235522.6718355,2572765
346,2019-04-18,39.430391,39.430391,38.796148,39.215724,256976.66847825,2572765
347,2019-04-22,39.225482,39.669452,39.225482,39.6353,80914.75288125,2572765
348,2019-04-23,39.723118,40.234513,39.684088,40.191482,203625.134643,2572765
349,2019-04-24,40.20124,40.454937,40.20124,40.318331,156772.15075275,2572765
350,2019-04-25,40.347604,40.464695,40.015846,40.435422,109680.10609125,2572765
351,2019-04-26,40.396392,40.630574,40.176846,40.532998,101529.597429,2572765
352,2019-04-29,40.601301,40.972089,40.552513,40.76718,276220.57268475,2572765
353,2019-04-30,40.815968,40.84524,40.386634,40.80621,178386.1717485,2572765
354,2019-05-01,40.854998,40.884271,40.231488,40.259785,125937.2142945,2572765
355,2019-05-02,40.259785,40.630574,39.859725,40.24027,155082.13746375,2572765
356,2019-05-03,40.396392,40.751958,40.289058,40.669604,105141.8544705,2572765
357,2019-05-06,39.928028,40.445179,39.625543,40.376876,165108.0534825,2572765
358,2019-05-07,40.006088,40.16221,39.205966,39.576755,233669.70691875,2572765
359,2019-05-08,39.449906,39.6353,39.274367,39.459664,130678.42363125,2572765
360,2019-05-09,38.815663,39.171327,38.308269,39.020572,280675.88485425,2572765
361,2019-05-10,38.552208,39.001057,38.074087,38.835178,353463.54727125,2572765
362,2019-05-13,38.054572,38.249723,37.407254,37.469117,345684.80250225,2572765
363,2019-05-14,37.761844,38.278996,37.761844,38.10336,301520.03259075,2572765
364,2019-05-15,37.85942,38.493663,37.761844,38.239966,137780.967933,2572765
365,2019-05-16,38.620512,39.440148,38.591239,39.342573,482715.412341,2572765
366,2019-05-17,39.059603,39.440148,38.871574,38.942512,193074.26068575,2572765
367,2019-05-20,38.766875,38.864451,38.308269,38.620512,332892.61184475,2572765
368,2019-05-21,38.835178,39.205966,38.835178,39.118148,94573.41686475,2572765
369,2019-05-22,39.03033,39.3133,39.03033,39.147421,143624.78409225,2572765
370,2019-05-23,38.796148,38.874111,37.986269,38.230208,279120.52620375,2572765
371,2019-05-24,38.327784,38.464293,38.044814,38.161905,155335.83460875,2572765
372,2019-05-28,38.376572,38.70833,38.122875,38.161905,211872.243372,2572765
373,2019-05-29,37.986269,38.044717,37.57645,37.781359,269679.08937675,2572765
374,2019-05-30,37.742329,37.937481,37.49839,37.693541,211653.673524,2572765
375,2019-05-31,37.303238,37.53742,37.137359,37.283723,252916.5384,2572765
376,2019-06-03,37.176389,37.244595,35.946934,36.132328,598734.04402425,2572765
377,2019-06-04,36.425055,37.088571,36.307964,37.069056,257318.18386575,2572765
378,2019-06-05,37.391056,37.556935,36.990995,37.361783,185508.23121525,2572765
379,2019-06-06,37.342268,37.556935,37.137359,37.53742,106810.401078,2572765
380,2019-06-07,37.566693,37.996026,37.469117,37.732572,149895.00660675,2572765
381,2019-06-10,38.005784,38.537767,37.957094,38.220451,169872.68101725,2572765
382,2019-06-11,38.405845,38.46439,37.693541,38.044814,154730.86449375,2572765
383,2019-06-12,37.966754,38.210693,37.849663,38.132632,76877.06524275,2572765
384,2019-06-13,38.249723,38.366814,38.140829,38.308269,96926.94576375,2572765
385,2019-06-14,38.269239,38.269239,37.839905,37.966754,194726.219403,2572765
386,2019-06-17,38.005784,38.298511,37.966754,38.054572,112472.72620275,2572765
387,2019-06-18,38.366814,38.757118,38.327784,38.454633,144631.76660625,2572765
388,2019-06-19,38.503421,38.931778,38.415602,38.922997,134141.3896605,2572765
389,2019-06-20,39.293785,39.586512,38.952269,39.186451,237037.0486395,2572765
390,2019-06-21,39.098633,39.147421,38.757118,38.757118,144101.9298765,2572765
391,2019-06-24,38.942512,39.108293,38.454633,38.474148,129385.54395,2572765
392,2019-06-25,38.522936,38.659444,38.113117,38.113117,154113.2095215,2572765
393,2019-06-26,38.337542,38.54733,37.986269,38.025299,96409.79389125,2572765
394,2019-06-27,38.200935,38.591239,38.124338,38.513178,176562.47957925,2572765
395,2019-06-28,38.688904,38.893819,38.537682,38.825579,124321.905751126,2572765
396,2019-07-01,39.342993,39.391806,38.757241,38.98178,167034.923988238,2572765
397,2019-07-02,39.02083,39.147743,38.932967,39.147743,162202.471979788,2572765
398,2019-07-03,39.616344,39.938117,39.557769,39.87017,193312.724131965,2572765
399,2019-07-05,39.645632,39.928745,39.352756,39.87017,286311.554591956,2572765
400,2019-07-08,39.801832,39.87017,39.606581,39.713969,188128.821068355,2572765
401,2019-07-09,39.557769,40.036133,39.557769,40.036133,133650.978759762,2572765
402,2019-07-10,40.231383,40.446159,40.123995,40.358296,212675.724765419,2572765
403,2019-07-11,40.455921,40.543784,40.163143,40.475447,86124.057319889,2572765
404,2019-07-12,40.582834,40.817916,40.362592,40.768322,114957.687636974,2572765
405,2019-07-15,40.768322,40.826898,40.524259,40.817135,139247.836813185,2572765
406,2019-07-16,40.778085,40.856185,40.485209,40.621884,185367.001526556,2572765
407,2019-07-17,40.612122,40.924523,40.524259,40.621884,115094.363047314,2572765
408,2019-07-18,40.504734,40.75856,40.348534,40.71951,111078.05848918,2572765
409,2019-07-19,40.934285,41.227161,40.465684,40.524259,190857.4480105,2572765
410,2019-07-22,40.524259,40.719412,40.329009,40.407109,111151.277459005,2572765
411,2019-07-23,40.494972,40.729175,40.031251,40.192333,149584.402846613,2572765
412,2019-07-24,40.133758,40.807373,40.10447,40.778085,159471.892531781,2572765
413,2019-07-25,40.68046,40.778085,40.407109,40.465684,70461.055294925,2572765
414,2019-07-26,40.348534,40.631647,40.338771,40.553547,69685.910467711,2572765
415,2019-07-29,40.582834,40.602359,39.508956,40.094708,291623.346789527,2572765
416,2019-07-30,39.879932,40.060539,39.782307,39.811595,71619.867524022,2572765
417,2019-07-31,39.665157,40.016608,38.962254,39.352756,117420.773781887,2572765
418,2019-08-01,39.128217,39.684682,38.854867,38.962254,154855.192421082,2572765
419,2019-08-02,38.893917,38.952492,38.17149,38.425315,176296.635544635,2572765
420,2019-08-05,37.712651,37.712651,36.492335,36.824261,319739.431202327,2572765
421,2019-08-06,37.097611,37.390487,36.697348,36.970698,238358.986874167,2572765
422,2019-08-07,36.755923,37.195237,36.541147,37.029274,263758.159379994,2572765
423,2019-08-08,37.410012,38.210442,37.410012,38.112914,223940.707336228,2572765
424,2019-08-09,38.064102,38.132439,37.663838,37.849326,179354.259724527,2572765
425,2019-08-12,37.624788,37.927329,37.156187,37.312387,292932.501969998,2572765
426,2019-08-13,37.390487,37.99674,37.107374,37.829801,195661.588683951,2572765
427,2019-08-14,37.341675,37.668719,36.59982,36.912123,283287.123011718,2572765
428,2019-08-15,36.882836,36.912123,36.492335,36.755923,210105.250798096,2572765
429,2019-08-16,36.902361,37.331814,36.843786,37.019511,198888.104620906,2572765
430,2019-08-19,37.302624,37.47835,36.960936,36.999986,246124.102687341,2572765
431,2019-08-20,36.951173,37.078086,36.814498,36.912123,310988.299928843,2572765
432,2019-08-21,37.244049,37.761463,37.244049,37.5955,184353.650984178,2572765
433,2019-08-22,37.5955,37.712651,37.097611,37.468587,106713.231634679,2572765
434,2019-08-23,37.40025,37.868851,36.814498,36.814498,197623.857075261,2572765
435,2019-08-26,37.195237,37.292862,36.697348,36.960936,240110.384632381,2572765
436,2019-08-27,37.175712,37.331912,36.560672,36.74616,164806.138546765,2572765
437,2019-08-28,36.609485,36.638675,36.277559,36.453284,215612.293581867,2572765
438,2019-08-29,36.775448,37.097611,36.729955,37.009749,366472.659009297,2572765
439,2019-08-30,37.156187,37.302624,36.760804,36.990224,87226.246878988,2572765
440,2019-09-03,36.716873,36.990224,36.502097,36.638773,101148.589927979,2572765
441,2019-09-04,36.960936,37.156089,36.775448,37.078086,92724.50338638,2572765
442,2019-09-05,37.722413,37.966476,37.429537,37.820039,229883.158927225,2572765
443,2019-09-06,37.917664,37.995764,37.644313,37.693126,221660.180489412,2572765
444,2019-09-09,37.888376,37.929965,36.990809,37.283099,111527.13483744,2572765
445,2019-09-10,37.039036,37.204902,36.66806,37.087849,109407.689724239,2572765
446,2019-09-11,37.263574,37.536925,37.042551,37.536925,87880.336342758,2572765
447,2019-09-12,37.63455,37.859089,37.3612,37.3612,114124.943886831,2572765
448,2019-09-13,37.55645,37.588374,37.342748,37.419775,190970.693350496,2572765
449,2019-09-16,37.234287,37.693126,37.039036,37.575975,109296.396890105,2572765
450,2019-09-17,37.644313,37.927426,37.502756,37.927426,65425.542676827,2572765
451,2019-09-18,37.820039,37.976239,37.419775,37.780988,143430.104369589,2572765
452,2019-09-19,37.732176,37.976239,37.527163,37.536925,241282.864402512,2572765
453,2019-09-20,37.654076,37.771128,37.374086,37.605263,197616.047051813,2572765
454,2019-09-23,37.615025,37.615025,37.263574,37.488113,102373.787356384,2572765
455,2019-09-24,37.575975,37.722413,36.703693,36.78521,136263.431603118,2572765
456,2019-09-25,36.74616,37.136661,36.319733,37.087849,97000.49122416,2572765
457,2019-09-26,37.097611,37.097611,36.628522,36.931648,81417.541939538,2572765
458,2019-09-27,36.912123,36.917005,36.013971,36.248271,106156.767464009,2572765
459,2019-09-30,36.375184,36.658298,36.053021,36.51186,259699.875945827,2572765
460,2019-10-01,36.609485,36.772324,36.092071,36.131121,104590.857762685,2572765
461,2019-10-02,35.867533,35.974921,35.341528,35.85777,546501.509509145,2572765
462,2019-10-03,35.828483,36.479936,35.540488,36.414234,169773.313459693,2572765
463,2019-10-04,36.531385,36.814498,36.306847,36.74616,94919.119975268,2572765
464,2019-10-07,36.658298,36.941313,36.560672,36.775448,67206.228022971,2572765
465,2019-10-08,36.521622,36.521622,35.917322,36.072546,91847.828254342,2572765
466,2019-10-09,36.365422,36.609485,36.306944,36.463047,132838.73632117,2572765
467,2019-10-10,36.365422,36.443522,36.004208,36.160409,145403.11154314,2572765
468,2019-10-11,36.463047,36.848667,36.30011,36.62901,125184.91334213,2572765
469,2019-10-14,36.882836,37.029274,36.789506,36.824261,152450.681452029,2572765
470,2019-10-15,36.873073,37.244049,36.824261,37.087849,149279.811932141,2572765
471,2019-10-16,36.941411,37.078086,36.51186,36.824261,74936.198730629,2572765
472,2019-10-17,37.009749,37.154234,36.804735,36.863311,126460.875922947,2572765
473,2019-10-18,36.853548,36.853548,36.043258,36.404472,157249.940860825,2572765
474,2019-10-21,36.58996,36.814498,36.47281,36.66806,126815.2557369,2572765
475,2019-10-22,36.78521,36.892598,36.428878,36.482572,79282.476779441,2572765
476,2019-10-23,36.375184,36.970698,36.32686,36.74616,80256.777204579,2572765
477,2019-10-24,37.029274,37.331912,36.960936,37.331912,258614.282686555,2572765
478,2019-10-25,37.244049,37.486355,37.107374,37.4393,139855.066136267,2572765
479,2019-10-28,37.575975,37.732176,37.439398,37.5174,136036.940923126,2572765
480,2019-10-29,37.536925,37.815157,37.468587,37.654076,179491.911387798,2572765
481,2019-10-30,37.937189,38.454603,37.800513,38.44484,209868.021335863,2572765
482,2019-10-31,38.386265,38.386265,37.976239,38.151965,128581.297289079,2572765
483,2019-11-01,38.200777,38.630328,38.200777,38.630328,123138.687198754,2572765
484,2019-11-04,38.806054,38.942729,38.561991,38.659616,166303.710542919,2572765
485,2019-11-05,38.688904,38.854867,38.464365,38.815817,82128.254073306,2572765
486,2019-11-06,38.874392,39.001305,38.727954,38.923204,86713.714090213,2572765
487,2019-11-07,39.050117,39.25513,38.845104,38.952492,109447.71609441,2572765
488,2019-11-08,38.98178,39.499194,38.835342,39.489431,273169.237634834,2572765
489,2019-11-11,39.626106,39.879932,39.548006,39.762782,139745.725807995,2572765
490,2019-11-12,39.860407,40.10447,39.771959,39.997083,147728.546024782,2572765
491,2019-11-13,39.772544,40.075183,39.635967,40.06542,107505.949014651,2572765
492,2019-11-14,39.90922,40.094708,39.762782,40.016608,107655.315713094,2572765
493,2019-11-15,40.075183,40.260671,39.967795,40.241146,161898.857318247,2572765
494,2019-11-18,40.241146,40.553547,40.123995,40.455921,151163.00383604,2572765
495,2019-11-19,40.68046,40.784919,40.514497,40.660935,62603.195453306,2572765
496,2019-11-20,40.602359,40.807373,40.358296,40.660935,133662.693794934,2572765
497,2019-11-21,40.660935,40.748797,40.465684,40.543784,88270.837515158,2572765
498,2019-11-22,40.709747,40.865948,40.602359,40.75856,60765.887437164,2572765
499,2019-11-25,40.924523,41.393124,40.856185,41.393124,102174.63175846,2572765
500,2019-11-26,41.110011,41.393124,41.032008,41.246686,134456.387427837,2572765
501,2019-11-27,41.285736,41.461462,41.100248,41.461462,146805.987004987,2572765
502,2019-11-29,41.315024,41.461462,41.246686,41.354074,50648.00206028,2572765
503,2019-12-02,41.402887,41.520037,40.582932,40.807373,125941.509363655,2572765
504,2019-12-03,40.280196,40.651172,40.06542,40.592597,137966.992967713,2572765
505,2019-12-04,40.71951,40.817135,40.514497,40.602359,103819.617947195,2572765
506,2019-12-05,40.621884,40.621884,40.250908,40.260671,102882.415133435,2572765
507,2019-12-06,40.553547,40.553547,40.368644,40.416871,97384.158626043,2572765
508,2019-12-09,40.289958,40.397346,40.163046,40.211858,330312.250445057,2572765
509,2019-12-10,40.202096,40.260671,39.997083,40.02637,165511.969415878,2572765
510,2019-12-11,40.153283,40.153283,39.860407,40.016608,103074.736960842,2572765
511,2019-12-12,40.055658,40.289958,39.811595,40.045895,126327.1292714,2572765
512,2019-12-13,40.06542,40.387584,40.036133,40.329009,311560.384146409,2572765
513,2019-12-16,40.553547,40.70965,40.465684,40.475447,92784.054815171,2572765
514,2019-12-17,40.475447,40.494972,40.192333,40.348534,132661.058287728,2572765
515,2019-12-18,40.348534,40.602359,40.309484,40.446159,105395.290177829,2572765
516,2019-12-19,40.485209,40.71951,40.329009,40.71951,92182.683009675,2572765
517,2019-12-20,40.895235,40.967478,40.602359,40.68046,85357.698769054,2572765
518,2019-12-23,40.690222,40.839198,40.485209,40.729272,543390.191418048,2572765
519,2019-12-24,40.71951,40.807373,40.68046,40.690222,121648.925226048,2572765
520,2019-12-26,40.709747,41.100248,40.553547,40.846423,241451.756159575,2572765
521,2019-12-27,40.95381,40.95381,40.612122,40.660935,124359.003362504,2572765
522,2019-12-30,40.748882,40.748882,40.23097,40.563215,357799.611999525,2572765
523,2019-12-31,40.48504,40.731781,40.318918,40.572987,109848.040792161,2572765
524,2020-01-02,40.856373,41.315653,40.797741,41.247249,319252.34244531,2572765
525,2020-01-03,40.827057,41.375359,40.797741,41.335197,200265.607585894,2572765
526,2020-01-06,41.081127,41.872554,41.081127,41.81402,583113.567000512,2572765
527,2020-01-07,41.882424,42.107178,41.784705,42.029003,548860.076502277,2572765
528,2020-01-08,41.941055,42.449195,41.86288,42.234213,387117.308685345,2572765
529,2020-01-09,42.204897,42.419879,42.11695,42.243985,311478.784777965,2572765
530,2020-01-10,42.429651,42.52737,42.165809,42.234213,528041.013510097,2572765
531,2020-01-13,42.361248,42.824339,42.361248,42.713037,409904.435177467,2572765
532,2020-01-14,42.644633,42.857563,42.412062,42.703265,248311.177646281,2572765
533,2020-01-15,42.742352,43.309123,42.644633,42.957334,250129.730860477,2572765
534,2020-01-16,43.182088,43.406842,43.114271,43.406842,197640.871458365,2572765
535,2020-01-17,43.543649,43.563193,43.055249,43.094141,209944.688502935,2572765
536,2020-01-21,43.025738,43.19186,42.848768,42.928019,244429.773365364,2572765
537,2020-01-22,43.113685,43.426386,42.898703,42.947562,230014.245683568,2572765
538,2020-01-23,42.849843,43.133229,42.625089,43.064825,292033.652908385,2572765
539,2020-01-24,43.24072,43.465474,42.605545,42.849843,124853.792085657,2572765
540,2020-01-27,42.009459,42.302616,41.716301,42.11695,316517.183688441,2572765
541,2020-01-28,42.156037,42.429651,42.048546,42.263528,551873.734811026,2572765
542,2020-01-29,42.302616,42.513885,42.156037,42.204897,198701.124138324,2572765
543,2020-01-30,41.853108,42.419879,41.716301,42.253757,268848.809512352,2572765
544,2020-01-31,42.2733,42.429651,41.559951,41.686986,442403.867094573,2572765
545,2020-02-03,41.774933,42.253659,41.716301,42.156037,280325.922623977,2572765
546,2020-02-04,42.742352,43.162545,42.622939,43.133229,184878.751642459,2572765
547,2020-02-05,43.563193,43.572867,42.761896,42.996422,152343.16364318,2572765
548,2020-02-06,43.084369,43.387299,42.924501,43.133229,177163.82545972,2572765
549,2020-02-07,43.24072,43.24072,42.899387,43.025738,84326.73273458,2572765
550,2020-02-10,42.898703,43.485018,42.800984,43.426386,189112.922022423,2572765
551,2020-02-11,43.729316,43.787947,43.426386,43.592509,189882.948853582,2572765
552,2020-02-12,43.65114,43.758534,43.015966,43.309123,150422.982522333,2572765
553,2020-02-13,42.976878,43.406842,42.791212,43.221176,84525.10259083,2572765
554,2020-02-14,43.338439,43.47935,43.143001,43.348211,105608.007263737,2572765
555,2020-02-18,43.250492,43.475246,43.13616,43.416614,113717.718776157,2572765
556,2020-02-19,43.504562,43.823126,43.455702,43.719544,140694.064843378,2572765
557,2020-02-20,43.582737,44.071333,43.094141,43.817263,120401.708021241,2572765
558,2020-02-21,43.612053,43.680456,42.761994,43.064825,112561.701338009,2572765
559,2020-02-24,41.804249,41.960599,41.315653,41.638126,479610.430034131,2572765
560,2020-02-25,41.65767,41.921511,40.094164,40.172339,596939.848262017,2572765
561,2020-02-26,40.270058,40.924776,39.957357,40.045304,321034.739577333,2572765
562,2020-02-27,39.077884,40.024783,38.540918,38.716324,636891.341872546,2572765
563,2020-02-28,37.621869,38.804271,37.348256,38.784727,854921.312102648,2572765
564,2020-03-02,38.85313,39.576252,38.227728,39.498077,195759.777993923,2572765
565,2020-03-03,39.517621,40.097095,38.149553,38.735867,320076.114804025,2572765
566,2020-03-04,39.214691,39.947585,38.95085,39.928041,365775.448288761,2572765
567,2020-03-05,38.931306,39.546936,38.452482,38.765183,235008.670980589,2572765
568,2020-03-06,37.680501,38.296131,37.191905,38.012746,267890.184739044,2572765
569,2020-03-09,34.856418,36.312433,34.553488,34.993224,516352.827053891,2572765
570,2020-03-10,36.068135,36.224388,34.690295,36.14631,330240.859851885,2572765
571,2020-03-11,35.237522,35.423189,33.89877,34.328734,211485.719356662,2572765
572,2020-03-12,31.885756,32.56979,30.332021,31.465563,738535.860776917,2572765
573,2020-03-13,32.608877,33.097473,30.683908,33.097473,311100.611702256,2572765
574,2020-03-16,29.325514,31.152862,29.276655,29.599128,474795.807956568,2572765
575,2020-03-17,30.057411,31.780955,29.31021,31.741104,357535.745322525,2572765
576,2020-03-18,29.579202,30.974376,28.911703,29.937859,517547.374976293,2572765
577,2020-03-19,29.489538,31.521925,29.16077,30.774724,295631.625304802,2572765
578,2020-03-20,31.422299,32.499563,30.545583,30.714948,392212.852079588,2572765
579,2020-03-23,30.42603,31.532287,29.967747,30.964015,434278.283705511,2572765
580,2020-03-24,32.518194,33.743603,32.428529,33.653939,290233.84427197,2572765
581,2020-03-25,33.883081,35.21808,33.494536,34.052447,229677.675110176,2572765
582,2020-03-26,34.351327,36.044983,34.221812,35.935393,318854.636725124,2572765
583,2020-03-27,34.640245,35.845729,34.613346,35.287819,139805.31830126,2572765
584,2020-03-30,35.47711,35.965282,35.208118,35.845729,265184.673266344,2572765
585,2020-03-31,35.785953,36.612856,35.208118,35.536886,185520.080293233,2572765
586,2020-04-01,34.381215,35.183908,34.023555,34.231775,155350.090810538,2572765
587,2020-04-02,34.231775,34.966921,33.982608,34.590431,134250.126895009,2572765
588,2020-04-03,34.411103,34.590431,33.733641,34.241738,82148.289561307,2572765
589,2020-04-06,35.307745,36.254199,35.038752,36.124684,329308.47880292,2572765
590,2020-04-07,37.071139,37.101027,35.676364,35.805879,249802.292471416,2572765
591,2020-04-08,36.084834,36.96155,35.975244,36.792184,168893.360533741,2572765
592,2020-04-09,37.270393,37.808378,36.891811,37.091065,131449.6170236,2572765
593,2020-04-13,36.981475,37.210617,36.563042,37.11099,195368.19131382,2572765
594,2020-04-14,37.788452,38.465915,37.698788,38.366288,164728.959515425,2572765
595,2020-04-15,37.728676,38.036523,37.479609,37.728676,130565.927142441,2572765
596,2020-04-16,38.007631,38.655206,37.89306,38.445989,165938.429093472,2572765
597,2020-04-17,39.223078,39.30278,38.749851,39.252967,219970.037903843,2572765
598,2020-04-20,39.103526,40.040018,39.093663,39.402407,321637.21376918,2572765
599,2020-04-21,38.854459,39.135507,37.410867,37.997669,286794.726493208,2572765
600,2020-04-22,38.555579,38.911446,38.356325,38.764795,103123.719953562,2572765
601,2020-04-23,38.983974,39.257948,38.491618,38.63528,147302.236402415,2572765
602,2020-04-24,38.904273,39.352593,38.585467,39.233041,112562.364749621,2572765
603,2020-04-27,39.671399,40.348862,39.671399,40.249235,188189.082764063,2572765
604,2020-04-28,40.82707,40.837033,39.521959,39.551847,167120.999430491,2572765
605,2020-04-29,40.289085,40.637779,39.980242,40.488339,153362.535779069,2572765
606,2020-04-30,40.289085,40.478376,39.800914,39.86069,236324.776448502,2572765
607,2020-05-01,39.352593,39.360763,38.475877,38.78472,161949.371275927,2572765
608,2020-05-04,38.764795,39.103526,38.495803,39.103526,121895.405117942,2572765
609,2020-05-05,39.60166,40.348862,39.581038,39.980242,134970.428793631,2572765
610,2020-05-06,40.289085,40.727344,39.890578,40.398675,132780.631320364,2572765
611,2020-05-07,40.966548,42.082368,40.846996,42.082368,181174.358465029,2572765
612,2020-05-08,42.341398,42.341398,41.524458,42.072406,179926.03442772,2572765
613,2020-05-11,41.843264,42.939159,41.703886,42.839532,161491.087910275,2572765
614,2020-05-12,43.12845,43.178263,41.594197,41.64401,219486.847833536,2572765
615,2020-05-13,41.544383,41.803413,40.030056,40.448488,253730.577929602,2572765
616,2020-05-14,40.089832,40.78722,39.671399,40.707518,135835.189579253,2572765
617,2020-05-15,40.538152,41.544383,40.37875,41.285354,100180.743731527,2572765
618,2020-05-18,42.032555,42.261696,41.574271,41.574271,203571.463558991,2572765
619,2020-05-19,41.634048,42.122219,41.434794,41.554346,98157.323045355,2572765
620,2020-05-20,42.181995,42.660204,42.102294,42.391211,338705.280335159,2572765
621,2020-05-21,42.490838,42.560577,41.823338,42.05248,143784.413436943,2572765
622,2020-05-22,42.331435,42.819607,42.102294,42.749868,113445.058362594,2572765
623,2020-05-26,43.8358,43.874655,43.01886,43.138412,299023.918478813,2572765
624,2020-05-27,43.337666,43.337666,41.653973,43.208151,274581.474798582,2572765
625,2020-05-28,43.347629,44.035054,43.208151,43.297815,105481.886750297,2572765
626,2020-05-29,43.447256,44.702554,43.447256,44.672665,227209.918812958,2572765
627,2020-06-01,44.752367,45.808411,44.682628,45.61912,245268.275956019,2572765
628,2020-06-02,45.688859,45.748635,44.662703,45.350128,183625.178203081,2572765
629,2020-06-03,45.76856,45.76856,45.240538,45.360091,207710.957872652,2572765
630,2020-06-04,45.240538,45.240538,44.304046,44.523225,153022.808327575,2572765
631,2020-06-05,44.832068,45.081135,44.259214,44.533188,196802.817501948,2572765
632,2020-06-08,44.632815,45.330202,44.383748,45.32024,194192.594854104,2572765
633,2020-06-09,44.961583,45.158346,44.692591,44.871919,117694.142176737,2572765
634,2020-06-10,45.111023,45.260464,44.737423,45.021359,139384.893126683,2572765
635,2020-06-11,43.845763,44.204419,42.490838,42.500801,284894.843062124,2572765
636,2020-06-12,43.457218,43.895477,42.351361,43.168301,104801.435579123,2572765
637,2020-06-15,42.29118,43.826141,42.101801,43.64673,192925.72334175,2572765
638,2020-06-16,44.663393,44.663393,43.656697,44.364374,178876.838658,2572765
639,2020-06-17,44.553753,45.020222,44.404244,44.683327,166342.98091425,2572765
640,2020-06-18,44.553753,45.032182,44.553753,44.832837,104530.8784905,2572765
641,2020-06-19,45.48071,45.505628,44.299986,44.493949,115119.12269025,2572765
642,2020-06-22,44.523851,45.062084,44.45408,45.022215,453248.217492,2572765
643,2020-06-23,45.410939,45.580383,44.493949,44.573687,161096.20340625,2572765
644,2020-06-24,44.444113,44.733164,43.307842,43.746403,130603.296054,2572765
645,2020-06-25,43.676632,44.174996,43.158333,44.075323,104210.92872225,2572765
646,2020-06-26,44.075323,44.174996,43.297975,43.527123,260408.21277975,2572765
647,2020-06-29,43.706534,43.706534,42.859315,43.596894,128873.97254025,2572765
648,2020-06-30,43.586926,44.354407,43.557025,44.334473,117467.41444725,2572765
649,2020-07-01,44.314538,45.022215,44.214865,44.872706,122397.23237175,2572765
650,2020-07-02,45.26143,45.271397,44.738148,44.802935,520593.1584315,2572765
651,2020-07-06,45.37107,45.799663,45.080723,45.251463,262091.686794,2572765
652,2020-07-07,45.00228,45.540514,44.753098,44.753098,125866.84341,2572765
653,2020-07-08,44.922542,45.550481,44.743131,45.490677,127590.18655425,2572765
654,2020-07-09,45.799663,46.248191,45.205414,46.058812,189061.4079165,2572765
655,2020-07-10,46.28806,46.367798,45.969107,46.148518,95436.7299375,2572765
656,2020-07-13,46.517307,46.61698,44.469031,44.533818,326277.99590925,2572765
657,2020-07-14,44.324505,44.942477,43.736436,44.93251,163214.2509375,2572765
658,2020-07-15,45.251463,45.781722,45.111921,45.530546,101775.9216075,2572765
659,2020-07-16,45.331201,45.331201,44.693295,45.04215,142282.9576875,2572765
660,2020-07-17,45.291332,45.869434,45.091986,45.769761,94878.5621175,2572765
661,2020-07-20,45.829565,47.254886,45.80963,47.20505,209030.85840525,2572765
662,2020-07-21,47.434297,47.553905,46.87613,46.995737,217752.23059275,2572765
663,2020-07-22,47.105377,47.53397,46.906131,47.105377,96353.7199275,2572765
664,2020-07-23,47.165181,47.743283,46.646882,46.756522,174513.1623795,2572765
665,2020-07-24,46.447536,46.497373,45.80963,46.088714,132143.24120025,2572765
666,2020-07-27,46.278093,46.955868,46.238224,46.886097,139596.77505375,2572765
667,2020-07-28,46.906031,47.178537,46.607013,46.607013,260081.28591375,2572765
668,2020-07-29,47.09541,48.210151,47.075475,48.062236,237936.9743835,2572765
669,2020-07-30,47.524003,48.244338,47.106075,48.062236,194814.5233755,2572765
670,2020-07-31,48.201778,48.311418,47.345788,48.241647,102317.14504725,2572765
671,2020-08-03,48.540666,48.909356,48.34132,48.809782,214093.241187,2572765
672,2020-08-04,48.749979,48.829717,48.34132,48.740011,127516.42866375,2572765
673,2020-08-05,48.939357,49.198506,48.849652,48.989193,128072.60302725,2572765
674,2020-08-06,48.959292,49.081889,48.431026,48.919423,109260.35403675,2572765
675,2020-08-07,48.899488,49.39227,48.460928,48.879553,197289.39962025,2572765
676,2020-08-10,48.939357,49.048997,48.022367,48.331353,110918.90984475,2572765
677,2020-08-11,48.141974,48.34132,47.663545,47.673512,133334.331459,2572765
678,2020-08-12,47.783152,48.217825,47.64361,47.653578,118597.70428275,2572765
679,2020-08-13,47.484134,48.161411,47.384461,47.882825,104125.21009275,2572765
680,2020-08-14,47.872858,47.942629,47.374494,47.484134,87495.79596975,2572765
681,2020-08-17,47.633643,47.783152,47.379477,47.524003,204312.34686975,2572765
682,2020-08-18,47.573839,47.932662,47.494101,47.832989,256055.500512,2572765
683,2020-08-19,47.962563,48.34132,47.713481,47.882825,188372.66869575,2572765
684,2020-08-20,47.713381,48.490829,47.623676,48.331353,152182.4626665,2572765
685,2020-08-21,48.311418,48.331353,47.75335,47.932662,241947.8088615,2572765
686,2020-08-24,48.381189,48.520731,48.052269,48.351287,154622.4534225,2572765
687,2020-08-25,48.361255,48.540666,48.181844,48.530698,74417.7246015,2572765
688,2020-08-26,48.660273,49.607165,48.600469,49.407819,185678.512236,2572765
689,2020-08-27,49.527427,49.671952,48.640438,48.999161,182593.63830225,2572765
690,2020-08-28,49.088866,49.447688,49.088866,49.25831,127097.80279875,2572765
691,2020-08-31,49.338048,49.467623,49.044014,49.228408,120839.346117,2572765
692,2020-09-01,49.328081,50.50422,49.328081,50.414515,213779.27178825,2572765
693,2020-09-02,50.87301,51.022519,50.035758,50.783304,154646.3749005,2572765
694,2020-09-03,50.115496,50.115496,47.70461,48.032334,390684.58196775,2572765
695,2020-09-04,48.082171,48.171876,45.400972,46.796391,490129.1561985,2572765
696,2020-09-08,46.048845,46.477438,45.440841,45.839532,244841.31097125,2572765
697,2020-09-09,46.497373,46.83626,45.939205,46.597046,116718.8715315,2572765
698,2020-09-10,46.87613,47.254886,45.69999,45.799663,192959.61210225,2572765
699,2020-09-11,46.048845,46.208322,45.072051,45.560448,137528.563935,2572765
700,2020-09-14,45.799663,46.298027,45.799663,46.06878,152690.794074,2572765
701,2020-09-15,46.497373,46.626948,46.17842,46.3977,166103.76613425,2572765
702,2020-09-16,46.597046,46.894968,46.248191,46.307994,200108.14711125,2572765
703,2020-09-17,45.680056,45.949172,45.388712,45.939205,124434.54491475,2572765
704,2020-09-18,46.158485,46.28806,45.430874,46.038878,116912.236812,2572765
705,2020-09-21,45.400972,45.949172,45.00228,45.909303,175464.04113,2572765
706,2020-09-22,46.098682,46.696719,45.640187,46.656849,100139.293821,2572765
707,2020-09-23,46.776457,46.846228,45.530646,45.640187,89444.3996985,2572765
708,2020-09-24,45.361103,45.580383,44.753098,45.091986,267578.67581025,2572765
709,2020-09-25,45.022215,46.208322,45.022215,46.078747,94818.7584225,2572765
710,2020-09-28,46.626948,46.826293,46.337896,46.746555,57973.701933,2572765
711,2020-09-29,46.756522,46.866063,46.417635,46.487406,97612.58770725,2572765
712,2020-09-30,46.547209,46.945901,46.208322,46.387733,84382.01691675,2572765
713,2020-10-01,46.806359,47.165181,46.716653,47.09541,610585.7586675,2572765
714,2020-10-02,46.347864,47.055541,46.17842,46.626948,157076.398374,2572765
715,2020-10-05,46.87613,47.474167,46.806359,47.444265,390224.09351625,2572765
716,2020-10-06,47.354559,48.326369,47.224984,47.374494,579692.16655875,2572765
717,2020-10-07,47.653578,48.196795,47.623775,48.072203,221590.6310835,2572765
718,2020-10-08,48.421058,48.606948,48.063333,48.23168,159776.53520325,2572765
719,2020-10-09,48.550633,49.009128,48.550633,48.969259,189737.18967,2572765
720,2020-10-12,49.318114,49.856347,49.178572,49.756674,173844.35772375,2572765
721,2020-10-13,49.756674,50.334777,49.637067,50.115496,139180.14264525,2572765
722,2020-10-14,50.185267,50.324809,49.567296,49.965987,159323.0238495,2572765
723,2020-10-15,49.019095,49.657001,48.630371,49.527427,175116.18297075,2572765
724,2020-10-16,49.706838,49.758568,49.268277,49.328081,101033.35906125,2572765
725,2020-10-19,49.557329,49.946053,48.849652,48.999161,147943.37741925,2572765
726,2020-10-20,49.238376,49.338048,48.550633,48.600469,225369.22787925,2572765
727,2020-10-21,48.650306,48.839684,47.90276,48.12204,115330.42907925,2572765
728,2020-10-22,48.112073,48.331253,47.454232,48.261582,88129.71513675,2572765
729,2020-10-23,48.421058,48.460928,47.909537,48.201778,69991.25444325,2572765
730,2020-10-26,47.862891,47.992465,46.636915,47.224984,159430.6705005,2572765
731,2020-10-27,47.444265,47.932662,47.264854,47.344592,188117.50626375,2572765
732,2020-10-28,46.666817,46.666817,45.839532,45.95914,222392.0005965,2572765
733,2020-10-29,45.869434,46.108649,45.729892,45.909303,141095.85434175,2572765
734,2020-10-30,45.670088,45.670088,44.513884,44.902608,203561.8104975,2572765
735,2020-11-02,45.271397,45.449612,44.518967,44.972379,93539.95607775,2572765
736,2020-11-03,45.460775,46.268125,45.241495,46.058812,114985.56110475,2572765
737,2020-11-04,46.736588,48.002433,46.736588,47.663545,191165.50125225,2572765
738,2020-11-05,48.371222,48.580435,48.141974,48.401124,183817.62059325,2572765
739,2020-11-06,48.510764,48.630371,48.201778,48.301451,112176.78089625,2572765
740,2020-11-09,49.25831,49.338048,47.962563,47.982498,244810.4123955,2572765
741,2020-11-10,47.673512,47.832989,46.138551,46.866162,480620.3686935,2572765
742,2020-11-11,47.165181,47.952596,47.065508,47.842956,427097.05839675,2572765
743,2020-11-12,47.852923,48.072203,47.221197,47.454232,157221.9206985,2572765
744,2020-11-13,47.693447,48.047285,47.623676,48.002433,76864.69245525,2572765
745,2020-11-16,48.032334,48.34132,47.803087,48.301451,194061.99354675,2572765
746,2020-11-17,48.181844,48.570568,47.90276,48.500797,158825.65645275,2572765
747,2020-11-18,48.580535,48.720077,47.844949,47.862891,114949.67888775,2572765
748,2020-11-19,47.832989,48.535682,47.763218,48.490829,82754.3596845,2572765
749,2020-11-20,48.550633,49.153654,48.550633,48.869586,83972.361606,2572765
750,2020-11-23,49.078899,49.188539,48.530698,48.92939,131907.016605,2572765
751,2020-11-24,49.188539,49.338048,48.889521,49.128735,126387.1355565,2572765
752,2020-11-25,49.128735,49.6271,49.128735,49.557329,147987.23346225,2572765
753,2020-11-27,49.826445,50.324809,49.826445,50.294907,85661.81598975,2572765
754,2020-11-30,50.39458,50.623828,49.517459,50.055693,135432.44442525,2572765
755,2020-12-01,50.833141,50.902114,50.334777,50.444417,104541.84250125,2572765
756,2020-12-02,50.424482,50.444417,49.891233,50.424482,104745.17506425,2572765
757,2020-12-03,50.554057,51.490981,50.554057,51.251767,446651.8699335,2572765
758,2020-12-04,51.411243,52.138855,51.301603,52.089018,164024.59100475,2572765
759,2020-12-07,52.059116,52.517611,52.059116,52.398004,137779.739454,2572765
760,2020-12-08,52.258462,53.253496,52.258462,53.175452,305818.1551215,2572765
761,2020-12-09,53.015976,53.14555,51.351439,51.869738,399439.84291575,2572765
762,2020-12-10,51.710262,52.826597,51.381341,52.786728,221145.09355575,2572765
763,2020-12-11,52.497677,52.826597,52.168757,52.766794,131633.9130645,2572765
764,2020-12-14,53.275509,53.805172,53.016164,53.125887,191031.752388577,2572765
765,2020-12-15,53.385232,53.52488,52.896466,53.494955,217391.209601212,2572765
766,2020-12-16,53.694452,54.163268,53.662832,53.873998,307551.605368094,2572765
767,2020-12-17,54.243067,54.627097,54.233092,54.562261,141300.296313109,2572765
768,2020-12-18,54.881455,56.846495,54.861506,56.766696,1141355.719466193,2572765
769,2020-12-21,56.058484,57.08589,55.908862,57.055966,636643.83279427,2572765
770,2020-12-22,57.544732,58.74171,57.464933,58.711786,559791.840801359,2572765
771,2020-12-23,58.931232,59.190577,58.292943,58.402566,446466.922410961,2572765
772,2020-12-24,58.631987,58.841458,57.973649,58.22302,197007.666570099,2572765
773,2020-12-28,58.821509,58.821509,57.730264,57.774153,334035.747820704,2572765
774,2020-12-29,58.272894,58.272894,56.756721,57.075915,385539.729267657,2572765
775,2020-12-30,57.255462,57.680389,57.145739,57.335261,181252.439646858,2572765
776,2020-12-31,57.425034,57.504833,56.956218,57.415059,129679.631947439,2572765
777,2021-01-04,57.764178,57.804077,55.649516,56.427552,465544.761609056,2572765
778,2021-01-05,56.397628,56.716822,56.09549,56.5672,254395.793861952,2572765
779,2021-01-06,56.25798,56.966192,55.659491,56.27793,232873.126478428,2572765
780,2021-01-07,56.736772,57.943725,56.716822,57.824027,505975.696264309,2572765
781,2021-01-08,58.22302,59.01103,58.063423,58.691836,351138.572817595,2572765
782,2021-01-11,58.20307,59.040955,57.454959,58.651937,335657.653422299,2572765
783,2021-01-12,58.911282,59.624482,58.751685,59.549671,325583.086032319,2572765
784,2021-01-13,59.639444,59.749167,58.721761,58.721761,245862.336038063,2572765
785,2021-01-14,59.090829,59.599545,59.090829,59.419998,275328.949430875,2572765
786,2021-01-15,59.709268,60.127213,59.140703,59.469872,315445.677281392,2572765
787,2021-01-19,60.028462,60.756624,59.649419,60.597027,259360.261376797,2572765
788,2021-01-20,61.404987,61.734156,61.002204,61.335163,364995.591647457,2572765
789,2021-01-21,61.654357,61.754106,60.6868,60.93617,265549.636689156,2572765
790,2021-01-22,60.646901,61.664332,60.607001,61.604483,195904.4515668,2572765
791,2021-01-25,62.671789,63.280253,60.886296,62.013451,290596.407695334,2572765
792,2021-01-26,62.252847,62.34262,61.544634,61.993501,215415.197918088,2572765
793,2021-01-27,61.504735,64.197936,60.906246,62.412444,405903.322660374,2572765
794,2021-01-28,62.003476,62.522167,60.247908,60.676825,385586.610917888,2572765
795,2021-01-29,60.95612,61.045893,59.350174,59.679343,253692.569108493,2572765
796,2021-02-01,60.118235,60.736674,59.459997,60.507253,395884.614257903,2572765
797,2021-02-02,61.145642,61.654357,60.507253,61.175566,224329.693835341,2572765
798,2021-02-03,61.24539,61.315214,59.968613,60.018487,327026.44237027,2572765
799,2021-02-04,60.39753,61.075818,60.307757,60.946145,255801.245886951,2572765
800,2021-02-05,61.105742,61.479798,61.075818,61.325188,160177.641645324,2572765
801,2021-02-08,61.993501,62.412444,61.724181,61.883778,228269.747418551,2572765
802,2021-02-09,62.133149,62.831286,61.78403,62.681764,226756.567346214,2572765
803,2021-02-10,62.63189,62.696726,61.21367,61.853854,244427.957037391,2572765
804,2021-02-11,62.212947,62.59199,61.544634,62.242872,272101.097938402,2572765
805,2021-02-12,62.123174,62.222922,61.404987,61.993501,240104.870396978,2572765
806,2021-02-16,62.382519,62.392494,60.756624,61.035919,398423.205743794,2572765
807,2021-02-17,60.916221,61.075818,59.669368,60.487304,862898.666734825,2572765
808,2021-02-18,60.088311,60.587052,59.549671,60.297782,196148.834637151,2572765
809,2021-02-19,60.696775,61.128684,60.507253,60.66685,165128.144413291,2572765
810,2021-02-22,60.297782,60.297782,59.110779,59.250426,419830.165224622,2572765
811,2021-02-23,57.744228,58.252944,56.27793,58.063423,417397.30682223,2572765
812,2021-02-24,58.342717,58.651638,57.10584,58.49234,196769.268391267,2572765
813,2021-02-25,58.342717,58.552189,56.088408,56.367703,313086.632541065,2572765
814,2021-02-26,56.607099,56.926293,55.370321,56.048509,207941.065893027,2572765
815,2021-03-01,56.896369,57.943725,56.886394,57.794102,165693.716661818,2572765
816,2021-03-02,58.033498,58.103322,56.856469,56.926293,127095.156293237,2572765
817,2021-03-03,56.866444,56.921306,55.04205,55.270473,335053.1793789,2572765
818,2021-03-04,55.1807,55.583682,53.445081,54.023621,425497.857492926,2572765
819,2021-03-05,54.362765,54.50331,52.248103,54.342815,298895.45726807,2572765
820,2021-03-08,54.452538,55.090926,53.725374,53.784225,192920.983144678,2572765
821,2021-03-09,55.1807,56.507251,55.110876,56.178182,261471.930601014,2572765
822,2021-03-10,56.976167,57.35521,55.789164,55.968711,262593.100278869,2572765
823,2021-03-11,56.856469,57.614556,56.696872,57.285387,126618.359935572,2572765
824,2021-03-12,56.966192,57.285387,56.238031,57.285387,98481.389941854,2572765
825,2021-03-15,57.35521,57.659442,57.10584,57.634505,115576.235083386,2572765
826,2021-03-16,57.853951,58.073397,56.786646,57.115815,150868.14288783,2572765
827,2021-03-17,56.796621,57.544732,56.198131,57.185638,165637.857674309,2572765
828,2021-03-18,56.587149,56.596127,55.340297,55.410121,163480.304281781,2572765
829,2021-03-19,55.410121,56.218081,55.290423,55.809113,155992.207509843,2572765
830,2021-03-22,56.048509,56.766696,56.048509,56.54725,86322.085339492,2572765
831,2021-03-23,56.417577,56.517326,55.579693,55.729315,122301.258186678,2572765
832,2021-03-24,55.958736,55.958736,54.243067,54.272991,113195.245740824,2572765
833,2021-03-25,53.913898,54.452538,53.406179,54.282966,166966.503591482,2572765
834,2021-03-26,54.382714,54.931329,53.873998,54.881455,110964.876168151,2572765
835,2021-03-29,54.671984,55.075964,54.104417,54.312891,73099.465010623,2572765
836,2021-03-30,54.103419,54.123369,53.470018,54.003671,150536.978890457,2572765
837,2021-03-31,54.113394,55.010829,54.113394,54.761757,189649.242447734,2572765
838,2021-04-01,55.130826,55.878937,55.130826,55.509869,231432.762586237,2572765
839,2021-04-05,55.888912,56.158232,55.529818,56.078434,148981.904577488,2572765
840,2021-04-06,55.968711,56.577174,55.779189,56.27793,256680.027458294,2572765
841,2021-04-07,56.357728,56.377678,55.380196,55.519844,212109.542835871,2572765
842,2021-04-08,55.789164,56.427552,55.789164,56.377678,182971.100994673,2572765
843,2021-04-09,56.327804,56.327804,55.709365,56.098383,108517.055536962,2572765
844,2021-04-12,55.958736,56.357728,55.819088,56.138282,98796.594228511,2572765
845,2021-04-13,56.367703,57.075915,56.367703,57.036016,428894.283429845,2572765
846,2021-04-14,57.185638,57.654455,56.649991,56.726797,174284.030955135,2572765
847,2021-04-15,57.065941,57.634505,57.065941,57.564682,101013.996536226,2572765
848,2021-04-16,57.66443,57.66443,56.976167,57.185638,95192.692052273,2572765
849,2021-04-19,57.10584,57.335261,56.597124,56.966192,137451.0135846,2572765
850,2021-04-20,56.936268,57.185539,55.978685,56.307854,249463.245768541,2572765
851,2021-04-21,56.108358,56.786646,55.819088,56.706847,103681.263189771,2572765
852,2021-04-22,56.806595,57.634505,56.726797,56.956218,163776.556411962,2572765
853,2021-04-23,57.205588,57.638096,57.10584,57.524782,59246.436108441,2572765
854,2021-04-26,58.282869,58.951181,58.193095,58.831484,348185.028853067,2572765
855,2021-04-27,58.851433,58.951181,58.384612,58.562164,68711.542045423,2572765
856,2021-04-28,58.462415,58.462415,57.853951,57.943725,107287.160329848,2572765
857,2021-04-29,58.252944,58.252944,57.165689,57.694354,114782.239475226,2572765
858,2021-04-30,57.345236,57.679392,56.931281,57.016067,126445.795563447,2572765
859,2021-05-03,57.425034,57.425034,56.676923,56.796621,128865.686700882,2572765
860,2021-05-04,56.357728,56.387653,55.211422,55.968711,252983.359463516,2572765
861,2021-05-05,56.27793,56.357728,55.230574,55.489919,107105.618620445,2572765
862,2021-05-06,55.479944,55.479944,54.48356,55.240549,418732.935112842,2572765
863,2021-05-07,55.629567,56.247906,55.499894,55.908862,113833.634169496,2572765
864,2021-05-10,56.347754,56.347754,55.240549,55.320347,248057.793743543,2572765
865,2021-05-11,54.282966,55.928811,53.893948,55.779189,310134.086058457,2572765
866,2021-05-12,55.400146,55.539694,54.492437,54.821606,182827.463598222,2572765
867,2021-05-13,55.001153,55.509869,54.462613,54.951279,151797.796037084,2572765
868,2021-05-14,55.360247,56.457477,55.336307,56.357728,176965.262355558,2572765
869,2021-05-17,55.958736,56.27793,55.370221,55.779189,124521.652940153,2572765
870,2021-05-18,56.038534,56.617074,55.888912,56.148257,273750.933033752,2572765
871,2021-05-19,55.200649,55.898887,54.89143,55.809113,164132.657457331,2572765
872,2021-05-20,56.058484,56.956218,56.058484,56.756721,369094.244855915,2572765
873,2021-05-21,57.305336,57.64438,56.966192,57.135764,178979.178351634,2572765
874,2021-05-24,57.39511,58.028511,57.365185,57.853951,228766.493414611,2572765
875,2021-05-25,58.063423,58.063423,57.564682,57.634505,180117.305222126,2572765
876,2021-05-26,57.883876,58.49234,57.883876,58.252944,142643.904459079,2572765
877,2021-05-27,58.242969,58.631987,57.744228,58.542214,130769.87968578,2572765
878,2021-05-28,58.681861,59.029683,58.352692,58.402566,134386.749126975,2572765
879,2021-06-01,58.811534,58.851433,57.764178,58.312793,196812.160113818,2572765
880,2021-06-02,58.542214,59.3003,58.47239,59.090829,230980.903276567,2572765
881,2021-06-03,59.090829,59.499797,57.965669,58.442466,190360.447056552,2572765
882,2021-06-04,58.612038,58.991081,58.512289,58.861408,255548.882961241,2572765
883,2021-06-07,59.090829,59.749167,58.871383,59.699293,245280.80407882,2572765
884,2021-06-08,60.088311,60.487304,59.784079,60.178084,361819.609214813,2572765
885,2021-06-09,60.367606,60.497278,60.008512,60.058386,234938.911534334,2572765
886,2021-06-10,60.168109,60.964798,59.948663,60.93617,271135.535440036,2572765
887,2021-06-11,61.005994,61.045893,60.587052,60.946145,288405.937399453,2572765
888,2021-06-14,60.95612,61.175566,60.70675,61.095768,190956.941244592,2572765
889,2021-06-15,60.986045,61.103648,60.387555,60.477329,223762.126622975,2572765
890,2021-06-16,60.507253,60.826447,59.868865,60.477329,145426.879015321,2572765
891,2021-06-17,60.247908,61.414962,60.247908,61.275314,169444.248680266,2572765
892,2021-06-18,60.856372,61.295264,60.547153,60.70675,221948.704492778,2572765
893,2021-06-21,60.736674,60.985047,59.908764,60.836422,142458.372821996,2572765
894,2021-06-22,61.035984,61.364263,60.876335,61.305393,191306.949897975,2572765
895,2021-06-23,61.385217,61.534889,60.886313,61.105831,142452.219573584,2572765
896,2021-06-24,61.554845,61.754307,61.355283,61.574801,163462.088486422,2572765
897,2021-06-25,61.754407,61.764385,61.326646,61.624691,128861.061496942,2572765
898,2021-06-28,61.844209,62.003859,61.524911,61.694538,196154.306621882,2572765
899,2021-06-29,61.704516,61.784341,61.26548,61.335327,131595.058496428,2572765
900,2021-06-30,61.155721,61.26548,60.447277,60.517123,146016.393764154,2572765
901,2021-07-01,60.567014,60.786532,60.207803,60.507145,90038.30410424,2572765
902,2021-07-02,60.786532,60.966137,60.372441,60.567014,83050.646809569,2572765
903,2021-07-06,60.866357,61.574801,60.686751,61.465042,359913.742227226,2572765
904,2021-07-07,61.784341,62.113618,61.175677,61.904078,294226.969791765,2572765
905,2021-07-08,61.00605,61.764385,60.497367,61.534889,129824.945110629,2572765
906,2021-07-09,61.904078,62.482109,61.714494,62.412961,163822.29758015,2572765
907,2021-07-12,62.552654,62.762194,61.524911,61.664604,290560.021261432,2572765
908,2021-07-13,61.395195,61.864166,61.177673,61.305393,205530.71895917,2572765
909,2021-07-14,61.764385,61.824253,60.8464,60.916247,235046.910653256,2572765
910,2021-07-15,60.816466,61.026704,59.898482,60.277649,223729.759569982,2572765
911,2021-07-16,60.696729,60.997568,60.307583,60.357474,105671.977457506,2572765
912,2021-07-19,59.599139,60.507145,59.43949,60.287627,147514.105259128,2572765
913,2021-07-20,60.656817,61.844209,60.487189,61.544867,173991.968170939,2572765
914,2021-07-21,61.564823,62.141557,61.355283,62.133574,244597.939587227,2572765
915,2021-07-22,61.934012,62.393005,61.934012,62.31318,267516.617354086,2572765
916,2021-07-23,62.622501,63.051559,62.393005,62.99169,126404.4554339,2572765
917,2021-07-26,62.842019,62.939205,62.542676,62.57261,147337.493044198,2572765
918,2021-07-27,62.612523,62.812084,61.245524,61.874144,229901.209001303,2572765
919,2021-07-28,62.013837,62.822062,62.013837,62.712303,155745.032722179,2572765
920,2021-07-29,62.842019,63.20123,62.612523,62.851997,123704.383944626,2572765
921,2021-07-30,62.492785,62.910867,62.427928,62.502764,71802.344555844,2572765
922,2021-08-02,62.772172,63.181174,62.023815,62.851997,96665.752305184,2572765
923,2021-08-03,62.891909,62.891909,62.273267,62.702325,103795.09849545,2572765
924,2021-08-04,62.31318,62.462851,61.953969,62.143552,98769.133938365,2572765
925,2021-08-05,62.283246,62.323158,61.986597,62.113618,266277.338422202,2572765
926,2021-08-06,61.814275,61.975222,61.205711,61.494976,100895.465181396,2572765
927,2021-08-09,61.385217,61.704516,61.245524,61.594757,104590.352367198,2572765
928,2021-08-10,61.584779,61.714494,60.926225,61.155721,114508.575058764,2572765
929,2021-08-11,61.385217,61.482903,60.866357,61.075896,197880.516406229,2572765
930,2021-08-12,61.235546,62.163508,61.125787,62.113618,130519.420260863,2572765
931,2021-08-13,62.133574,62.383026,61.953969,62.203421,102853.166682488,2572765
932,2021-08-16,61.844209,61.864166,61.021017,61.514932,95651.978235302,2572765
933,2021-08-17,61.05594,61.152628,60.646839,60.886313,162950.212405861,2572765
934,2021-08-18,60.836422,61.165699,60.467333,60.487189,65666.816252983,2572765
935,2021-08-19,59.988285,60.736641,59.919436,60.447277,72223.42000613,2572765
936,2021-08-20,60.53708,61.135765,60.427321,60.916247,186664.144044469,2572765
937,2021-08-23,61.155721,61.770771,60.966137,61.754407,181355.799505321,2572765
938,2021-08-24,62.173487,63.031602,62.158519,62.951778,207564.253953678,2572765
939,2021-08-25,63.071515,63.778961,62.99179,63.550463,273053.460182607,2572765
940,2021-08-26,63.680178,63.949587,63.320967,63.769981,296506.963639876,2572765
941,2021-08-27,63.959565,64.598163,63.800115,64.428535,153312.374078111,2572765
942,2021-08-30,64.538294,64.747834,64.308798,64.578206,141149.08085777,2572765
943,2021-08-31,64.668009,64.668009,64.328754,64.438513,216419.809928291,2572765
944,2021-09-01,64.687966,65.127002,64.580202,64.957374,147048.128398267,2572765
945,2021-09-02,65.047177,65.3555,64.857593,65.316585,197472.412474553,2572765
946,2021-09-03,65.306607,66.088091,65.306607,66.084898,119667.248229327,2572765
947,2021-09-07,66.154745,66.194657,65.306607,65.326563,139559.570923397,2572765
948,2021-09-08,65.316585,65.316585,64.563239,64.628097,98832.993722295,2572765
949,2021-09-09,64.618119,65.236761,64.568228,64.7179,270456.163033095,2572765
950,2021-09-10,64.92744,64.932429,64.069324,64.099258,118633.517976967,2572765
951,2021-09-13,64.29882,64.29882,63.658426,64.079302,158683.580592065,2572765
952,2021-09-14,64.228973,64.328754,63.560441,63.680178,186302.937141617,2572765
953,2021-09-15,63.959565,64.318776,63.70213,64.248929,138393.132057558,2572765
954,2021-09-16,64.358688,64.847615,64.228973,64.76779,130298.904444482,2572765
955,2021-09-17,64.817681,65.047177,64.405586,64.55825,182848.521954675,2572765
956,2021-09-20,63.320967,63.41067,61.94399,62.592566,385593.357839916,2572765
957,2021-09-21,63.092427,63.402341,62.598365,62.8325,262175.977185548,2572765
958,2021-09-22,63.122419,63.572293,62.872488,63.352355,116987.415968232,2572765
959,2021-09-23,63.752243,64.572015,63.69226,64.332082,210780.292217792,2572765
960,2021-09-24,63.822224,64.042163,63.462324,63.952188,82689.968697491,2572765
961,2021-09-27,63.782235,63.792232,63.012549,63.26238,190527.93302548,2572765
962,2021-09-28,62.342636,62.342636,61.052995,61.122976,236177.218514639,2572765
963,2021-09-29,61.382903,61.642831,60.804064,60.903037,152997.386256864,2572765
964,2021-09-30,61.122976,61.512867,60.703093,60.803065,163742.393493461,2572765
965,2021-10-01,61.07299,61.712811,60.483154,61.562853,93975.825293503,2572765
966,2021-10-04,61.302926,61.302926,59.783349,60.263215,255247.90683296,2572765
967,2021-10-05,60.493151,61.402898,60.483154,61.122976,255539.825526028,2572765
968,2021-10-06,60.493151,61.652828,60.333196,61.57285,131936.252329307,2572765
969,2021-10-07,62.162686,63.170305,61.982736,62.702536,140038.995505025,2572765
970,2021-10-08,62.962463,63.087429,62.302647,62.422614,108190.866035704,2572765
971,2021-10-11,62.152689,62.512589,61.93275,61.972739,63889.205198101,2572765
972,2021-10-12,62.192678,62.852494,62.182681,62.602564,65912.64161854,2572765
973,2021-10-13,62.90248,63.972182,62.90248,63.892204,220263.65085627,2572765
974,2021-10-14,64.572015,64.981901,64.492037,64.901923,413865.72765292,2572765
975,2021-10-15,65.031887,65.110965,64.681984,64.871931,113413.411421262,2572765
976,2021-10-18,64.671987,65.297813,64.582012,65.181845,284743.691491367,2572765
977,2021-10-19,65.441773,65.771681,64.981901,65.63172,148895.528730649,2572765
978,2021-10-20,65.7017,65.851659,65.341801,65.751686,91336.560397279,2572765
979,2021-10-21,65.601728,66.151975,65.536746,66.131581,381407.768037122,2572765
980,2021-10-22,66.071597,66.371414,65.611725,65.931636,279762.078999744,2572765
981,2021-10-25,65.741689,66.351519,65.431776,65.761684,130040.780267473,2572765
982,2021-10-26,65.81167,65.961628,64.73477,64.91192,178720.221779532,2572765
983,2021-10-27,65.031887,65.367094,64.150632,64.242107,124593.297532805,2572765
984,2021-10-28,64.352076,65.066877,64.212115,64.791954,96238.195164774,2572765
985,2021-10-29,64.791954,65.741689,64.791954,65.741689,131011.509894077,2572765
986,2021-11-01,65.581734,65.581734,65.071876,65.551742,130217.730982106,2572765
987,2021-11-02,65.501756,65.681706,65.011893,65.301812,426967.078586638,2572765
988,2021-11-03,65.45177,66.141578,65.246827,66.041606,466879.961812716,2572765
989,2021-11-04,66.401505,66.881372,66.211558,66.621444,193074.223817405,2572765
990,2021-11-05,67.111308,67.261266,66.121583,66.591453,127576.466642779,2572765
991,2021-11-08,66.871375,67.901088,66.811391,67.741132,545631.027596903,2572765
992,2021-11-09,67.741132,67.951074,67.166692,67.611169,156731.34625209,2572765
993,2021-11-10,67.521194,67.901088,66.041606,66.311531,179468.013500129,2572765
994,2021-11-11,66.741411,67.168792,66.441494,66.471486,105022.748438683,2572765
995,2021-11-12,66.831386,67.251269,66.831386,67.131302,175255.186881686,2572765
996,2021-11-15,67.251269,67.251269,65.99162,66.211558,145885.367138782,2572765
997,2021-11-16,66.131581,66.583055,66.031608,66.49148,234540.67433467,2572765
998,2021-11-17,66.581455,66.581455,65.81167,66.071597,102146.54953473,2572765
999,2021-11-18,66.131581,66.131581,64.981901,65.491759,124197.407798371,2572765
1000,2021-11-19,65.561739,65.791675,64.791954,64.831943,90874.68904044,2572765
1001,2021-11-22,65.09187,65.09187,63.112422,63.172405,185423.35478301,2572765
1002,2021-11-23,62.942469,63.212394,61.702814,62.352633,209682.597954136,2572765
1003,2021-11-24,61.86277,62.962463,61.602842,62.90248,177367.598520217,2572765
1004,2021-11-26,62.012728,62.752422,61.57285,61.842775,113055.511105789,2572765
1005,2021-11-29,62.382625,62.672544,61.642831,62.172683,116313.603642454,2572765
1006,2021-11-30,62.012728,62.392622,60.6766,61.272934,254742.047727851,2572765
1007,2021-12-01,62.172683,62.29265,59.113535,59.20351,294767.89948926,2572765
1008,2021-12-02,59.183516,60.385081,59.083544,60.193235,294350.015880691,2572765
1009,2021-12-03,60.413173,60.443165,58.23378,58.883599,234487.689092435,2572765
1010,2021-12-06,59.02356,59.293485,57.62395,59.003566,220142.684548526,2572765
1011,2021-12-07,59.883321,61.093884,59.873324,60.743081,209582.625798976,2572765
1012,2021-12-08,60.723087,61.351412,60.093262,61.102981,103620.139101788,2572765
1013,2021-12-09,61.082987,61.362909,59.913313,60.10326,102980.317308764,2572765
1014,2021-12-10,60.123254,60.403176,59.593402,59.763354,246336.388921998,2572765
1015,2021-12-13,59.81334,60.403176,59.623393,60.013285,143159.126467568,2572765
1016,2021-12-14,59.053552,59.353469,58.254275,59.053552,175513.115041999,2572765
1017,2021-12-15,58.943583,60.612118,58.883599,60.393179,172946.829819042,2572765
1018,2021-12-16,60.653107,60.843054,59.038556,59.453441,164797.099730399,2572765
1019,2021-12-17,58.983572,60.333196,58.683655,60.123254,137087.817484702,2572765
1020,2021-12-20,59.173519,59.38346,58.653663,59.243499,247227.140824474,2572765
1021,2021-12-21,59.423449,60.543137,59.223505,60.493151,163174.551652152,2572765
1022,2021-12-22,60.293207,60.96302,60.233223,60.933029,142085.42552115,2572765
1023,2021-12-23,60.903037,61.528263,60.673101,61.362909,101821.64003046,2572765
1024,2021-12-27,61.642831,62.182681,61.532862,62.1127,123928.482700991,2572765
1025,2021-12-28,62.31,62.42,61.62,61.76,106833.0,2572765
1026,2021-12-29,61.74,61.88,61.2099,61.7,173226.0,2572765
1027,2021-12-30,61.66,62.46,61.66,61.99,119225.0,2572765
1028,2021-12-31,61.99,62.13,61.43,61.45,54034.0,2572765
271,2018-12-31,8.085373,8.085373,7.947486,7.998225,284352.392449126,4572
272,2019-01-02,7.998225,8.114422,7.949906,8.056324,61506.93140128,4572
273,2019-01-03,8.036957,8.056324,7.968304,7.988542,58859.577017604,4572
274,2019-01-04,8.085373,8.230619,8.056324,8.230619,33914.99169285,4572
275,2019-01-07,8.240302,8.317767,8.230619,8.298401,100141.456841766,4572
276,2019-01-08,8.375865,8.395231,8.279034,8.395231,59137.481446322,4572
277,2019-01-09,8.443647,8.472696,8.404914,8.463013,40670.877404228,4572
278,2019-01-10,8.492062,8.56943,8.469888,8.559844,47220.513487324,4572
279,2019-01-11,8.569527,8.613101,8.521111,8.608259,112686.85676675,4572
280,2019-01-14,8.57921,8.57921,8.511428,8.569527,31348.97519075,4572
281,2019-01-15,8.559844,8.569333,8.501745,8.521111,52559.76442792,4572
282,2019-01-16,8.569527,8.598576,8.540478,8.550161,27046.782240248,4572
283,2019-01-17,8.530794,8.685724,8.530794,8.676041,30846.423279584,4572
284,2019-01-18,8.714773,8.717872,8.666358,8.666358,37019.387506334,4572
285,2019-01-22,8.685724,8.698796,8.559844,8.559844,85924.757112018,4572
286,2019-01-23,8.656675,8.676041,8.608162,8.666358,89503.623901362,4572
287,2019-01-24,8.714773,8.860019,8.709931,8.860019,88713.484480338,4572
288,2019-01-25,8.918118,8.95685,8.879385,8.913276,97100.969363806,4572
289,2019-01-28,8.908435,8.908435,8.840653,8.874544,86555.125694232,4572
290,2019-01-29,8.918118,8.976216,8.918118,8.96663,143472.276635152,4572
291,2019-01-30,8.985899,9.082633,8.95685,9.024632,52220.85658802,4572
292,2019-01-31,9.102096,9.189244,9.063364,9.189244,531184.78209698,4572
293,2019-02-01,9.257026,9.257026,9.153029,9.198927,129932.42427709,4572
294,2019-02-04,9.189244,9.198927,9.121462,9.189244,82287.791835834,4572
295,2019-02-05,9.20861,9.257026,9.201348,9.257026,178794.220017644,4572
296,2019-02-06,9.198927,9.276392,9.198927,9.198927,58739.506811468,4572
297,2019-02-07,9.189244,9.189244,9.053778,9.102096,99731.862509544,4572
298,2019-02-08,9.034315,9.102096,9.034315,9.08273,71639.307506176,4572
299,2019-02-11,9.131146,9.160195,9.102096,9.160195,67556.920497552,4572
300,2019-02-12,9.257026,9.257026,9.218487,9.237659,83606.627487102,4572
301,2019-02-13,9.266709,9.266709,9.218293,9.247342,41614.009507264,4572
302,2019-02-14,9.257026,9.353856,9.247342,9.33449,82431.101436706,4572
303,2019-02-15,9.353856,9.353856,9.286075,9.295758,71572.49424631,4572
304,2019-02-19,9.257026,9.373223,9.257026,9.363539,56343.912537432,4572
305,2019-02-20,9.33449,9.373223,9.295758,9.315124,117081.038988082,4572
306,2019-02-21,9.363539,9.373223,9.324807,9.373223,153687.927237852,4572
307,2019-02-22,9.421638,9.479736,9.382906,9.46037,96786.269226756,4572
308,2019-02-25,9.605616,9.605616,9.479736,9.499103,117942.833209542,4572
309,2019-02-26,9.479736,9.528152,9.46037,9.518469,190833.194799006,4572
310,2019-02-27,9.450687,9.450687,9.339332,9.450687,398586.605582048,4572
311,2019-02-28,9.431321,9.439939,9.363539,9.392589,513956.644132692,4572
312,2019-03-01,9.441004,9.441004,9.34427,9.382906,321554.790189006,4572
313,2019-03-04,9.441004,9.479736,9.38765,9.402272,112252.086423564,4572
314,2019-03-05,9.46037,9.48942,9.431321,9.470053,143974.828546318,4572
315,2019-03-06,9.411955,9.436163,9.316092,9.344173,84705.657196492,4572
316,2019-03-07,9.295758,9.319966,9.198927,9.20861,370451.445021664,4572
317,2019-03-08,9.140829,9.198927,9.102096,9.198927,57815.740870712,4572
318,2019-03-11,9.257026,9.411955,9.257026,9.411955,225287.534111354,4572
319,2019-03-12,9.421638,9.508689,9.421638,9.48942,128033.572065536,4572
320,2019-03-13,9.48942,9.576567,9.48942,9.566884,117722.05895955,4572
321,2019-03-14,9.518469,9.528152,9.479833,9.518469,77497.571595876,4572
322,2019-03-15,9.547518,9.547518,9.479736,9.518469,70608.059364766,4572
323,2019-03-18,9.566884,9.6153,9.537835,9.6153,71035.08324304,4572
324,2019-03-19,9.595933,9.644349,9.566884,9.566884,139396.667783326,4572
325,2019-03-20,9.576567,9.651611,9.530573,9.634666,319609.45918798,4572
326,2019-03-21,9.566884,9.576567,9.48942,9.518469,108908.518505922,4572
327,2019-03-22,9.499103,9.499103,9.305441,9.33449,112825.324827052,4572
328,2019-03-25,9.315124,9.344173,9.237659,9.315124,90143.675564716,4572
329,2019-03-26,9.392589,9.392589,9.319966,9.382906,289360.482014734,4572
330,2019-03-27,9.33449,9.382809,9.276392,9.295758,345044.008418418,4572
331,2019-03-28,9.363539,9.411955,9.334587,9.411955,61545.66372584,4572
332,2019-03-29,9.421638,9.47964,9.421638,9.450687,69079.10085276,4572
333,2019-04-01,9.499103,9.537835,9.48942,9.537835,87935.933064796,4572
334,2019-04-02,9.576567,9.576567,9.528249,9.576567,195521.742686994,4572
335,2019-04-03,9.605616,9.663715,9.58625,9.58625,209487.650615216,4572
336,2019-04-04,9.595933,9.673398,9.595933,9.663715,99269.011231052,4572
337,2019-04-05,9.683081,9.779912,9.677078,9.779912,86390.513314852,4572
338,2019-04-08,9.779912,9.779912,9.760546,9.770229,105770.231908448,4572
339,2019-04-09,9.789595,9.789595,9.692764,9.702447,133693.332991866,4572
340,2019-04-10,9.721813,9.818644,9.721813,9.818644,103681.59130655,4572
341,2019-04-11,9.779912,9.779912,9.702641,9.721813,129608.0410589,4572
342,2019-04-12,9.731497,9.733143,9.683081,9.702447,85126.871226082,4572
343,2019-04-15,9.760546,9.770229,9.71213,9.770229,189280.996892264,4572
344,2019-04-16,9.779912,9.779912,9.760546,9.760546,82327.492468508,4572
345,2019-04-17,9.818644,9.818644,9.741373,9.808961,112573.564717412,4572
346,2019-04-18,9.789595,9.799278,9.750863,9.779912,60810.717867314,4572
347,2019-04-22,9.779912,9.789111,9.74147,9.779912,118325.314914572,4572
348,2019-04-23,9.779912,9.86706,9.770229,9.86706,193013.824671734,4572
349,2019-04-24,9.847694,9.847694,9.808961,9.818644,164367.397427158,4572
350,2019-04-25,9.779912,9.789595,9.731497,9.779912,56028.244092268,4572
351,2019-04-26,9.789595,9.818644,9.750766,9.799278,80096.510573852,4572
352,2019-04-29,9.847694,9.847694,9.789595,9.799278,127382.869012928,4572
353,2019-04-30,9.847694,9.847694,9.779912,9.83801,603884.386987986,4572
354,2019-05-01,9.876743,9.944524,9.799278,9.799278,312753.83774086,4572
355,2019-05-02,9.799278,9.808961,9.692764,9.746021,80458.657808488,4572
356,2019-05-03,9.808961,9.896109,9.808961,9.896109,142747.98216588,4572
357,2019-05-06,9.692764,9.750863,9.683081,9.74118,207829.907124048,4572
358,2019-05-07,9.760546,9.828327,9.74118,9.799278,150207.827876136,4572
359,2019-05-08,9.818644,9.853794,9.760546,9.760546,122891.855980196,4572
360,2019-05-09,9.663715,9.702447,9.567368,9.683081,127819.575972342,4572
361,2019-05-10,9.673398,9.760546,9.624983,9.760546,223865.089491888,4572
362,2019-05-13,9.508786,9.58625,9.420379,9.48942,158731.844203678,4572
363,2019-05-14,9.547518,9.6153,9.537835,9.595933,107003.856445684,4572
364,2019-05-15,9.557201,9.670784,9.499103,9.6153,313974.874272614,4572
365,2019-05-16,9.663715,9.760546,9.663715,9.692764,77110.248350276,4572
366,2019-05-17,9.634666,9.644349,9.559816,9.566884,74776.625795536,4572
367,2019-05-20,9.547518,9.547518,9.450687,9.537835,76523.453633192,4572
368,2019-05-21,9.58625,9.721813,9.58625,9.663715,121724.076394712,4572
369,2019-05-22,9.702447,9.750863,9.692764,9.721813,181056.187771948,4572
370,2019-05-23,9.624983,9.644349,9.490969,9.537835,115380.689939898,4572
371,2019-05-24,9.605616,9.654032,9.58625,9.58625,42403.180620174,4572
372,2019-05-28,9.673398,9.721813,9.645511,9.721813,68711.14376944,4572
373,2019-05-29,9.644349,9.644349,9.576664,9.644349,58753.063125064,4572
374,2019-05-30,9.673398,9.74118,9.673398,9.721813,141097.01683151,4572
375,2019-05-31,9.634666,9.702447,9.606585,9.673398,501210.80442811,4572
376,2019-06-03,9.721813,9.847694,9.721813,9.828327,328400.728554986,4572
377,2019-06-04,9.886426,9.944524,9.847694,9.944524,342746.213263896,4572
378,2019-06-05,9.876743,9.944524,9.86706,9.925158,187376.334832026,4572
379,2019-06-06,9.925158,9.944524,9.86706,9.905792,100562.670871356,4572
380,2019-06-07,10.021989,10.10904,9.973574,10.080087,93525.007498804,4572
381,2019-06-10,10.099454,10.11882,10.031672,10.080087,126273.187914284,4572
382,2019-06-11,10.157552,10.157552,10.080087,10.11882,146814.87624468,4572
383,2019-06-12,10.109137,10.118723,10.021989,10.060721,265044.328655966,4572
384,2019-06-13,10.109137,10.167235,10.089771,10.167235,152194.796126064,4572
385,2019-06-14,10.109137,10.147869,10.041355,10.089771,354098.657592432,4572
386,2019-06-17,10.068434,10.068434,10.009896,10.039165,302274.476449842,4572
387,2019-06-18,10.126971,10.244046,10.126971,10.214777,384625.873463836,4572
388,2019-06-19,10.23429,10.263558,10.159069,10.244046,199627.185489917,4572
389,2019-06-20,10.370877,10.400146,10.31634,10.390389,199050.59205041,4572
390,2019-06-21,10.351364,10.361121,10.31234,10.351364,246505.890681572,4572
391,2019-06-24,10.390389,10.400146,10.341608,10.351364,207838.03216823,4572
392,2019-06-25,10.370877,10.370877,10.244046,10.244046,356686.945668343,4572
393,2019-06-26,10.341608,10.341608,10.244046,10.263558,268846.691309744,4572
394,2019-06-27,10.244046,10.351364,10.224533,10.351364,966781.342070823,4572
395,2019-06-28,10.351364,10.395268,10.341608,10.380633,232546.670829705,4572
396,2019-07-01,10.536733,10.536733,10.395268,10.458683,319071.784822052,4572
397,2019-07-02,10.458683,10.497708,10.41478,10.487952,277554.130307362,4572
398,2019-07-03,10.556245,10.614783,10.537123,10.585514,689321.84723492,4572
399,2019-07-05,10.507464,10.585514,10.439171,10.585514,346967.785187193,4572
400,2019-07-08,10.585514,10.592246,10.526977,10.575758,313131.213835331,4572
401,2019-07-09,10.526977,10.575758,10.497708,10.575758,130893.540131804,4572
402,2019-07-10,10.614783,10.634295,10.556245,10.585514,185936.262077752,4572
403,2019-07-11,10.585514,10.624539,10.536733,10.566002,173920.484072749,4572
404,2019-07-12,10.526977,10.546489,10.487952,10.51722,210563.923995608,4572
405,2019-07-15,10.51722,10.556245,10.468439,10.487952,175569.287647648,4572
406,2019-07-16,10.487952,10.536733,10.468439,10.478195,485136.549140312,4572
407,2019-07-17,10.507464,10.546489,10.478195,10.51722,159163.204265694,4572
408,2019-07-18,10.507464,10.585514,10.487952,10.585514,233332.04768047,4572
409,2019-07-19,10.605027,10.605027,10.536733,10.541611,161055.913694868,4572
410,2019-07-22,10.566002,10.585514,10.51722,10.575758,218595.255965175,4572
411,2019-07-23,10.575758,10.575758,10.439171,10.49283,161858.851767141,4572
412,2019-07-24,10.507464,10.526977,10.458683,10.51722,120565.590638384,4572
413,2019-07-25,10.497708,10.507464,10.439171,10.458683,110194.713714611,4572
414,2019-07-26,10.487952,10.487952,10.419658,10.478195,126775.433688225,4572
415,2019-07-29,10.439171,10.487952,10.429414,10.487952,124348.082626481,4572
416,2019-07-30,10.331852,10.390389,10.263656,10.370877,138624.380088905,4572
417,2019-07-31,10.429414,10.556148,10.380633,10.468439,293853.870736852,4572
418,2019-08-01,10.487952,10.722004,10.487952,10.487952,496784.517117069,4572
419,2019-08-02,10.526977,10.526977,10.419756,10.507464,169535.056812884,4572
420,2019-08-05,10.331852,10.331852,10.019848,10.126971,774950.363306952,4572
421,2019-08-06,10.205021,10.292827,10.15624,10.263558,231605.194232203,4572
422,2019-08-07,10.322096,10.526977,10.263558,10.526977,365287.066090079,4572
423,2019-08-08,10.536733,10.731858,10.53283,10.722101,1156999.615326227,4572
424,2019-08-09,10.67332,10.731858,10.624539,10.67332,313851.22391715,4572
425,2019-08-12,10.585514,10.634295,10.546489,10.585514,176349.786381328,4572
426,2019-08-13,10.556245,10.731858,10.507074,10.692833,219512.341977249,4572
427,2019-08-14,10.556245,10.556245,10.390389,10.41478,447968.223819053,4572
428,2019-08-15,10.439171,10.439171,10.273315,10.356243,188632.885202617,4572
429,2019-08-16,10.380633,10.528635,10.380633,10.51722,138898.53026911,4572
430,2019-08-19,10.634295,10.663564,10.585514,10.644051,168998.463933479,4572
431,2019-08-20,10.644051,10.653905,10.558392,10.644051,71652.710622075,4572
432,2019-08-21,10.731858,10.819664,10.731858,10.800151,432169.953825953,4572
433,2019-08-22,10.800151,10.809907,10.624539,10.683076,348472.196496361,4572
434,2019-08-23,10.536733,10.692833,10.429414,10.429414,217992.320693407,4572
435,2019-08-26,10.448927,10.634295,10.448927,10.634295,1446908.064964326,4572
436,2019-08-27,10.663564,10.712345,10.546587,10.556245,154118.25557587,4572
437,2019-08-28,10.566002,10.632539,10.507464,10.566002,93473.503968934,4572
438,2019-08-29,10.644051,10.653808,10.546489,10.634295,224773.879065669,4572
439,2019-08-30,10.663564,10.711369,10.566002,10.605027,241511.674409437,4572
440,2019-09-03,10.702589,10.780639,10.655857,10.67332,417813.655243326,4572
441,2019-09-04,10.731858,10.848932,10.731858,10.82942,385641.497441037,4572
442,2019-09-05,10.946495,10.962397,10.819664,10.82942,286371.814751112,4572
443,2019-09-06,10.848932,10.848932,10.731858,10.731858,347868.285601176,4572
444,2019-09-09,10.800151,10.82942,10.66854,10.702589,384823.925017507,4572
445,2019-09-10,10.605027,10.67332,10.546587,10.634295,141922.96286212,4572
446,2019-09-11,10.644051,10.780639,10.624539,10.780639,312000.466294912,4572
447,2019-09-12,10.868445,10.878201,10.731858,10.731858,330742.192137403,4572
448,2019-09-13,10.741614,10.761126,10.728248,10.75137,101507.762808752,4572
449,2019-09-16,10.75137,10.809907,10.749419,10.809907,200418.416081185,4572
450,2019-09-17,10.741614,10.926007,10.741614,10.922104,143683.963129985,4572
451,2019-09-18,10.926982,10.946495,10.830103,10.926982,212164.922023069,4572
452,2019-09-19,10.975763,11.122107,10.975763,11.112351,393257.213834919,4572
453,2019-09-20,11.122107,11.122107,10.98552,11.102594,1053782.560290715,4572
454,2019-09-23,11.044057,11.083082,10.956251,11.06357,267442.769212538,4572
455,2019-09-24,11.092838,11.097911,10.892835,10.956251,773944.495563922,4572
456,2019-09-25,10.868445,10.926982,10.800151,10.897714,321115.715880877,4572
457,2019-09-26,10.946495,10.956251,10.780639,10.800151,353477.144626084,4572
458,2019-09-27,10.761126,10.770883,10.536733,10.566002,384889.291786453,4572
459,2019-09-30,10.614783,10.663564,10.546489,10.634295,331822.207260132,4572
460,2019-10-01,10.644051,10.644051,10.526977,10.59527,375768.188459985,4572
461,2019-10-02,10.487952,10.51722,10.380633,10.419658,442187.655072736,4572
462,2019-10-03,10.487952,10.536733,10.390389,10.536733,967508.181516562,4572
463,2019-10-04,10.59527,10.780639,10.580148,10.780639,351334.675602132,4572
464,2019-10-07,10.82942,10.82942,10.668442,10.722101,521481.448297538,4572
465,2019-10-08,10.663564,10.722101,10.59527,10.634295,286116.201415832,4572
466,2019-10-09,10.731858,10.75137,10.634295,10.712345,198682.782022164,4572
467,2019-10-10,10.663564,10.799176,10.635271,10.722101,207415.587228626,4572
468,2019-10-11,10.82942,10.874786,10.770883,10.770883,215381.552429247,4572
469,2019-10-14,10.770883,10.790395,10.683076,10.731858,169293.102205443,4572
470,2019-10-15,10.663564,10.683076,10.585514,10.614783,859859.844920582,4572
471,2019-10-16,10.585514,10.614783,10.507464,10.566002,337720.826439919,4572
472,2019-10-17,10.59527,10.67332,10.59527,10.634295,210928.807153603,4572
473,2019-10-18,10.692833,10.712345,10.601612,10.683076,300960.311707008,4572
474,2019-10-21,10.741614,10.809907,10.712345,10.809907,245253.190214015,4572
475,2019-10-22,10.800151,10.800151,10.653808,10.653808,249395.687243022,4572
476,2019-10-23,10.624539,10.693711,10.541513,10.624539,178851.284822772,4572
477,2019-10-24,10.683076,10.692833,10.596636,10.634295,175500.018385034,4572
478,2019-10-25,10.605027,10.605027,10.468439,10.566002,372726.194645467,4572
479,2019-10-28,10.634295,10.702101,10.585514,10.614783,379628.730321449,4572
480,2019-10-29,10.585514,10.653808,10.526586,10.580636,285586.437900346,4572
481,2019-10-30,10.507464,10.507464,10.31234,10.400146,486759.010882949,4572
482,2019-10-31,10.409902,10.478195,10.361121,10.400146,490751.261905722,4572
483,2019-11-01,10.439171,10.478195,10.433414,10.439171,252823.052307294,4572
484,2019-11-04,10.487952,10.536733,10.351364,10.380633,904843.889436229,4572
485,2019-11-05,10.351364,10.370877,10.284827,10.370877,242665.836911866,4572
486,2019-11-06,10.361121,10.409316,10.292827,10.31234,535191.884178044,4572
487,2019-11-07,10.380633,10.409902,10.283071,10.292827,511329.111019196,4572
488,2019-11-08,10.341608,10.341608,10.292827,10.331852,198427.168686884,4572
489,2019-11-11,10.370877,10.439171,10.341901,10.439171,149628.436610376,4572
490,2019-11-12,10.439171,10.448927,10.346486,10.351364,933995.517139177,4572
491,2019-11-13,10.351364,10.429414,10.31234,10.341608,236078.427599607,4572
492,2019-11-14,10.380633,10.429414,10.351364,10.429414,183631.839566562,4572
493,2019-11-15,10.439171,10.487952,10.434488,10.487952,223393.371930473,4572
494,2019-11-18,10.468439,10.487952,10.386292,10.409902,304472.556008568,4572
495,2019-11-19,10.458683,10.458683,10.370877,10.429414,107916.633035682,4572
496,2019-11-20,10.400146,10.439171,10.302583,10.331852,195167.610850352,4572
497,2019-11-21,10.380633,10.388438,10.302583,10.346486,276941.438801423,4572
498,2019-11-22,10.341608,10.400146,10.314193,10.341608,148956.232075994,4572
499,2019-11-25,10.448927,10.536733,10.390389,10.536733,352953.234851101,4572
500,2019-11-26,10.536733,10.585514,10.536733,10.575758,363906.558954883,4572
501,2019-11-27,10.614783,10.712345,10.575758,10.712345,199902.311293539,4572
502,2019-11-29,10.722101,10.761126,10.683076,10.736736,111286.436318346,4572
503,2019-12-02,10.82942,10.82942,10.683076,10.736736,326395.789814222,4572
504,2019-12-03,10.712345,10.819664,10.634393,10.819664,312727.305740651,4572
505,2019-12-04,10.887957,10.917226,10.861616,10.887957,650473.498389415,4572
506,2019-12-05,10.936739,10.936739,10.82942,10.848932,269250.599404424,4572
507,2019-12-06,10.887957,10.946495,10.866884,10.946495,259521.682689103,4572
508,2019-12-09,10.946495,10.946495,10.878201,10.897714,320443.511346495,4572
509,2019-12-10,10.887957,10.887957,10.809907,10.819664,181728.3982798,4572
510,2019-12-11,10.887957,10.975763,10.839176,10.970885,197573.498196921,4572
511,2019-12-12,11.014788,11.073326,10.936739,11.053813,317347.858244037,4572
512,2019-12-13,11.112351,11.16601,11.06357,11.102594,418609.76395168,4572
513,2019-12-16,11.192702,11.349931,11.182875,11.330277,448557.118815229,4572
514,2019-12-17,11.389238,11.418718,11.37096,11.379411,233357.521211248,4572
515,2019-12-18,11.399065,11.399065,11.300797,11.359757,248985.049034951,4572
516,2019-12-19,11.359757,11.399065,11.300797,11.379411,703376.326983005,4572
517,2019-12-20,11.300797,11.497332,11.300797,11.423631,363701.893065085,4572
518,2019-12-23,11.521899,11.521899,11.428545,11.507159,323715.743616912,4572
519,2019-12-24,11.526813,11.536639,11.458025,11.536639,268064.724582018,4572
520,2019-12-26,11.546466,11.605427,11.516986,11.605427,633274.045659525,4572
521,2019-12-27,11.664388,11.664388,11.556293,11.56612,255706.566378479,4572
522,2019-12-30,11.605427,11.634907,11.460973,11.507159,314003.937197894,4572
523,2019-12-31,11.487506,11.56612,11.467852,11.546466,190424.32051845,4572
524,2020-01-02,11.62508,11.743002,11.575947,11.723348,372239.399304934,4572
525,2020-01-03,11.684041,11.752829,11.634907,11.664388,416866.736825253,4572
526,2020-01-06,11.62508,11.664388,11.550495,11.634907,551860.15817503,4572
527,2020-01-07,11.644734,11.644734,11.546466,11.605427,300615.932477393,4572
528,2020-01-08,11.62508,11.752829,11.5956,11.703695,587110.782465532,4572
529,2020-01-09,11.772482,11.792136,11.703695,11.723348,508502.440597377,4572
530,2020-01-10,11.772482,11.831443,11.743002,11.743002,918210.368380583,4572
531,2020-01-13,11.811789,11.929711,11.811789,11.919884,499104.108452128,4572
532,2020-01-14,11.959191,12.067286,11.910057,12.018152,1353703.766206797,4572
533,2020-01-15,12.047632,12.057459,11.962827,12.037805,740321.088101028,4572
534,2020-01-16,12.126246,12.155727,12.077112,12.136073,633612.08688265,4572
535,2020-01-17,12.214687,12.273648,12.185207,12.273648,1423069.039049627,4572
536,2020-01-21,12.263821,12.263821,12.150813,12.214687,906368.116113499,4572
537,2020-01-22,12.263821,12.263821,12.1459,12.17538,847329.806101537,4572
538,2020-01-23,12.195034,12.214687,12.047632,12.20486,558592.484976274,4572
539,2020-01-24,12.283475,12.303128,12.155727,12.214687,568635.453872598,4572
540,2020-01-27,12.008325,12.027978,11.910057,11.924797,1518668.865769674,4572
541,2020-01-28,11.998498,12.165553,11.969018,12.165553,564480.69139768,4572
542,2020-01-29,12.234341,12.253994,12.1459,12.224514,876050.535253481,4572
543,2020-01-30,12.027978,12.096766,11.988671,12.096766,2173923.452356105,4572
544,2020-01-31,12.067286,12.086939,11.875663,11.910057,1111959.088485752,4572
545,2020-02-03,11.939537,12.091852,11.939537,12.067286,744128.965251053,4572
546,2020-02-04,12.283475,12.48001,12.214687,12.48001,2063390.851140115,4572
547,2020-02-05,12.578278,12.676546,12.509491,12.637239,1469742.31211223,4572
548,2020-02-06,12.627412,12.72568,12.578278,12.676546,964771.616154128,4572
549,2020-02-07,12.607758,12.607758,12.489837,12.538971,1061508.401290324,4572
550,2020-02-10,12.538971,12.578278,12.46242,12.578278,735031.33256591,4572
551,2020-02-11,12.75516,12.902562,12.706026,12.902562,692624.847267283,4572
552,2020-02-12,13.03031,13.187538,12.981176,13.187538,1331114.947613862,4572
553,2020-02-13,13.020483,13.118751,12.932042,13.118751,696017.051634221,4572
554,2020-02-14,13.128578,13.138405,13.069519,13.108924,810539.325425463,4572
555,2020-02-18,13.079444,13.18744,13.069617,13.158058,1388687.102088317,4572
556,2020-02-19,13.472515,13.895067,13.452861,13.895067,3689603.011728262,4572
557,2020-02-20,13.9442,14.022815,13.669051,13.993334,1732311.901462522,4572
558,2020-02-21,13.855759,13.895067,13.728011,13.865586,1304551.196615287,4572
559,2020-02-24,13.266153,13.462688,13.118751,13.374247,1523526.242996144,4572
560,2020-02-25,13.501995,13.501995,12.941869,13.010656,1508499.131414678,4572
561,2020-02-26,12.961522,13.153145,12.804294,12.833774,2537795.348710726,4572
562,2020-02-27,12.45053,12.656892,12.185207,12.342435,1557445.338631606,4572
563,2020-02-28,11.890403,12.342435,11.792136,12.342435,1697105.497680858,4572
564,2020-03-02,12.362089,12.499664,12.106593,12.470183,1477131.06780024,4572
565,2020-03-03,12.686373,12.914452,12.475097,12.568451,1812464.030428145,4572
566,2020-03-04,12.863255,13.049963,12.706026,13.049963,1020359.743798673,4572
567,2020-03-05,12.78464,13.040137,12.707009,12.912389,1445635.256049156,4572
568,2020-03-06,12.548798,12.649326,12.293301,12.519317,786653.371906584,4572
569,2020-03-09,11.487506,11.5956,10.996167,11.104261,1990534.123454952,4572
570,2020-03-10,11.516986,11.56612,11.01582,11.359757,1778597.99940329,4572
571,2020-03-11,11.094434,11.123915,10.426213,10.662056,1563644.071292859,4572
572,2020-03-12,9.82678,9.851347,9.247,9.296134,1415140.793153781,4572
573,2020-03-13,10.023315,10.252083,9.296232,9.787473,625318.284780402,4572
574,2020-03-16,8.962023,9.237173,8.627913,8.627913,808740.042054703,4572
575,2020-03-17,8.903062,9.30596,8.637739,9.30596,1131726.638614759,4572
576,2020-03-18,8.608259,8.853929,8.088324,8.352763,711808.686679615,4572
577,2020-03-19,8.166054,8.657295,7.940038,8.549298,775263.151507632,4572
578,2020-03-20,8.647566,9.030811,8.441204,8.539472,766610.671944801,4572
579,2020-03-23,8.460857,8.490338,7.949865,8.185708,910161.253093911,4572
580,2020-03-24,8.765488,9.148732,8.712226,9.119252,1140855.716995077,4572
581,2020-03-25,9.27648,9.826681,9.030811,9.571283,731893.641794289,4572
582,2020-03-26,9.708858,10.072449,9.708858,9.925048,864440.194988308,4572
583,2020-03-27,9.473016,9.586024,9.247,9.325614,552182.476550567,4572
584,2020-03-30,9.335441,9.414055,9.197866,9.404228,1731949.293290042,4572
585,2020-03-31,9.394401,9.610591,9.335441,9.384575,1197921.79231282,4572
586,2020-04-01,9.256827,9.256827,8.97185,9.030811,432202.409290618,4572
587,2020-04-02,9.040637,9.325614,8.97185,9.109425,336273.385449214,4572
588,2020-04-03,9.178212,9.266653,8.962023,9.040637,384685.015848177,4572
589,2020-04-06,9.345268,9.652158,9.286307,9.649898,485753.445494647,4572
590,2020-04-07,10.023315,10.170324,9.787473,9.836607,696661.688385296,4572
591,2020-04-08,9.934874,10.170717,9.846433,10.121583,1100837.139173756,4572
592,2020-04-09,10.278812,10.470434,10.155977,10.327946,783943.14605374,4572
593,2020-04-13,10.268985,10.308292,10.018402,10.249331,646041.980578306,4572
594,2020-04-14,10.347599,10.568702,10.278812,10.416387,560565.702348467,4572
595,2020-04-15,10.13141,10.148902,9.934874,10.082276,622214.005059904,4572
596,2020-04-16,10.10193,10.170717,9.969268,10.062622,551200.781254341,4572
597,2020-04-17,10.308292,10.445867,10.249331,10.337772,510905.088244296,4572
598,2020-04-20,10.229678,10.377079,10.136323,10.200197,439042.830669024,4572
599,2020-04-21,10.042969,10.121583,9.82678,9.846433,1332461.216438516,4572
600,2020-04-22,9.954528,10.121583,9.954528,10.092103,531353.634209424,4572
601,2020-04-23,10.092103,10.318119,10.07412,10.13141,376697.80927388,4572
602,2020-04-24,10.16089,10.167179,9.88574,10.013489,439615.731927983,4572
603,2020-04-27,10.092103,10.239504,10.033142,10.229678,321826.053872526,4572
604,2020-04-28,10.485174,10.544135,10.327946,10.43604,546245.136230451,4572
605,2020-04-29,10.632576,10.927379,10.563788,10.868418,770093.282685366,4572
606,2020-04-30,10.809458,10.809458,10.481538,10.573615,717657.585982054,4572
607,2020-05-01,10.386906,10.386906,10.092103,10.210024,772034.071684411,4572
608,2020-05-04,10.170717,10.268985,10.072449,10.268985,350121.283461641,4572
609,2020-05-05,10.475347,10.514654,10.323032,10.367253,574177.757647086,4572
610,2020-05-06,10.455694,10.583442,10.377079,10.475347,412975.332047421,4572
611,2020-05-07,10.593269,10.637489,10.455694,10.593269,488032.275716817,4572
612,2020-05-08,10.809458,10.937206,10.74067,10.937206,337849.600919831,4572
613,2020-05-11,10.878245,11.005993,10.829111,10.98634,469568.739259573,4572
614,2020-05-12,11.035474,11.202529,10.888072,10.897899,347185.041674731,4572
615,2020-05-13,10.897899,10.966588,10.524481,10.593269,702287.519787591,4572
616,2020-05-14,10.43604,10.671883,10.249331,10.671883,558765.436299733,4572
617,2020-05-15,10.671883,10.671883,10.482226,10.603095,260923.603743507,4572
618,2020-05-18,10.937206,11.212356,10.917552,11.202529,369137.084940385,4572
619,2020-05-19,11.123915,11.349931,11.055127,11.153395,534739.942508517,4572
620,2020-05-20,11.428545,11.453112,11.236923,11.340104,380490.946254292,4572
621,2020-05-21,11.330277,11.369584,11.123915,11.271316,276953.046858657,4572
622,2020-05-22,11.182875,11.212356,11.104261,11.133741,426412.470666632,4572
623,2020-05-26,11.556293,11.639821,11.502246,11.546466,854546.593144062,4572
624,2020-05-27,11.644734,11.664388,11.271316,11.644734,599254.716870696,4572
625,2020-05-28,11.634907,11.723348,11.497332,11.497332,545468.820630833,4572
626,2020-05-29,11.546466,11.733175,11.507159,11.713521,482536.157807116,4572
627,2020-06-01,11.752829,11.929711,11.691018,11.929711,440245.628509445,4572
628,2020-06-02,11.998498,12.047632,11.90023,12.027978,406812.958471213,4572
629,2020-06-03,12.126246,12.185207,12.037805,12.165553,1098935.657293679,4572
630,2020-06-04,12.17538,12.244168,12.057459,12.155727,391023.288781767,4572
631,2020-06-05,12.42105,12.538971,12.371916,12.371916,650552.472479884,4572
632,2020-06-08,12.548798,12.735507,12.458883,12.735507,543021.952475075,4572
633,2020-06-09,12.48001,12.568451,12.401396,12.509491,454214.395912698,4572
634,2020-06-10,12.588105,12.588105,12.362089,12.440703,484825.797487002,4572
635,2020-06-11,11.939537,12.032892,11.56612,11.605427,1612319.059388908,4572
636,2020-06-12,11.978845,12.047632,11.644734,11.87075,648294.278495172,4572
637,2020-06-15,11.676051,12.149805,11.606962,12.100455,1074849.093498117,4572
638,2020-06-16,12.386681,12.435932,12.127795,12.278113,1009771.14749993,4572
639,2020-06-17,12.307722,12.357072,12.001757,12.031366,518107.739237175,4572
640,2020-06-18,11.982017,12.179414,11.967212,12.120195,641394.204757158,4572
641,2020-06-19,12.268243,12.347103,12.122959,12.130065,501598.415002892,4572
642,2020-06-22,12.218894,12.287983,12.120195,12.238633,424593.723381038,4572
643,2020-06-23,12.386681,12.500185,12.350163,12.386681,633767.759587175,4572
644,2020-06-24,12.337332,12.386681,12.041236,12.189284,915720.210953684,4572
645,2020-06-25,12.139935,12.199154,11.972147,12.179414,360505.724905239,4572
646,2020-06-26,12.189284,12.218894,11.843839,11.853709,638827.052707575,4572
647,2020-06-29,11.952407,12.268243,11.942537,12.238633,526942.255959903,4572
648,2020-06-30,12.218894,12.386681,12.189284,12.357072,735692.874930641,4572
649,2020-07-01,12.386681,12.574209,12.376811,12.51499,1035637.104348608,4572
650,2020-07-02,12.771606,12.82589,12.643298,12.692647,895298.471984858,4572
651,2020-07-06,13.018353,13.18614,12.970977,13.18614,1139117.71051489,4572
652,2020-07-07,13.107182,13.250295,13.047962,13.136791,753199.055593251,4572
653,2020-07-08,13.22562,13.571065,13.22562,13.571065,639339.298733616,4572
654,2020-07-09,13.600675,13.600675,13.176271,13.403278,926985.675580342,4572
655,2020-07-10,13.353928,13.383538,13.268751,13.383538,595263.439803122,4572
656,2020-07-13,13.492106,13.658907,13.19601,13.22562,974707.462873449,4572
657,2020-07-14,13.22562,13.610545,13.082507,13.600675,702279.431836995,4572
658,2020-07-15,13.886901,13.93625,13.728983,13.906641,1695024.074143787,4572
659,2020-07-16,13.837552,13.94612,13.763528,13.798072,1207134.902496798,4572
660,2020-07-17,13.92638,14.025079,13.847421,14.025079,696223.282288268,4572
661,2020-07-20,14.123778,14.331045,14.113908,14.281696,1143655.874730185,4572
662,2020-07-21,14.479093,14.484028,14.271826,14.350785,1374378.78855975,4572
663,2020-07-22,14.370524,14.498833,14.311305,14.469223,775373.682697432,4572
664,2020-07-23,14.498833,14.71597,14.390264,14.508702,1030441.607082556,4572
665,2020-07-24,14.281696,14.311305,14.064559,14.242216,1469986.202915374,4572
666,2020-07-27,14.311305,14.528442,14.301435,14.528442,1264458.095071851,4572
667,2020-07-28,14.528442,14.528442,14.163257,14.163257,891781.838861958,4572
668,2020-07-29,14.301435,14.311305,14.163257,14.242216,922502.782612558,4572
669,2020-07-30,14.113908,14.311305,14.094168,14.311305,874793.826144766,4572
670,2020-07-31,14.340915,14.360654,14.084397,14.212607,1072312.538031978,4572
671,2020-08-03,14.360654,14.587661,14.227411,14.558052,1466239.601923364,4572
672,2020-08-04,14.597531,15.031805,14.587661,15.002196,1679156.291175259,4572
673,2020-08-05,15.100894,15.39699,15.031805,15.387121,1465278.277011295,4572
674,2020-08-06,15.44634,15.564778,15.322966,15.44634,1233376.901225865,4572
675,2020-08-07,15.43647,15.81646,15.40686,15.673347,1781076.471585912,4572
676,2020-08-10,15.890484,15.890484,15.604258,15.732566,1803724.852240189,4572
677,2020-08-11,15.929963,15.929963,15.44634,15.475949,1426397.915346854,4572
678,2020-08-12,15.505559,15.791785,15.431535,15.742436,1346005.885841813,4572
679,2020-08-13,15.791785,16.15697,15.752306,16.008922,1458664.480054642,4572
680,2020-08-14,15.984247,16.087881,15.841134,15.890484,4121378.542611081,4572
681,2020-08-17,16.058271,16.226059,15.987208,16.078011,1396050.052516954,4572
682,2020-08-18,16.235929,16.245799,15.939833,16.13723,1713084.941254634,4572
683,2020-08-19,16.206319,16.418521,16.18658,16.196449,2074573.704776323,4572
684,2020-08-20,16.152035,16.15697,15.969443,16.087881,1405869.581829256,4572
685,2020-08-21,15.999052,16.161905,15.979312,16.078011,1597115.99411051,4572
686,2020-08-24,16.28133,16.364237,16.13723,16.275408,1685003.199572694,4572
687,2020-08-25,16.482676,16.660333,16.354367,16.650463,1981870.004888163,4572
688,2020-08-26,16.719552,16.808381,16.601114,16.650463,2517524.391237019,4572
689,2020-08-27,16.699813,16.749162,16.482676,16.601114,2308277.318025242,4572
690,2020-08-28,16.778772,17.055128,16.715901,16.976169,3419889.687010809,4572
691,2020-08-31,17.034401,17.109412,16.828121,16.91695,2650699.475128692,4572
692,2020-09-01,16.951494,17.193306,16.91695,17.193306,2489592.671512609,4572
693,2020-09-02,17.262395,17.321614,16.828121,17.124217,2292273.330911062,4572
694,2020-09-03,16.88734,16.90708,16.008922,16.058271,5590719.256314449,4572
695,2020-09-04,16.058271,16.1471,15.130504,15.890484,3999641.645994538,4572
696,2020-09-08,15.535168,16.021062,15.43647,15.801655,2206742.062374043,4572
697,2020-09-09,16.16684,16.393847,16.033597,16.354367,3600512.17593116,4572
698,2020-09-10,16.344497,16.383977,15.929963,15.989182,2017614.710242906,4572
699,2020-09-11,16.16684,16.196449,15.84982,15.979312,1062177.173019611,4572
700,2020-09-14,16.216189,16.462936,16.142659,16.423456,1500397.232885286,4572
701,2020-09-15,16.670203,16.842926,16.630724,16.739292,1671450.88708026,4572
702,2020-09-16,16.91695,17.005778,16.759032,16.837991,3207799.105511894,4572
703,2020-09-17,16.433326,16.571504,16.285278,16.522155,1091976.27132065,4572
704,2020-09-18,16.620854,16.703464,16.344497,16.502415,996230.678846248,4572
705,2020-09-21,16.008922,16.374107,15.900354,16.364237,2336625.546079112,4572
706,2020-09-22,16.492545,16.492545,16.206319,16.453066,1327621.2871384,4572
707,2020-09-23,16.561635,16.739292,16.265539,16.305018,1765212.636563635,4572
708,2020-09-24,16.255669,16.413587,15.841134,16.226059,2059949.524876797,4572
709,2020-09-25,16.048402,16.610984,16.038532,16.581374,2100127.773871189,4572
710,2020-09-28,17.035388,17.361094,16.996896,17.331484,2595414.409805615,4572
711,2020-09-29,17.588101,17.815107,17.519011,17.746018,1860596.004969526,4572
712,2020-09-30,17.982895,18.425953,17.923676,18.249382,3175774.352511967,4572
713,2020-10-01,18.654046,18.851443,18.476388,18.841573,3334650.566496349,4572
714,2020-10-02,18.37769,19.019231,18.37769,18.831704,3040864.146243067,4572
715,2020-10-05,19.157409,19.729861,19.070357,19.690382,4854735.220347812,4572
716,2020-10-06,19.887779,20.183875,19.591683,19.82856,6240978.574377778,4572
717,2020-10-07,20.252964,20.894506,20.134526,20.815547,7583236.872241019,4572
718,2020-10-08,21.433894,21.457088,20.549159,20.795807,6172918.941973674,4572
719,2020-10-09,20.647759,21.200471,20.608279,21.121512,3081349.348058458,4572
720,2020-10-12,21.2893,21.30904,20.440492,20.687238,5545220.162760542,4572
721,2020-10-13,20.460231,20.781002,20.371403,20.618149,3144200.652371194,4572
722,2020-10-14,20.90931,21.003074,20.736588,20.864896,3054518.118351458,4572
723,2020-10-15,20.430622,20.766197,20.272704,20.706978,2703067.008172429,4572
724,2020-10-16,20.835286,20.993204,20.57867,20.618149,2133581.683413905,4572
725,2020-10-19,20.54906,20.766197,20.401012,20.460231,3632220.10624446,4572
726,2020-10-20,20.706978,21.011858,20.618149,20.874766,2811319.694369365,4572
727,2020-10-21,20.746458,20.795807,19.946998,19.966738,5046541.254010116,4572
728,2020-10-22,19.887779,19.975325,19.492985,19.897649,3718332.709866909,4572
729,2020-10-23,20.035827,20.139954,19.75118,19.956868,2794445.185106883,4572
730,2020-10-26,19.631163,19.872974,19.256108,19.542334,3794596.174580176,4572
731,2020-10-27,19.542334,19.690283,19.344641,19.394286,2576771.220622774,4572
732,2020-10-28,19.10806,19.418961,19.029101,19.09819,7863261.738850575,4572
733,2020-10-29,19.335067,19.581813,19.201824,19.492985,5244543.589313051,4572
734,2020-10-30,19.453505,19.492985,18.997616,19.305457,3418424.011965199,4572
735,2020-11-02,19.414026,19.660772,19.315426,19.650902,4055089.564100461,4572
736,2020-11-03,19.769341,20.004342,19.700252,19.887779,5044457.725376256,4572
737,2020-11-04,19.532464,19.710023,19.078549,19.631163,7553682.546607531,4572
738,2020-11-05,20.628019,21.032684,20.430622,21.012944,5864641.585006831,4572
739,2020-11-06,21.278443,21.31891,20.904375,21.170862,4828017.494095523,4572
740,2020-11-09,22.562513,22.651342,21.170862,21.210341,9276372.84109036,4572
741,2020-11-10,21.32878,21.32878,20.623084,20.894506,6308235.786706407,4572
742,2020-11-11,21.239951,21.634745,21.160992,21.565656,4917024.929306371,4572
743,2020-11-12,21.792663,21.846651,21.230081,21.31891,4479380.282606751,4572
744,2020-11-13,21.575526,21.624876,21.254756,21.417608,3462976.585405477,4572
745,2020-11-16,21.575526,21.575526,21.259691,21.526177,3854326.627381654,4572
746,2020-11-17,21.32878,21.565656,21.157143,21.565656,2720256.366148412,4572
747,2020-11-18,21.624876,21.624876,21.244886,21.249821,3788753.214128992,4572
748,2020-11-19,21.378129,21.575526,21.358389,21.555787,3104563.272013162,4572
749,2020-11-20,21.743314,21.922057,21.644615,21.802533,2892762.864563681,4572
750,2020-11-23,22.108499,22.246677,21.842013,22.217068,4494563.096900765,4572
751,2020-11-24,22.424335,22.667133,22.064085,22.523033,6303967.06982273,4572
752,2020-11-25,22.532903,22.947438,22.523033,22.907958,4726590.80696622,4572
753,2020-11-27,23.258338,23.51002,23.174444,23.283013,3646547.203188613,4572
754,2020-11-30,23.885075,23.885075,23.036266,23.223794,5334659.410433812,4572
755,2020-12-01,23.361972,23.371842,22.986917,23.006657,4641169.09393766,4572
756,2020-12-02,22.675621,22.907958,22.425618,22.79939,3749114.846784397,4572
757,2020-12-03,22.927698,22.991852,22.601992,22.641472,5793375.233260515,4572
758,2020-12-04,22.710561,22.893746,22.671081,22.710561,2515193.128975921,4572
759,2020-12-07,22.888218,23.075746,22.78952,22.809259,3611321.65276585,4572
760,2020-12-08,22.972112,23.460671,22.967177,23.421191,3354020.177789336,4572
761,2020-12-09,23.61168,23.638328,22.661211,22.848739,4179381.768927835,4572
762,2020-12-10,22.716483,23.213924,22.700691,23.194184,3079400.049597125,4572
763,2020-12-11,23.095486,23.534695,23.084135,23.322492,2574070.825387227,4572
764,2020-12-14,23.737516,23.801751,23.547279,23.658456,4103238.083434647,4572
765,2020-12-15,24.024105,24.804814,23.875869,24.765285,5511093.133690026,4572
766,2020-12-16,24.82952,24.82952,24.310695,24.765285,5789472.327431283,4572
767,2020-12-17,25.160581,25.259405,24.95305,25.259405,7514293.375450826,4572
768,2020-12-18,25.437288,25.965996,25.358229,25.605288,5603995.563454549,4572
769,2020-12-21,25.437288,26.069761,25.348346,26.049996,5307489.09044801,4572
770,2020-12-22,26.692352,27.13706,26.394892,26.998706,7717173.039054754,4572
771,2020-12-23,28.022523,28.026475,27.295178,27.433532,6415808.713275649,4572
772,2020-12-24,27.730004,27.739886,27.13706,27.38412,4685836.96038064,4572
773,2020-12-28,28.347653,28.347653,27.55212,27.601532,7005015.948529821,4572
774,2020-12-29,27.917769,27.927652,27.067883,27.334708,6817694.141191136,4572
775,2020-12-30,27.655141,28.040256,27.585929,27.971538,5391353.339633412,4572
776,2020-12-31,28.317598,28.317598,27.714465,27.922101,4171048.75687469,4572
777,2021-01-04,28.742758,28.886126,27.961651,28.357148,9133829.483356943,4572
778,2021-01-05,28.446135,29.128368,28.42636,28.960281,10623884.897730527,4572
779,2021-01-06,30.265422,31.807861,30.07766,31.046529,20934882.086022217,4572
780,2021-01-07,32.598855,33.409625,32.252795,33.033902,22730587.611373294,4572
781,2021-01-08,33.761617,33.864446,32.262683,32.786717,17494738.820648063,4572
782,2021-01-11,31.323377,31.980891,30.779568,31.679324,13366440.343100304,4572
783,2021-01-12,32.054058,32.104484,31.343152,32.064934,10889293.170268584,4572
784,2021-01-13,32.470319,32.470319,31.605169,32.223133,9596022.32334978,4572
785,2021-01-14,31.900803,32.23302,31.689212,31.936398,9080838.79320158,4572
786,2021-01-15,31.105853,31.214615,29.929249,30.215985,12169636.202995848,4572
787,2021-01-19,30.833949,31.184953,30.453283,31.046529,11481916.037724288,4572
788,2021-01-20,31.199784,31.233401,30.616426,30.92788,8787590.485161329,4572
789,2021-01-21,31.217581,32.31212,30.92788,32.292345,9368111.138796424,4572
790,2021-01-22,31.896848,32.559306,31.799852,32.529643,6589968.856839122,4572
791,2021-01-25,32.61863,33.194178,31.69287,32.114371,10181471.860636488,4572
792,2021-01-26,32.144034,32.23302,31.600225,31.797974,7048786.12836925,4572
793,2021-01-27,30.097336,30.562045,29.296454,29.800713,12430001.886441983,4572
794,2021-01-28,30.206097,30.54227,29.741388,30.473058,12007808.642863585,4572
795,2021-01-29,30.107223,30.393959,29.044324,29.46454,9588817.35340609,4572
796,2021-02-01,30.146773,30.15666,29.385441,30.126998,6596306.699207594,4572
797,2021-02-02,30.601595,30.720244,30.057786,30.453283,10667972.946281256,4572
798,2021-02-03,30.84878,31.145403,30.364296,30.997092,6514951.939781659,4572
799,2021-02-04,30.805375,30.868555,30.473256,30.601595,5861648.928176892,4572
800,2021-02-05,30.84878,30.977317,30.438452,30.829005,5762582.816122807,4572
801,2021-02-08,30.922936,31.343152,30.898217,31.135516,6378222.630925728,4572
802,2021-02-09,30.621369,31.135516,30.482945,30.858668,6037750.970411126,4572
803,2021-02-10,31.066304,31.323377,30.077561,30.443396,6603006.421499134,4572
804,2021-02-11,30.799343,30.829005,30.403846,30.601595,4408602.162766164,4572
805,2021-02-12,29.8106,30.092392,29.42499,29.978687,6001515.518442365,4572
806,2021-02-16,30.537326,30.552157,29.266792,29.642514,7899376.97759503,4572
807,2021-02-17,29.434878,29.434878,28.564784,29.148142,7623218.102861592,4572
808,2021-02-18,28.198949,28.218427,27.338743,27.635366,11231467.446158929,4572
809,2021-02-19,28.0803,28.564784,28.016032,28.169287,6784393.294850292,4572
810,2021-02-22,27.447505,27.467279,26.211576,26.300563,10138560.416207207,4572
811,2021-02-23,25.104184,25.944615,24.164878,25.934728,16449439.764181824,4572
812,2021-02-24,25.921874,26.488424,25.321707,26.488424,8143628.128292124,4572
813,2021-02-25,26.182902,26.438987,25.005309,25.212945,10770713.227171728,4572
814,2021-02-26,25.331595,25.796304,24.807561,25.559005,8739207.337195836,4572
815,2021-03-01,26.330225,26.61696,26.013827,26.527974,5376552.846277147,4572
816,2021-03-02,26.429099,26.508199,25.633161,25.677655,5258696.663026426,4572
817,2021-03-03,25.222833,25.448266,23.942411,23.996792,9121697.60724756,4572
818,2021-03-04,23.799043,24.19454,22.315929,23.037711,14866284.312769968,4572
819,2021-03-05,23.373884,23.433208,21.168987,22.711426,16488762.071669208,4572
820,2021-03-08,22.493902,22.968499,21.950094,22.019306,10149841.97337168,4572
821,2021-03-09,23.358064,24.066004,23.275009,23.858368,9563950.46798221,4572
822,2021-03-10,24.629587,24.669137,23.561745,23.84848,8464259.672587419,4572
823,2021-03-11,24.797673,25.390919,24.629587,25.361257,7933417.420194367,4572
824,2021-03-12,24.659249,25.222833,24.421951,25.163508,5146329.980685182,4572
825,2021-03-15,24.906435,25.114071,24.601902,25.025084,4815384.858582473,4572
826,2021-03-16,24.92621,25.054747,24.209371,24.451613,7205707.545937963,4572
827,2021-03-17,23.532082,24.02151,23.161304,23.779268,8789007.353821862,4572
828,2021-03-18,23.245347,23.38387,22.42469,22.484015,9994095.182438497,4572
829,2021-03-19,22.721313,23.275009,22.573002,23.077261,7706003.57334949,4572
830,2021-03-22,23.433208,23.88803,23.186022,23.630957,6346799.390939393,4572
831,2021-03-23,23.789156,23.797164,23.06243,23.186022,4874064.775725074,4572
832,2021-03-24,23.027824,23.037711,22.147842,22.147842,5986711.070114263,4572
833,2021-03-25,21.505159,22.256604,21.337073,22.256604,13209141.225721177,4572
834,2021-03-26,22.46424,22.731201,22.174143,22.701538,6801492.615586697,4572
835,2021-03-29,22.750975,22.8103,22.068743,22.15773,5118703.513662175,4572
836,2021-03-30,22.288244,23.23546,22.256604,23.225572,8880530.34584021,4572
837,2021-03-31,23.795088,24.214315,23.650732,24.026454,12070366.409892168,4572
838,2021-04-01,24.614756,24.659151,23.868255,23.907805,9186297.128486892,4572
839,2021-04-05,24.352739,24.372514,23.482645,23.54197,9012631.348904125,4572
840,2021-04-06,23.482645,23.818818,23.393658,23.54197,6426403.086584585,4572
841,2021-04-07,23.561745,23.561745,22.782516,22.879512,5573052.655759678,4572
842,2021-04-08,23.255234,23.383771,23.087148,23.176135,4796971.498453291,4572
843,2021-04-09,22.948724,23.23546,22.899287,23.205797,4483418.36500291,4572
844,2021-04-12,22.941803,22.968499,22.493902,22.741088,6416063.80146023,4572
845,2021-04-13,22.8894,23.205797,22.681763,23.205797,6323239.623707575,4572
846,2021-04-14,23.46287,23.719944,23.087148,23.126698,7853141.379336919,4572
847,2021-04-15,23.347583,23.373884,22.602763,22.790525,5558466.719625559,4572
848,2021-04-16,23.136585,23.621069,23.037711,23.551857,6484829.885529631,4572
849,2021-04-19,23.50242,23.54197,22.790525,22.978386,6530933.980974168,4572
850,2021-04-20,22.790525,23.032767,22.582889,22.765807,4526339.696861782,4572
851,2021-04-21,22.582889,23.225572,22.469184,23.215685,5655158.859834605,4572
852,2021-04-22,23.977017,24.105553,23.626013,23.779268,9446117.02581955,4572
853,2021-04-23,23.996792,24.283527,23.859356,24.219259,6283607.839673962,4572
854,2021-04-26,24.323077,24.382401,23.986904,24.342852,5780320.864810855,4572
855,2021-04-27,24.362627,24.402176,24.125328,24.263752,4771472.806278482,4572
856,2021-04-28,23.749606,23.986904,23.532082,23.769381,5003438.825707517,4572
857,2021-04-29,23.729831,23.779268,23.126698,23.403546,7754342.227881818,4572
858,2021-04-30,23.057486,23.203919,22.820187,22.978386,5248280.255951254,4572
859,2021-05-03,23.057486,23.077261,22.602664,22.652101,5562400.927860216,4572
860,2021-05-04,21.999531,22.029193,21.534822,21.722683,9444447.03896146,4572
861,2021-05-05,22.039081,22.039081,21.604034,21.693021,5482902.038968699,4572
862,2021-05-06,21.38651,21.524934,21.060225,21.406285,10405422.140895288,4572
863,2021-05-07,21.752345,22.077345,21.613921,21.791895,6697575.730574777,4572
864,2021-05-10,21.604034,21.752345,21.11955,21.139324,4998689.893274479,4572
865,2021-05-11,20.231658,21.257974,20.209906,21.188762,9036331.51763615,4572
866,2021-05-12,20.911914,21.010788,20.42743,20.476867,7240476.692098231,4572
867,2021-05-13,20.783377,20.902026,20.328555,20.555966,6722489.086917739,4572
868,2021-05-14,21.04045,21.435947,20.951463,21.356848,7144155.330498886,4572
869,2021-05-17,21.203593,21.267861,20.931688,21.159099,4381012.279232647,4572
870,2021-05-18,21.416172,21.752345,21.272805,21.554597,6715458.135734868,4572
871,2021-05-19,21.168987,21.752345,21.130129,21.722683,6686727.242826434,4572
872,2021-05-20,22.058855,22.325816,21.979756,22.276379,5340270.923389303,4572
873,2021-05-21,22.444465,22.454353,22.263624,22.325816,3210129.024546578,4572
874,2021-05-24,22.469184,22.513677,22.236829,22.365366,2979640.187098589,4572
875,2021-05-25,22.446443,22.494199,22.208254,22.306041,2770111.71164268,4572
876,2021-05-26,22.375253,22.622439,22.325816,22.573002,3578479.281538783,4572
877,2021-05-27,22.632326,22.652101,22.434578,22.553227,4592916.704019514,4572
878,2021-05-28,22.696595,22.899287,22.612551,22.661989,3487064.062502988,4572
879,2021-06-01,22.948724,23.027824,22.46424,22.612551,4468267.856639088,4572
880,2021-06-02,22.317906,22.345591,22.11818,22.246717,5210918.625751963,4572
881,2021-06-03,21.950094,22.093461,21.741766,21.841332,6297066.608834592,4572
882,2021-06-04,22.029193,22.256604,21.999531,22.048968,3968145.847988381,4572
883,2021-06-07,22.009418,22.177505,21.831346,22.167617,3602125.069408051,4572
884,2021-06-08,22.365366,22.365366,21.989643,22.256604,3921004.561179643,4572
885,2021-06-09,22.306041,22.42469,22.108293,22.11818,2887109.666004816,4572
886,2021-06-10,22.052779,22.306317,21.953353,22.211862,2679634.404448301,4572
887,2021-06-11,22.291403,22.400772,22.216833,22.400772,3234614.767331423,4572
888,2021-06-14,22.629453,22.813391,22.609567,22.669223,4352823.908651157,4572
889,2021-06-15,22.639395,22.699051,22.28146,22.410714,2784593.901543794,4572
890,2021-06-16,22.530026,22.868076,22.370944,22.530026,3830268.488876814,4572
891,2021-06-17,22.331173,22.728879,22.271517,22.65928,3471422.641733185,4572
892,2021-06-18,22.400772,22.519089,22.261575,22.28146,4624868.505234175,4572
893,2021-06-21,22.390829,22.569797,22.16712,22.510141,3521539.521481165,4572
894,2021-06-22,22.420657,22.813391,22.380886,22.738822,3567717.126588,4572
895,2021-06-23,22.689108,22.818363,22.56393,22.699051,3022306.556340166,4572
896,2021-06-24,22.952588,23.006577,22.758707,22.848191,3395772.063838004,4572
897,2021-06-25,22.947617,23.106699,22.868076,22.917789,3705384.932080694,4572
898,2021-06-28,23.116642,23.534233,23.066929,23.52429,6255445.835643457,4572
899,2021-06-29,23.832512,24.001537,23.618745,23.67343,4537625.80138213,4572
900,2021-06-30,23.385093,23.454692,23.187533,23.325437,3760418.448148829,4572
901,2021-07-01,23.424864,23.464634,23.166355,23.404979,2919968.933860699,4572
902,2021-07-02,23.365208,23.454692,23.208015,23.355265,2480058.740416783,4572
903,2021-07-06,23.52429,23.534233,23.33538,23.514348,4208686.426204923,4572
904,2021-07-07,23.802684,23.931939,23.355265,23.434806,4067212.577469852,4572
905,2021-07-08,22.828305,23.154523,22.669223,23.027158,4174612.99310245,4572
906,2021-07-09,23.066929,23.136527,22.828305,23.086814,2786029.61900513,4572
907,2021-07-12,23.365208,23.404979,23.101728,23.355265,4405203.733649828,4572
908,2021-07-13,23.196183,23.392749,23.037101,23.076871,3650668.586282757,4572
909,2021-07-14,23.136527,23.136527,22.490256,22.510141,5494844.682575826,4572
910,2021-07-15,22.211862,22.405743,21.853926,22.062722,6499591.379619081,4572
911,2021-07-16,22.28146,22.28146,21.914676,21.973238,3585647.686627977,4572
912,2021-07-19,21.525819,21.814156,21.436336,21.814156,6955037.944981854,4572
913,2021-07-20,21.794271,22.112435,21.595418,22.032894,3637053.132740147,4572
914,2021-07-21,22.231747,22.738822,22.201919,22.728879,4676986.838756163,4572
915,2021-07-22,22.917789,22.972474,22.604596,22.738822,4699876.788475601,4572
916,2021-07-23,22.639395,22.639395,22.271517,22.4306,2835370.972700587,4572
917,2021-07-26,22.291403,22.47037,22.09255,22.251632,4119648.081262039,4572
918,2021-07-27,22.032894,22.102492,21.774385,22.09255,4033618.379697271,4572
919,2021-07-28,22.221804,22.778592,22.152206,22.699051,5800043.01790416,4572
920,2021-07-29,22.718936,22.873047,22.609567,22.639395,3923637.848543783,4572
921,2021-07-30,22.4306,22.798477,22.410714,22.579739,3208660.495440353,4572
922,2021-08-02,22.858133,22.858133,22.559854,22.599625,2714707.073041523,4572
923,2021-08-03,22.887961,23.136527,22.848191,23.037101,3462874.952664555,4572
924,2021-08-04,23.076871,23.216068,22.922064,22.987388,2641457.64311665,4572
925,2021-08-05,22.987388,23.017216,22.80842,22.813391,2565723.547031198,4572
926,2021-08-06,22.947617,22.987388,22.718936,22.788535,2687124.196440157,4572
927,2021-08-09,22.927732,23.216068,22.848191,23.14647,3417160.674660893,4572
928,2021-08-10,23.29561,23.364611,23.101728,23.116642,3764804.147402258,4572
929,2021-08-11,23.206126,23.216068,22.748764,22.977445,2670458.340424294,4572
930,2021-08-12,22.738822,22.768649,22.520083,22.689108,3638421.240237929,4572
931,2021-08-13,22.778592,22.798477,22.450485,22.47037,3024633.134497732,4572
932,2021-08-16,22.370944,22.4306,22.241689,22.291403,2829744.431763123,4572
933,2021-08-17,22.052779,22.16712,21.794271,22.052779,4034523.16009188,4572
934,2021-08-18,22.331173,22.449491,22.191976,22.191976,3221748.988972917,4572
935,2021-08-19,22.211862,22.405743,22.142362,22.191976,4567271.776136038,4572
936,2021-08-20,22.221804,22.569797,22.221804,22.549911,3939418.809448436,4572
937,2021-08-23,22.679166,22.878019,22.609567,22.838248,2541696.159101394,4572
938,2021-08-24,22.897904,23.065934,22.897904,22.977445,2339349.480828366,4572
939,2021-08-25,23.037101,23.106699,22.907846,23.056986,3390796.765931824,4572
940,2021-08-26,22.937674,23.066929,22.743793,22.788535,2721887.648876541,4572
941,2021-08-27,22.728879,23.047043,22.699051,22.987388,2287515.506858969,4572
942,2021-08-30,23.126585,23.285667,23.066929,23.216068,2016566.58939118,4572
943,2021-08-31,23.305552,23.345323,23.101728,23.196183,2310960.255985211,4572
944,2021-09-01,23.355265,23.544176,23.315495,23.375151,2961188.143552243,4572
945,2021-09-02,23.583946,23.802684,23.583946,23.653545,3078771.812812957,4572
946,2021-09-03,23.52429,23.603831,23.454692,23.464634,2148381.161715673,4572
947,2021-09-07,23.285667,23.40995,23.226011,23.275724,2234737.976192337,4572
948,2021-09-08,23.116642,23.265782,22.793506,22.828305,4590732.433488998,4572
949,2021-09-09,22.80842,22.967502,22.744986,22.798477,3022079.864109429,4572
950,2021-09-10,22.897904,22.907846,22.4306,22.440542,3931996.627420132,4572
951,2021-09-13,22.731862,22.917789,22.505169,22.887961,4345149.183523698,4572
952,2021-09-14,22.917789,22.987288,22.69408,22.748764,4651166.79252803,4572
953,2021-09-15,22.559854,22.559854,22.321231,22.4306,4376092.673019326,4572
954,2021-09-16,22.191976,22.331173,22.096527,22.28146,3220281.455058144,4572
955,2021-09-17,22.231747,22.400772,22.09255,22.390829,5914347.603932543,4572
956,2021-09-20,21.863869,21.978209,21.535762,21.794271,4752786.55627683,4572
957,2021-09-21,22.013009,22.168512,21.923525,22.052779,3159080.51834412,4572
958,2021-09-22,22.172091,22.510141,22.102492,22.361001,4844805.705201075,4572
959,2021-09-23,22.679166,22.679166,22.500198,22.559854,3943187.070652357,4572
960,2021-09-24,22.341116,22.370944,22.09255,22.122378,4558757.892049184,4572
961,2021-09-27,22.072665,22.370944,21.973238,22.301345,2381690.220503557,4572
962,2021-09-28,22.052779,22.09255,21.764443,21.814156,4320218.009463456,4572
963,2021-09-29,21.863869,21.873812,21.545705,21.585475,3832905.277455388,4572
964,2021-09-30,21.525819,21.665016,21.396565,21.525819,3115243.411093229,4572
965,2021-10-01,21.625246,21.750722,21.406508,21.645131,2888762.958624217,4572
966,2021-10-04,21.403028,21.403028,20.979073,21.0784,5583001.115200009,4572
967,2021-10-05,21.088343,21.242454,21.008802,21.118171,4035855.474079546,4572
968,2021-10-06,20.809949,21.187769,20.70058,21.167884,3945170.627671307,4572
969,2021-10-07,21.277253,21.535762,21.277253,21.386622,5238307.624250737,4572
970,2021-10-08,21.326966,21.366737,21.147999,21.217597,3667450.771206499,4572
971,2021-10-11,21.118171,21.555647,21.088343,21.297139,2749363.144947558,4572
972,2021-10-12,21.615303,22.122378,21.595418,22.102492,7495359.87120814,4572
973,2021-10-13,22.450485,22.858133,22.441934,22.818363,9056838.82460188,4572
974,2021-10-14,22.937674,22.937674,22.609567,22.728879,5932426.309333835,4572
975,2021-10-15,22.828305,22.99733,22.69408,22.798477,5706499.662007458,4572
976,2021-10-18,22.649338,22.937674,22.589682,22.887961,3019875.58044476,4572
977,2021-10-19,23.106699,23.583946,23.017216,23.444749,4255172.253204428,4572
978,2021-10-20,23.67343,23.733086,23.424864,23.583946,3571559.957604664,4572
979,2021-10-21,23.464634,23.817598,23.464634,23.613774,2263158.023224759,4572
980,2021-10-22,23.723143,23.723143,23.265782,23.424864,3055789.396525718,4572
981,2021-10-25,23.504405,23.792742,23.414921,23.772856,3088082.1024999,4572
982,2021-10-26,23.902111,23.951824,23.494462,23.613774,3878030.95107047,4572
983,2021-10-27,24.250103,24.667694,24.220275,24.319702,7519937.087223898,4572
984,2021-10-28,24.53844,25.214539,24.498669,25.164826,6710249.112088304,4572
985,2021-10-29,24.956031,25.184711,24.956031,25.125056,5836443.029164199,4572
986,2021-11-01,25.373622,25.652016,25.274195,25.642073,8741386.64288937,4572
987,2021-11-02,25.497905,25.502876,24.969851,25.154883,6302676.366506216,4572
988,2021-11-03,24.299816,24.617981,24.071136,24.57821,6643954.560031882,4572
989,2021-11-04,24.473813,24.53844,24.27496,24.448956,3908831.266525632,4572
990,2021-11-05,24.255074,24.359472,23.921996,24.140734,5492906.861708691,4572
991,2021-11-08,24.498669,24.707465,24.448956,24.57821,4706737.211247911,4572
992,2021-11-09,24.707465,24.757078,24.215304,24.448956,5415712.191557655,4572
993,2021-11-10,24.230218,24.419128,23.917025,24.100963,5622042.886359472,4572
994,2021-11-11,24.20039,24.886432,24.141629,24.737293,6818991.784350267,4572
995,2021-11-12,24.886432,25.015587,24.717407,24.936145,4172032.87758156,4572
996,2021-11-15,24.936145,24.965973,24.508612,24.637866,3997256.150475688,4572
997,2021-11-16,24.647809,24.667694,24.379357,24.57821,4198127.340720585,4572
998,2021-11-17,24.498669,24.752207,24.374386,24.429071,3852599.662132768,4572
999,2021-11-18,24.468841,24.527503,23.951824,24.091021,4095286.620571149,4572
1000,2021-11-19,24.001537,24.687082,24.001537,24.548382,4787290.505764869,4572
1001,2021-11-22,24.528497,24.816834,23.961766,23.981652,6855424.606327913,4572
1002,2021-11-23,23.931939,24.120849,23.419893,23.703258,7215349.230095883,4572
1003,2021-11-24,23.52429,23.792742,23.29561,23.772856,3780125.758260417,4572
1004,2021-11-26,23.519319,23.752971,23.235954,23.464634,4025320.250935286,4572
1005,2021-11-29,23.703258,23.792742,23.326432,23.723143,4644173.138356954,4572
1006,2021-11-30,23.723143,23.827541,22.975357,23.355265,5994860.133618536,4572
1007,2021-12-01,23.564061,23.643602,22.554883,22.629453,7320602.035121497,4572
1008,2021-12-02,22.510141,22.80842,22.321231,22.530026,8437364.522074025,4572
1009,2021-12-03,22.65928,22.738822,21.625246,21.824099,8287629.332351256,4572
1010,2021-12-06,21.953353,22.162148,21.495991,22.082607,5932634.110545344,4572
1011,2021-12-07,22.569797,22.833277,22.539969,22.798477,5837006.776948532,4572
1012,2021-12-08,22.907846,22.974363,22.69408,22.868076,3814510.396048068,4572
1013,2021-12-09,22.778592,22.907846,22.172091,22.211862,6073236.983867583,4572
1014,2021-12-10,22.341116,22.3958,21.938439,22.062722,5162538.728919338,4572
1015,2021-12-13,22.007045,22.246904,21.817156,21.94708,5836505.116848184,4572
1016,2021-12-14,21.567304,21.567304,21.087586,21.287468,6289019.726723804,4572
1017,2021-12-15,21.287468,21.667245,20.937674,21.647257,6026560.233596053,4572
1018,2021-12-16,21.837145,21.972065,21.062601,21.167539,8226729.019643219,4572
1019,2021-12-17,20.957662,21.337439,20.687821,21.207515,10827326.07819123,4572
1020,2021-12-20,20.422977,20.687821,20.288057,20.427974,9902793.339936072,4572
1021,2021-12-21,20.70781,21.117568,20.697815,21.107574,6450459.68888268,4572
1022,2021-12-22,20.977651,21.227504,20.915687,21.227504,4486447.879950653,4572
1023,2021-12-23,21.197521,21.307457,21.087586,21.227504,3746608.414898731,4572
1024,2021-12-27,21.217509,21.312454,21.04761,21.197521,5829208.412333856,4572
1025,2021-12-28,21.117568,21.192524,20.92768,20.987645,7433708.861451122,4572
1026,2021-12-29,20.967657,21.057704,20.732795,20.917686,5261190.797743075,4572
1027,2021-12-30,20.98,21.3555,20.95,21.21,6198769.0,4572
1028,2021-12-31,21.21,21.3975,21.145,21.17,2679544.0,4572
271,2018-12-31,26.259075,26.421979,26.080708,26.239624,363762.107621775,2573085
272,2019-01-02,25.83115,26.414685,25.743619,26.33688,142258.054269094,2573085
273,2019-01-03,26.161819,26.239624,25.50048,25.539382,113552.994710516,2573085
274,2019-01-04,25.870052,26.599471,25.792247,26.51194,121551.314541441,2573085
275,2019-01-07,26.774531,27.124652,26.696727,26.988494,134404.645631604,2573085
276,2019-01-08,27.32889,27.396969,27.082638,27.32889,157145.004859071,2573085
277,2019-01-09,27.513676,27.669285,27.387243,27.484499,125758.601942776,2573085
278,2019-01-10,27.289987,27.649834,27.168417,27.640108,82729.703076093,2573085
279,2019-01-11,27.50395,27.630383,27.355149,27.513676,61703.964211214,2573085
280,2019-01-14,27.270536,27.494224,27.134378,27.32889,99584.139198409,2573085
281,2019-01-15,27.309438,27.494127,27.183006,27.231634,108626.014133733,2573085
282,2019-01-16,27.396969,27.523401,27.289987,27.387243,135224.512316608,2573085
283,2019-01-17,27.163555,27.586617,27.124652,27.407958,118183.344992014,2573085
284,2019-01-18,27.50395,27.756815,27.474871,27.513676,94279.805983688,2573085
285,2019-01-22,27.241359,27.396969,26.939866,27.037122,159038.575957175,2573085
286,2019-01-23,27.231634,27.231634,26.84261,26.930141,110750.08155965,2573085
287,2019-01-24,26.84261,27.076024,26.84261,26.930141,92953.236400835,2573085
288,2019-01-25,27.231634,27.513676,27.202457,27.426145,116544.584180352,2573085
289,2019-01-28,27.095475,27.309341,27.037122,27.299713,109540.218978221,2573085
290,2019-01-29,27.231634,27.410098,27.231634,27.362929,88963.802068825,2573085
291,2019-01-30,27.455322,27.735905,27.299713,27.659559,160872.820996222,2573085
292,2019-01-31,27.513676,27.795718,27.32889,27.679011,154295.408907635,2573085
293,2019-02-01,27.863797,28.128721,27.756815,28.058308,129318.165486208,2573085
294,2019-02-04,28.058308,28.262448,27.941601,28.155564,76405.156157257,2573085
295,2019-02-05,28.136113,28.34035,28.126387,28.293667,82400.00579707,2573085
296,2019-02-06,28.34035,28.476314,28.25282,28.281997,74260.665006091,2573085
297,2019-02-07,28.087485,28.140976,27.426145,27.795718,77892.197867068,2573085
298,2019-02-08,27.552578,27.669188,27.32889,27.562304,81826.196373402,2573085
299,2019-02-11,27.688736,27.737364,27.472925,27.513676,64369.746635407,2573085
300,2019-02-12,27.50395,27.601206,27.299713,27.474773,109809.617639842,2573085
301,2019-02-13,27.523401,27.701866,27.523401,27.601206,67644.350583696,2573085
302,2019-02-14,27.59148,27.737364,27.572029,27.610931,78807.375269901,2573085
303,2019-02-15,27.756815,27.892973,27.688736,27.873522,67341.884938338,2573085
304,2019-02-19,27.883248,28.243094,27.873522,28.136113,155116.248150984,2573085
305,2019-02-20,28.301448,28.544587,28.301448,28.359801,127107.540367569,2573085
306,2019-02-21,28.719648,28.933611,28.593215,28.807178,271084.105232632,2573085
307,2019-02-22,28.739099,29.040592,28.739099,28.962788,257444.946999547,2573085
308,2019-02-25,29.303183,29.721383,29.293457,29.585225,140378.098987823,2573085
309,2019-02-26,29.41989,29.604676,29.390713,29.410164,86500.311780433,2573085
310,2019-02-27,29.342085,29.508685,29.244829,29.487969,81613.206095803,2573085
311,2019-02-28,29.439341,29.624127,29.069769,29.108671,187846.726700344,2573085
312,2019-03-01,29.069769,29.106726,28.904434,28.904434,89155.396062829,2573085
313,2019-03-04,28.904434,28.971443,28.34035,28.593215,241006.765848976,2573085
314,2019-03-05,28.457057,28.518231,28.350076,28.49596,76810.712987206,2573085
315,2019-03-06,28.641843,28.680746,28.320899,28.330625,150693.052797014,2573085
316,2019-03-07,28.116662,28.204192,27.649834,27.756815,118940.967942924,2573085
317,2019-03-08,27.406694,27.523401,27.231634,27.513676,151440.950164473,2573085
318,2019-03-11,27.523401,27.912425,27.523401,27.892973,100602.407785833,2573085
319,2019-03-12,27.873522,28.00968,27.708187,27.717913,163761.319281466,2573085
320,2019-03-13,27.805443,27.961052,27.717913,27.873522,74071.988687122,2573085
321,2019-03-14,27.912425,27.951327,27.640108,27.698462,88879.189492792,2573085
322,2019-03-15,27.805443,27.949382,27.805443,27.83462,61135.990137617,2573085
323,2019-03-18,27.912425,27.931876,27.746409,27.83462,87141.22772992,2573085
324,2019-03-19,27.961052,28.068034,27.717913,27.795718,94498.631611358,2573085
325,2019-03-20,27.50395,27.727638,27.338615,27.513676,526809.569077865,2573085
326,2019-03-21,27.572029,28.058308,27.542852,27.980504,90600.617763796,2573085
327,2019-03-22,27.805443,27.805443,27.168417,27.212182,103752.524265936,2573085
328,2019-03-25,27.124652,27.144103,26.852336,27.017671,88163.386550725,2573085
329,2019-03-26,27.231634,27.41642,27.037122,27.124652,61010.530111086,2573085
330,2019-03-27,26.930141,27.056573,26.794955,26.959317,118331.173860484,2573085
331,2019-03-28,27.076024,27.280164,27.027396,27.231634,93776.99331922,2573085
332,2019-03-29,27.465048,27.572029,27.406694,27.523401,272009.980777262,2573085
333,2019-04-01,27.863797,28.116662,27.815169,28.097211,109479.920360819,2573085
334,2019-04-02,28.175015,28.25282,27.999955,28.106936,132851.46995432,2573085
335,2019-04-03,28.281997,28.457154,28.243094,28.330625,88467.797312773,2573085
336,2019-04-04,28.106936,28.398704,28.106936,28.379253,96807.485122863,2573085
337,2019-04-05,28.408429,28.534862,28.386741,28.534862,89375.194248844,2573085
338,2019-04-08,28.49596,28.690471,28.49596,28.651569,145611.435443344,2573085
339,2019-04-09,28.651569,28.651569,28.359801,28.369527,99354.615428942,2573085
340,2019-04-10,28.486234,28.661294,28.42788,28.612667,44336.017282632,2573085
341,2019-04-11,28.466783,28.554313,28.238232,28.301448,131035.703523832,2573085
342,2019-04-12,28.379253,28.476508,28.276161,28.350076,72326.246457488,2573085
343,2019-04-15,28.291722,28.301448,28.111799,28.175015,89030.908594644,2573085
344,2019-04-16,28.223643,28.388881,28.223643,28.359801,83101.220363959,2573085
345,2019-04-17,28.67102,28.807178,28.564039,28.593215,131192.285417409,2573085
346,2019-04-18,28.398704,28.408429,28.16529,28.262546,60930.78032678,2573085
347,2019-04-22,28.233369,28.233369,28.048583,28.058308,128519.695084799,2573085
348,2019-04-23,27.795718,27.883248,27.630772,27.805443,136487.865607023,2573085
349,2019-04-24,27.562304,27.620657,27.26081,27.26081,133802.632015926,2573085
350,2019-04-25,27.202457,27.212182,26.930141,26.959317,121729.292718613,2573085
351,2019-04-26,26.900964,27.037122,26.786883,27.037122,82963.117078941,2573085
352,2019-04-29,26.969043,27.046848,26.920415,27.007945,121560.067566548,2573085
353,2019-04-30,26.99822,27.037122,26.761304,26.852336,69329.794195927,2573085
354,2019-05-01,26.832885,26.930627,26.453587,26.502215,82299.832287514,2573085
355,2019-05-02,26.832885,27.037122,26.764903,27.037122,199916.175764276,2573085
356,2019-05-03,27.231634,27.552578,27.231634,27.513676,99614.28850711,2573085
357,2019-05-06,26.793982,27.17328,26.745354,27.124652,62627.894639154,2573085
358,2019-05-07,27.095475,27.241359,26.852336,26.969043,109246.506357971,2573085
359,2019-05-08,26.66755,26.66755,26.366057,26.618922,127476.1399804,2573085
360,2019-05-09,26.259075,26.402625,25.879778,26.346606,91932.050138375,2573085
361,2019-05-10,26.24935,26.484709,25.928405,26.434136,115240.383439438,2573085
362,2019-05-13,25.83115,25.865189,25.305968,25.364322,108634.76715884,2573085
363,2019-05-14,25.490754,25.559806,25.354596,25.471303,89521.078000624,2573085
364,2019-05-15,25.432401,25.720181,25.374047,25.636638,56148.710943432,2573085
365,2019-05-16,25.549108,25.759861,25.464884,25.510205,74547.569717925,2573085
366,2019-05-17,25.111456,25.228163,24.897494,24.936396,145903.202946904,2573085
367,2019-05-20,24.557098,24.702982,24.50847,24.654354,128792.9839798,2573085
368,2019-05-21,24.702982,24.985024,24.666511,24.92667,78376.531922978,2573085
369,2019-05-22,25.023926,25.023926,24.83914,24.848866,81219.319965997,2573085
370,2019-05-23,24.236154,24.479294,24.134035,24.284782,162965.766555093,2573085
371,2019-05-24,24.294507,24.407032,24.1778,24.216703,69609.890999345,2573085
372,2019-05-28,24.206977,24.294507,24.080545,24.109721,183039.370800021,2573085
373,2019-05-29,23.944386,23.985526,23.751334,23.924935,168785.55569277,2573085
374,2019-05-30,23.924935,24.168075,23.924935,24.041642,84091.284759373,2573085
375,2019-05-31,23.779052,23.954112,23.740149,23.944386,204070.945014971,2573085
376,2019-06-03,23.866582,24.119447,23.866582,24.012466,145032.76322795,2573085
377,2019-06-04,24.119447,24.673805,24.080545,24.673805,151009.134259204,2573085
378,2019-06-05,24.761335,24.761335,24.265331,24.459842,84714.694658646,2573085
379,2019-06-06,24.450117,24.634903,24.450117,24.537647,103391.705119867,2573085
380,2019-06-07,24.702982,25.062829,24.702982,24.985024,344108.648581974,2573085
381,2019-06-10,25.004475,25.286517,25.004475,25.25734,94891.545182819,2573085
382,2019-06-11,25.403224,25.656089,25.403224,25.617187,111743.063630099,2573085
383,2019-06-12,25.490754,25.558833,25.111456,25.111456,54153.021219081,2573085
384,2019-06-13,25.364322,25.442126,25.276791,25.41295,83995.001483198,2573085
385,2019-06-14,25.296243,25.315694,25.069539,25.111456,49989.49894328,2573085
386,2019-06-17,25.179536,25.325419,25.014201,25.208712,57203.936747974,2573085
387,2019-06-18,25.16981,25.519931,25.16981,25.208712,90744.556398886,2573085
388,2019-06-19,25.160084,25.184398,24.951957,25.111456,60214.977384713,2573085
389,2019-06-20,25.451852,25.519931,25.267066,25.403224,211761.936408812,2573085
390,2019-06-21,25.403224,25.451852,25.198987,25.393498,445326.685800318,2573085
391,2019-06-24,25.296243,25.315694,25.205211,25.267066,361427.967593295,2573085
392,2019-06-25,25.276791,25.305968,25.160084,25.198987,406928.137215132,2573085
393,2019-06-26,25.150359,25.331255,25.140633,25.25734,46510.6577425,2573085
394,2019-06-27,25.437313,25.520698,25.388263,25.456933,81016.81308715,2573085
395,2019-06-28,25.584463,25.604083,25.329403,25.592704,80281.063567675,2573085
396,2019-07-01,25.770853,26.035723,25.672753,25.702183,156902.018525801,2573085
397,2019-07-02,25.711993,25.800283,25.545223,25.584463,61642.075740975,2573085
398,2019-07-03,25.682563,25.741423,25.599178,25.731613,63334.299635767,2573085
399,2019-07-05,25.633513,25.633513,25.407883,25.584463,67629.114830783,2573085
400,2019-07-08,25.486363,25.486363,25.201874,25.231304,76673.928923529,2573085
401,2019-07-09,25.005674,25.093964,24.937004,25.054724,80313.436546532,2573085
402,2019-07-10,25.192064,25.360697,25.162634,25.241114,78580.991678008,2573085
403,2019-07-11,25.319593,25.319593,25.094945,25.221494,85348.906257819,2573085
404,2019-07-12,25.299973,25.574653,25.299973,25.574653,165595.634847918,2573085
405,2019-07-15,25.594273,25.731613,25.515793,25.731613,66297.898700213,2573085
406,2019-07-16,25.633513,25.839523,25.604083,25.721803,137157.44442117,2573085
407,2019-07-17,25.623703,25.658038,25.555033,25.613893,72175.065861779,2573085
408,2019-07-18,25.456933,25.643323,25.437313,25.643323,108380.809215464,2573085
409,2019-07-19,25.682563,25.996483,25.633513,25.918003,282212.914684065,2573085
410,2019-07-22,25.947433,26.094583,25.878763,25.908193,92784.881401313,2573085
411,2019-07-23,26.045533,26.202493,26.016103,26.124013,105716.414955605,2573085
412,2019-07-24,26.084773,26.310403,26.06378,26.290783,94028.788588905,2573085
413,2019-07-25,25.741423,25.878763,25.417693,25.496173,138597.551480623,2573085
414,2019-07-26,25.555033,25.653133,25.438098,25.564843,82418.66117159,2573085
415,2019-07-29,25.525603,25.564843,25.358833,25.398073,81665.253663647,2573085
416,2019-07-30,25.241114,25.476553,25.144191,25.447123,85967.916853537,2573085
417,2019-07-31,25.515793,25.741423,25.152824,25.378453,118124.094852032,2573085
418,2019-08-01,25.378453,25.525603,24.662324,24.740804,194188.823173435,2573085
419,2019-08-02,24.583844,24.60572,24.24432,24.436694,136672.830737676,2573085
420,2019-08-05,23.789234,23.897144,23.249685,23.436075,241252.267435853,2573085
421,2019-08-06,23.671515,23.749994,23.279115,23.465505,99383.083091964,2573085
422,2019-08-07,23.269305,23.870363,23.266558,23.828474,149223.73654056,2573085
423,2019-08-08,24.574034,24.721184,24.338594,24.681944,166115.564508347,2573085
424,2019-08-09,24.554414,24.613274,24.206355,24.397454,294703.979526032,2573085
425,2019-08-12,24.112964,24.112964,23.767162,23.857904,107971.732482636,2573085
426,2019-08-13,23.632275,24.309164,23.485909,23.965814,75509.48268404,2573085
427,2019-08-14,23.681325,23.720565,23.230065,23.239875,143657.546175892,2573085
428,2019-08-15,23.151585,23.210347,22.767916,22.955385,285392.333607556,2573085
429,2019-08-16,22.984815,23.251647,22.945575,23.210445,126534.202359311,2573085
430,2019-08-19,23.494935,23.583225,23.465505,23.465505,106860.260208549,2573085
431,2019-08-20,23.563605,23.602845,23.465505,23.465505,47530.399957444,2573085
432,2019-08-21,23.524365,23.661705,23.524365,23.553795,95357.061721397,2573085
433,2019-08-22,23.043675,23.171205,22.876905,22.886715,158014.471799248,2573085
434,2019-08-23,22.729755,22.837665,22.268685,22.288305,241244.419440978,2573085
435,2019-08-26,22.327545,22.49922,22.307925,22.337355,177772.779894909,2573085
436,2019-08-27,22.396215,22.464885,22.170586,22.180396,119540.657926861,2573085
437,2019-08-28,22.170586,22.415835,22.160776,22.347165,81096.274035253,2573085
438,2019-08-29,22.504125,22.710135,22.504125,22.621845,177979.770759721,2573085
439,2019-08-30,22.818045,23.053485,22.798425,22.925955,64788.14068625,2573085
440,2019-09-03,22.680705,22.768995,22.562985,22.661085,124626.158605472,2573085
441,2019-09-04,22.778805,22.907512,22.778805,22.867095,94430.998326218,2573085
442,2019-09-05,23.073105,23.347785,23.053485,23.298735,134424.38020616,2573085
443,2019-09-06,23.426265,23.593035,23.367503,23.455695,67638.924824376,2573085
444,2019-09-09,23.543985,23.799044,23.475315,23.779424,109253.898645241,2573085
445,2019-09-10,23.651895,24.005054,23.651895,23.985434,118972.659297826,2573085
446,2019-09-11,24.171824,24.456314,24.073724,24.446504,97098.335584155,2573085
447,2019-09-12,24.485744,24.662618,24.240592,24.574034,95503.230625933,2573085
448,2019-09-13,24.691754,24.789854,24.564322,24.740804,84916.285540367,2573085
449,2019-09-16,24.554414,24.637799,24.524984,24.534794,83193.650665437,2573085
450,2019-09-17,24.475934,24.544604,24.328784,24.485744,109284.309625379,2573085
451,2019-09-18,24.397454,24.485744,24.230684,24.407264,78351.437827932,2573085
452,2019-09-19,24.407264,24.602189,24.358214,24.446504,89279.770690534,2573085
453,2019-09-20,24.505364,24.763563,24.46171,24.564224,79656.166975801,2573085
454,2019-09-23,24.377834,24.548822,24.279734,24.456314,38788.714666722,2573085
455,2019-09-24,24.358214,24.417074,23.970719,24.024674,135491.707509079,2573085
456,2019-09-25,23.671515,23.867714,23.543985,23.848094,75281.890832682,2573085
457,2019-09-26,23.897144,23.936384,23.661705,23.838284,46783.859445017,2573085
458,2019-09-27,23.828474,23.936384,23.651895,23.808854,159173.032042581,2573085
459,2019-09-30,23.808854,23.975624,23.808854,23.906954,44987.649618139,2573085
460,2019-10-01,24.073724,24.201254,23.729786,23.818664,85808.013957971,2573085
461,2019-10-02,23.602845,23.651895,23.328165,23.426265,107602.876723539,2573085
462,2019-10-03,23.181015,23.494935,23.029156,23.436075,98568.853623745,2573085
463,2019-10-04,23.436075,23.504745,23.377411,23.455695,56764.546926535,2573085
464,2019-10-07,23.298735,23.485125,23.210445,23.396835,67363.264004412,2573085
465,2019-10-08,23.230065,23.24478,23.053779,23.082915,59053.218431782,2573085
466,2019-10-09,23.200635,23.230065,23.05839,23.112345,81730.98062072,2573085
467,2019-10-10,23.131965,23.45079,23.131965,23.387025,311032.71386158,2573085
468,2019-10-11,23.543985,24.142394,23.543985,24.014864,184457.309529179,2573085
469,2019-10-14,23.926574,24.005054,23.759804,23.769614,93054.65622512,2573085
470,2019-10-15,23.838284,24.019475,23.710755,23.897144,40934.160265511,2573085
471,2019-10-16,23.818664,24.014864,23.740184,23.877524,217956.475650555,2573085
472,2019-10-17,24.034484,24.191444,23.965814,24.024674,103118.728652179,2573085
473,2019-10-18,24.024674,24.024674,23.818664,23.838284,108382.771214183,2573085
474,2019-10-21,23.897144,24.024674,23.808854,23.906954,56441.798137326,2573085
475,2019-10-22,23.887334,24.012118,23.672005,23.916764,49815.147465254,2573085
476,2019-10-23,23.867714,24.014864,23.838383,23.985434,62026.62748982,2573085
477,2019-10-24,24.368024,24.504579,24.309164,24.446504,185172.458062109,2573085
478,2019-10-25,23.995244,24.3486,23.661705,24.299354,122088.313262963,2573085
479,2019-10-28,24.387644,24.750614,24.387644,24.652514,121479.112660838,2573085
480,2019-10-29,24.652514,24.740804,24.566088,24.593654,104891.394494434,2573085
481,2019-10-30,24.632894,24.711374,24.397454,24.623084,75335.845797444,2573085
482,2019-10-31,24.544604,24.637799,24.220874,24.426884,126127.087625201,2573085
483,2019-11-01,24.691754,25.309783,24.632894,25.260734,99158.434238685,2573085
484,2019-11-04,25.505983,25.986673,25.505983,25.947433,219528.036624154,2573085
485,2019-11-05,25.927813,25.947433,25.711993,25.839523,172575.445289337,2573085
486,2019-11-06,25.623703,25.927813,25.525603,25.682563,118806.870406104,2573085
487,2019-11-07,25.761043,26.310403,25.761043,26.173063,128207.787266276,2573085
488,2019-11-08,26.182873,26.182873,25.810093,25.918003,178850.89819078,2573085
489,2019-11-11,25.525603,25.849333,25.525603,25.839523,67353.454010819,2573085
490,2019-11-12,25.505983,25.623703,25.138109,25.241114,114243.261386641,2573085
491,2019-11-13,24.848714,25.025294,24.750614,24.966434,107694.109663954,2573085
492,2019-11-14,24.848714,24.937004,24.740804,24.887954,77084.967655075,2573085
493,2019-11-15,25.211684,25.398073,25.182254,25.260734,76964.304733882,2573085
494,2019-11-18,25.201874,25.216589,25.025294,25.162634,130616.140693358,2573085
495,2019-11-19,25.162634,25.231304,24.858524,25.054724,115242.899733768,2573085
496,2019-11-20,24.966434,24.966434,24.627989,24.691754,120642.320207355,2573085
497,2019-11-21,24.593654,24.789854,24.544604,24.672134,111639.689087059,2573085
498,2019-11-22,24.613274,24.672134,24.544604,24.583844,100637.781272509,2573085
499,2019-11-25,24.672134,24.986054,24.672134,24.907574,124467.236709265,2573085
500,2019-11-26,24.966434,25.025294,24.89178,24.986054,66651.058469561,2573085
501,2019-11-27,24.995864,25.079249,24.894821,25.054724,103875.079158199,2573085
502,2019-11-29,24.858524,25.015484,24.858524,24.937004,50902.094755358,2573085
503,2019-12-02,25.015484,25.221494,24.946814,25.005674,153467.539768892,2573085
504,2019-12-03,24.829094,24.937004,24.544604,24.848714,199113.439957121,2573085
505,2019-12-04,24.858524,25.152824,24.829094,24.858524,126477.304396471,2573085
506,2019-12-05,25.035104,25.064534,24.819284,24.986054,101188.121913076,2573085
507,2019-12-06,25.211684,25.280353,25.113584,25.221494,243171.102182643,2573085
508,2019-12-09,25.143014,25.427503,25.143014,25.260734,165574.052862013,2573085
509,2019-12-10,25.299973,25.505983,25.134185,25.476553,115955.105268619,2573085
510,2019-12-11,25.476553,25.751233,25.427503,25.721803,165930.155629439,2573085
511,2019-12-12,25.721803,26.320213,25.623703,26.251543,141519.948571977,2573085
512,2019-12-13,26.349643,26.486983,26.13137,26.222113,124418.1867413,2573085
513,2019-12-16,26.330023,26.673373,26.330023,26.418313,171861.277755767,2573085
514,2019-12-17,26.408503,26.761663,26.388883,26.761663,164190.8437654,2573085
515,2019-12-18,26.555653,26.732233,26.511311,26.663563,165875.219665318,2573085
516,2019-12-19,26.663563,26.879284,26.662287,26.800902,95205.987820065,2573085
517,2019-12-20,26.849952,27.008874,26.820522,26.928432,205005.322109077,2573085
518,2019-12-23,26.938242,27.065772,26.830332,27.046152,136113.661102875,2573085
519,2019-12-24,27.085392,27.144252,26.977482,27.006912,108520.111124485,2573085
520,2019-12-26,27.105012,27.134442,26.987292,27.134442,139577.569840563,2573085
521,2019-12-27,27.252162,27.267368,26.977482,26.977482,98269.648819159,2573085
522,2019-12-30,27.127951,27.217155,26.899985,26.939631,149113.534314175,2573085
523,2019-12-31,26.771135,27.157586,26.761223,27.098216,102187.234281574,2573085
524,2020-01-02,27.455032,27.484767,27.326182,27.455032,119259.903371479,2573085
525,2020-01-03,27.098216,27.256801,27.028835,27.078393,145360.025005411,2573085
526,2020-01-06,26.860339,27.217155,26.809096,27.197332,87977.02489162,2573085
527,2020-01-07,27.385651,27.682998,27.256801,27.56406,181177.444041805,2573085
528,2020-01-08,26.880162,27.108128,26.701754,26.989189,325284.647350285,2573085
529,2020-01-09,27.365828,27.365828,27.048658,27.236978,132362.991056155,2573085
530,2020-01-10,27.494679,27.573971,27.382579,27.464944,171575.120782415,2573085
531,2020-01-13,27.742468,28.614685,27.712733,28.614685,400485.666171142,2573085
532,2020-01-14,28.912032,29.397699,28.743536,29.268849,436412.112412175,2573085
533,2020-01-15,29.268849,29.476992,29.189853,29.348141,221409.473709633,2573085
534,2020-01-16,29.506726,29.665311,29.358053,29.586019,160845.85268963,2573085
535,2020-01-17,29.833808,29.982481,29.6554,29.774338,270617.415788386,2573085
536,2020-01-21,29.665311,29.724781,29.476992,29.605842,265093.701138862,2573085
537,2020-01-22,29.78425,29.903189,29.6554,29.704957,235862.516419009,2573085
538,2020-01-23,29.526549,29.804073,29.209379,29.774338,172896.332271346,2573085
539,2020-01-24,29.863543,29.863543,29.249026,29.387787,171253.986106936,2573085
540,2020-01-27,28.4561,28.584951,28.168665,28.485835,378339.267439947,2573085
541,2020-01-28,28.684066,28.890227,28.604774,28.803005,162686.4301352,2573085
542,2020-01-29,28.872386,28.96159,28.594862,28.713801,148777.532292609,2573085
543,2020-01-30,28.575039,28.921944,28.496738,28.892209,163422.85934471,2573085
544,2020-01-31,28.664243,28.743536,28.307427,28.466012,174211.596821843,2573085
545,2020-02-03,28.495747,29.506726,28.495747,29.46708,471384.075034422,2573085
546,2020-02-04,30.686202,32.5918,30.636645,32.00444,1321130.214106124,2573085
547,2020-02-05,31.964794,32.00444,30.86461,31.013284,756475.347816705,2573085
548,2020-02-06,31.013284,31.122311,30.636645,30.884434,250098.495875514,2573085
549,2020-02-07,30.478059,30.502838,29.898233,30.061774,513179.158354196,2573085
550,2020-02-10,30.636645,30.765495,30.487971,30.567264,688103.396631809,2573085
551,2020-02-11,30.874522,31.291502,30.745672,31.270985,603446.74569962,2573085
552,2020-02-12,32.073821,32.113468,31.81622,32.024263,567361.714433659,2573085
553,2020-02-13,31.489039,32.073821,31.330454,31.935059,479851.524209171,2573085
554,2020-02-14,31.865678,32.208024,31.826032,31.87559,392718.964575293,2573085
555,2020-02-18,32.024263,32.034175,31.518774,31.766563,509286.88714862,2573085
556,2020-02-19,32.341434,32.69825,32.222495,32.480195,605746.228561076,2573085
557,2020-02-20,32.63878,33.877627,32.539665,33.312767,1047159.716196917,2573085
558,2020-02-21,32.688338,32.708161,32.272053,32.569399,799827.537849991,2573085
559,2020-02-24,30.517706,31.043019,30.28974,30.656468,849403.198955296,2573085
560,2020-02-25,31.221427,31.439481,29.932923,30.032039,457539.602358208,2573085
561,2020-02-26,29.873454,30.596998,29.804073,30.051862,461835.274220945,2573085
562,2020-02-27,28.584951,29.199468,28.059638,28.1984,878531.303408946,2573085
563,2020-02-28,26.860339,28.000168,26.711665,27.782114,1046236.949583118,2573085
564,2020-03-02,28.347073,29.120175,27.970434,29.080529,554298.273005215,2573085
565,2020-03-03,29.59593,29.699011,28.535393,28.921944,571828.8563546,2573085
566,2020-03-04,29.6554,29.675223,29.209379,29.6554,321158.463232939,2573085
567,2020-03-05,29.060706,29.615753,29.02106,29.14991,413885.109621152,2573085
568,2020-03-06,28.188488,28.592186,27.901053,28.4561,329122.404953542,2573085
569,2020-03-09,26.017856,26.384584,25.423261,25.561924,661645.467535384,2573085
570,2020-03-10,26.582815,26.781046,25.710597,26.434141,335212.069910777,2573085
571,2020-03-11,25.631305,25.91874,24.719441,25.026699,394611.082153966,2573085
572,2020-03-12,22.737128,23.262441,21.815352,22.3704,702378.031188141,2573085
573,2020-03-13,23.480495,23.906693,21.904557,22.984917,632919.772582489,2573085
574,2020-03-16,19.823128,20.97277,19.380874,19.862774,529712.638359346,2573085
575,2020-03-17,20.189856,21.280029,19.59318,20.9134,378090.487182091,2573085
576,2020-03-18,19.704189,19.892509,18.437491,19.248257,551866.966341788,2573085
577,2020-03-19,18.95091,19.496047,18.50489,19.030203,262416.587686796,2573085
578,2020-03-20,19.664543,20.249325,18.534625,18.534625,258740.388577684,2573085
579,2020-03-23,18.524713,18.574271,17.672319,17.969666,762570.959712375,2573085
580,2020-03-24,19.486135,20.695346,19.307727,20.645788,219326.062944641,2573085
581,2020-03-25,21.151278,22.509162,20.814285,22.102788,269438.930821889,2573085
582,2020-03-26,22.112699,22.459505,21.80554,22.439781,189628.043557656,2573085
583,2020-03-27,21.240482,21.399067,20.824196,21.151278,181725.553534213,2573085
584,2020-03-30,21.190924,21.577475,20.992693,21.567563,141603.542227429,2573085
585,2020-03-31,21.309863,21.805441,21.220659,21.518006,174354.323344278,2573085
586,2020-04-01,20.685434,21.123624,20.229502,20.269148,152575.643639635,2573085
587,2020-04-02,20.368264,21.137699,20.229502,20.526849,110820.206576092,2573085
588,2020-04-03,20.764727,20.764727,20.070917,20.140298,106715.827899674,2573085
589,2020-04-06,21.151278,21.765795,21.05682,21.745972,180192.23457444,2573085
590,2020-04-07,22.489339,22.796597,21.884733,22.003672,219812.720739889,2573085
591,2020-04-08,22.231638,22.836244,22.063142,22.667747,153844.323839059,2573085
592,2020-04-09,23.084033,23.688638,23.058461,23.401203,198166.855993623,2573085
593,2020-04-13,23.351645,23.351645,22.647924,23.262441,149162.100978059,2573085
594,2020-04-14,23.886869,24.46174,23.886869,24.055366,182414.407236244,2573085
595,2020-04-15,23.758019,23.787754,23.163325,23.32191,158972.567082668,2573085
596,2020-04-16,23.559788,23.703505,23.292176,23.599434,120425.5033047,2573085
597,2020-04-17,24.124747,24.625281,24.124747,24.293244,195263.758881035,2573085
598,2020-04-20,23.985985,24.283332,23.787754,23.857135,139023.562103131,2573085
599,2020-04-21,23.530053,23.530053,22.796597,22.895713,281527.074347026,2573085
600,2020-04-22,23.450761,23.688638,23.212883,23.539965,131416.436688616,2573085
601,2020-04-23,23.926516,24.233675,23.559788,23.609346,115977.19335547,2573085
602,2020-04-24,23.738196,23.95625,23.490407,23.876958,107856.64892275,2573085
603,2020-04-27,24.065278,24.679795,24.010764,24.59059,176919.436122488,2573085
604,2020-04-28,24.927584,25.244754,24.689706,24.977141,205181.26987747,2573085
605,2020-04-29,25.423162,25.938563,25.333958,25.680862,346521.164500955,2573085
606,2020-04-30,25.73042,25.794845,25.056434,25.175373,443181.710663789,2573085
607,2020-05-01,24.59059,24.689706,23.619257,23.8274,198565.300868755,2573085
608,2020-05-04,23.629169,24.134658,23.490407,24.104924,124385.173145871,2573085
609,2020-05-05,24.560856,24.927584,24.362724,24.491475,253214.691615349,2573085
610,2020-05-06,24.580679,24.620325,24.293244,24.303155,118095.294594664,2573085
611,2020-05-07,24.679795,24.977042,24.560757,24.719441,142447.016328764,2573085
612,2020-05-08,25.09608,25.591658,24.980016,25.571835,312602.801138074,2573085
613,2020-05-11,25.41325,25.631305,25.125815,25.552012,323111.041352365,2573085
614,2020-05-12,25.512366,25.512366,24.570767,24.610414,206679.898363039,2573085
615,2020-05-13,24.996965,25.046522,24.33289,24.610414,173288.830208043,2573085
616,2020-05-14,24.095012,24.570767,23.569699,24.550944,196705.891451474,2573085
617,2020-05-15,24.432005,24.798733,24.392359,24.689706,120129.147539366,2573085
618,2020-05-18,25.482631,25.958386,25.482631,25.879094,364405.590687211,2573085
619,2020-05-19,25.839447,26.206175,25.621393,25.839447,185409.681894571,2573085
620,2020-05-20,26.414318,26.825648,26.414318,26.612549,270163.466154529,2573085
621,2020-05-21,26.622461,26.87025,26.434141,26.820692,194508.497699815,2573085
622,2020-05-22,26.820692,26.909896,26.463876,26.642284,266171.088151967,2573085
623,2020-05-26,27.811849,28.366896,27.772202,28.247958,271172.463375634,2573085
624,2020-05-27,28.426366,28.654332,27.88123,28.277692,271955.476936216,2573085
625,2020-05-28,28.446189,28.713801,28.13893,28.238046,213452.470083871,2573085
626,2020-05-29,28.129019,28.337162,27.920876,28.287604,149158.136352436,2573085
627,2020-06-01,28.565128,29.169733,28.495747,29.130087,231311.126203575,2573085
628,2020-06-02,29.437345,29.645488,29.239114,29.536461,298938.718927715,2573085
629,2020-06-03,29.833808,30.269917,29.804073,30.111332,314006.278608686,2573085
630,2020-06-04,29.952747,30.250094,29.883465,30.150978,239232.448198729,2573085
631,2020-06-05,31.043019,31.568332,31.043019,31.449393,465213.135251911,2573085
632,2020-06-08,31.717005,32.450461,31.598066,32.450461,510836.064610885,2573085
633,2020-06-09,32.093644,32.202672,31.538597,31.895413,474547.846281736,2573085
634,2020-06-10,32.182848,32.331522,31.845855,32.073821,498874.789105691,2573085
635,2020-06-11,30.824964,31.062743,29.734692,29.764427,714980.584887888,2573085
636,2020-06-12,30.666379,30.69324,29.662239,30.250094,293669.731474482,2573085
637,2020-06-15,28.96159,30.048691,28.822828,29.823896,364078.509073297,2573085
638,2020-06-16,30.815053,31.003372,30.240182,30.725849,305231.570948139,2573085
639,2020-06-17,30.755583,30.755583,30.517805,30.537529,144381.753632886,2573085
640,2020-06-18,30.626733,30.849743,30.54744,30.745672,149021.356768436,2573085
641,2020-06-19,31.280896,31.498951,30.983549,31.05293,183338.165006449,2573085
642,2020-06-22,31.270985,31.459304,31.122311,31.449393,195712.752732862,2573085
643,2020-06-23,31.74674,31.816418,31.55842,31.588155,229811.5065616,2573085
644,2020-06-24,31.380012,31.479127,30.884434,31.05293,317260.245088928,2573085
645,2020-06-25,30.894345,31.211515,30.750627,31.132223,239494.11348986,2573085
646,2020-06-26,31.152046,31.280698,30.854699,30.963726,208966.49619122,2573085
647,2020-06-29,31.053979,31.342899,30.874649,31.313011,216675.476593551,2573085
648,2020-06-30,31.352862,31.641783,31.332937,31.532192,341182.305390246,2573085
649,2020-07-01,31.701559,31.940666,31.63182,31.741411,298212.844022888,2573085
650,2020-07-02,32.299326,32.498582,32.119996,32.249512,360713.335314793,2573085
651,2020-07-06,33.983036,34.849797,33.973073,34.780058,585343.093836398,2573085
652,2020-07-07,35.238346,35.616931,35.019165,35.049053,722792.567488724,2573085
653,2020-07-08,35.268234,35.547192,35.138718,35.527266,345458.329693253,2573085
654,2020-07-09,35.975591,36.00548,35.278197,35.46749,328057.341697838,2573085
655,2020-07-10,35.816187,36.254549,35.666845,36.244586,350595.138012523,2573085
656,2020-07-13,37.838631,38.560932,37.470008,37.489933,932034.815441842,2573085
657,2020-07-14,36.692911,37.061534,36.32917,37.021683,664759.385836774,2573085
658,2020-07-15,37.061534,37.101385,36.692911,36.991795,337490.099876047,2573085
659,2020-07-16,35.866001,36.11507,35.188532,35.427638,420631.47455791,2573085
660,2020-07-17,35.447564,35.547092,35.28816,35.46749,288129.5164435,2573085
661,2020-07-20,35.866001,36.36414,35.766373,36.274475,342504.366026334,2573085
662,2020-07-21,36.493656,36.563395,36.244586,36.274475,239508.17113603,2573085
663,2020-07-22,36.284437,36.363143,36.09893,36.274475,174249.982903137,2573085
664,2020-07-23,36.663023,36.782576,36.11507,36.36414,277382.667851575,2573085
665,2020-07-24,34.879686,34.879686,34.281919,34.770095,417869.792505735,2573085
666,2020-07-27,34.760132,35.049053,34.550914,34.969351,376952.663399373,2573085
667,2020-07-28,35.21842,35.308085,34.989276,35.03909,266468.444589822,2573085
668,2020-07-29,35.606968,35.925678,35.417676,35.766373,250479.182232189,2573085
669,2020-07-30,35.387787,35.537229,35.068978,35.46749,189309.718076542,2573085
670,2020-07-31,35.965628,35.965628,35.502359,35.776336,196601.475269858,2573085
671,2020-08-03,36.951943,37.410231,36.812465,37.37038,514452.947219325,2573085
672,2020-08-04,37.01172,37.410231,36.912092,37.400268,307330.778417371,2573085
673,2020-08-05,37.818705,38.227179,37.808742,38.107626,299987.214778633,2573085
674,2020-08-06,38.217216,38.247105,37.868519,38.167402,575823.659489885,2573085
675,2020-08-07,38.017961,38.142495,37.778854,38.017961,367585.659555739,2573085
676,2020-08-10,38.037886,38.137514,37.888445,38.137514,351793.660201833,2573085
677,2020-08-11,38.15744,38.456323,38.067775,38.177365,441741.604790067,2573085
678,2020-08-12,38.555951,38.795057,38.396546,38.715355,336154.091350806,2573085
679,2020-08-13,38.715355,38.715355,38.316844,38.456323,273750.239005172,2573085
680,2020-08-14,38.26703,38.356695,38.107725,38.217216,177274.682293614,2573085
681,2020-08-17,38.466286,38.775132,38.456423,38.765169,295061.617352242,2573085
682,2020-08-18,38.80502,38.824946,38.476249,38.605765,301366.063249127,2573085
683,2020-08-19,38.316844,38.321825,37.858556,37.888445,304242.317247911,2573085
684,2020-08-20,37.171125,37.628914,36.971869,37.519822,449597.255216258,2573085
685,2020-08-21,37.519822,37.629412,37.470008,37.599524,176730.714616671,2573085
686,2020-08-24,38.306881,38.396546,38.007998,38.306881,289621.940582806,2573085
687,2020-08-25,38.456323,38.585839,38.296919,38.526062,245966.043813591,2573085
688,2020-08-26,38.326807,38.62569,38.306881,38.565914,321677.178688411,2573085
689,2020-08-27,39.044127,39.103904,38.605765,38.934536,389961.062589579,2573085
690,2020-08-28,39.153717,39.41275,39.147441,39.382861,295879.561423251,2573085
691,2020-08-31,39.243382,39.273271,38.755206,39.173643,388972.755015352,2573085
692,2020-09-01,39.821224,40.279511,39.661819,40.249623,405529.895717047,2573085
693,2020-09-02,40.359214,40.399065,39.631931,40.229697,374877.416749055,2573085
694,2020-09-03,39.851112,39.970665,38.272012,38.476249,1207970.887932754,2573085
695,2020-09-04,38.69543,39.034164,37.649338,38.615727,686670.523417398,2573085
696,2020-09-08,37.360417,37.659301,36.742725,36.872241,529117.16010748,2573085
697,2020-09-09,36.922055,37.400268,36.892167,37.290678,353109.743171141,2573085
698,2020-09-10,37.450082,37.499896,36.663123,36.762651,261711.218111057,2573085
699,2020-09-11,37.320566,37.470008,36.971869,37.250827,190841.993327713,2573085
700,2020-09-14,37.968147,38.80502,37.918333,38.725318,361356.930771396,2573085
701,2020-09-15,39.881,40.428953,39.851112,40.289474,573726.494728042,2573085
702,2020-09-16,40.349251,40.438916,40.06033,40.13007,342461.526081081,2573085
703,2020-09-17,39.890963,40.548506,39.851112,40.399065,324897.148527023,2573085
704,2020-09-18,40.867315,41.016757,40.428953,40.697948,292743.278919554,2573085
705,2020-09-21,39.95074,40.050367,38.864797,39.741521,462196.184232062,2573085
706,2020-09-22,39.621968,39.631831,39.113866,39.452601,272901.410322469,2573085
707,2020-09-23,38.605765,38.630672,37.479971,37.569636,575394.26375955,2573085
708,2020-09-24,36.65306,37.350355,36.314326,37.08146,727017.781624104,2573085
709,2020-09-25,37.08146,37.559673,36.927037,37.479971,282840.27762135,2573085
710,2020-09-28,38.207253,38.33677,37.898407,38.067775,335030.289996241,2573085
711,2020-09-29,38.785095,39.303059,38.585839,39.113866,453526.574846049,2573085
712,2020-09-30,39.452601,40.038014,39.313122,39.900926,472707.911263988,2573085
713,2020-10-01,40.339288,40.409027,40.149995,40.389102,383741.300305405,2573085
714,2020-10-02,39.283234,40.339188,39.083978,39.920851,310826.717205641,2573085
715,2020-10-05,40.259586,40.887241,40.080256,40.827464,402581.909716908,2573085
716,2020-10-06,41.096459,41.196087,40.498692,40.59832,478462.41181715,2573085
717,2020-10-07,41.066571,41.480026,41.046645,41.435194,497021.074612215,2573085
718,2020-10-08,41.714151,41.793754,41.544784,41.604561,373544.397057204,2573085
719,2020-10-09,42.152514,42.590876,42.092737,42.501211,530787.917972379,2573085
720,2020-10-12,42.949536,43.138829,42.580913,42.670578,494007.3342775,2573085
721,2020-10-13,42.650652,42.75028,42.39162,42.64069,325357.428869052,2573085
722,2020-10-14,42.64069,42.839945,42.511174,42.620764,293447.64732175,2573085
723,2020-10-15,42.301955,42.620764,42.162875,42.531099,337586.738822317,2573085
724,2020-10-16,42.182402,42.272067,41.863593,41.913407,338474.422339087,2573085
725,2020-10-19,41.833705,41.943295,41.295814,41.38538,364491.2207195,2573085
726,2020-10-20,42.411546,42.760243,42.172439,42.521136,296426.517933584,2573085
727,2020-10-21,42.301955,42.590876,42.172439,42.182402,415884.210857111,2573085
728,2020-10-22,42.600839,42.740317,42.162476,42.451397,320908.052229436,2573085
729,2020-10-23,42.242179,42.28203,41.783891,42.03296,321620.390854005,2573085
730,2020-10-26,41.933332,42.202327,41.544784,41.973184,319775.284374702,2573085
731,2020-10-27,42.441434,42.819023,42.351769,42.630727,392474.671470401,2573085
732,2020-10-28,42.501211,42.531099,42.052886,42.052886,264100.292267304,2573085
733,2020-10-29,42.441434,43.298233,42.381657,43.168717,680207.669350853,2573085
734,2020-10-30,43.148791,43.238357,42.529007,42.969461,571502.802686031,2573085
735,2020-11-02,44.07533,44.633245,44.065367,44.463878,816891.005377594,2573085
736,2020-11-03,45.08157,45.265882,44.61332,45.08157,797586.130512876,2573085
737,2020-11-04,45.709225,45.918444,44.712948,45.649449,785473.385061813,2573085
738,2020-11-05,47.791446,49.246011,47.383072,49.146384,1285784.168958401,2573085
739,2020-11-06,48.678133,49.116495,48.120417,48.996942,593941.967498853,2573085
740,2020-11-09,51.348158,51.706718,50.092848,50.371805,1049402.317548102,2573085
741,2020-11-10,50.062959,50.062959,48.429064,49.186235,760139.036972071,2573085
742,2020-11-11,48.518729,48.656813,48.231502,48.538654,500239.051895233,2573085
743,2020-11-12,48.658208,49.156346,48.389213,48.568543,389588.45469365,2573085
744,2020-11-13,49.325714,49.734188,49.02683,49.714262,499425.092935411,2573085
745,2020-11-16,50.072922,50.461371,49.754113,50.441545,635091.229331822,2573085
746,2020-11-17,50.361843,50.431582,49.74415,50.082885,533949.10742099,2573085
747,2020-11-18,49.843778,50.003183,49.315751,49.345639,538418.409616538,2573085
748,2020-11-19,49.415379,49.724225,49.226086,49.724225,358577.315718882,2573085
749,2020-11-20,50.232327,50.939684,50.222364,50.899833,622041.982751956,2573085
750,2020-11-23,52.07544,52.603468,51.866222,52.444063,1127904.026531199,2573085
751,2020-11-24,54.207475,54.287177,53.340713,54.197512,1607452.381146643,2573085
752,2020-11-25,52.61343,52.822649,52.304584,52.822649,925255.145035979,2573085
753,2020-11-27,53.021904,53.22116,52.902351,53.031867,464175.788213906,2573085
754,2020-11-30,53.380564,53.410253,51.916036,52.025627,636598.597638078,2573085
755,2020-12-01,52.982053,53.149926,52.523865,52.772835,626810.168286483,2573085
756,2020-12-02,52.055515,52.25477,51.657004,52.194994,424252.944348551,2573085
757,2020-12-03,52.603468,52.742947,52.055515,52.175068,432761.156731515,2573085
758,2020-12-04,52.68317,53.530006,52.638337,53.51008,540653.060714312,2573085
759,2020-12-07,53.808964,54.486433,53.739224,54.456544,832268.553168115,2573085
760,2020-12-08,54.715577,55.881222,54.456544,55.881222,1097224.648062698,2573085
761,2020-12-09,56.478988,56.548728,54.028145,54.396768,1132439.083061322,2573085
762,2020-12-10,53.799001,54.873985,53.599247,54.805242,657590.17081244,2573085
763,2020-12-11,54.346954,54.396768,53.599845,53.838852,503086.413837916,2573085
764,2020-12-14,54.795279,55.223678,54.596123,54.695651,505171.623266199,2573085
765,2020-12-15,55.452822,56.008845,55.313343,55.970887,684303.367372676,2573085
766,2020-12-16,56.409249,56.469026,55.801519,56.09044,780451.148689152,2573085
767,2020-12-17,56.289696,56.364416,55.955942,56.359435,624799.679692944,2573085
768,2020-12-18,57.026941,57.136432,56.618467,57.056829,996806.820109995,2573085
769,2020-12-21,57.495192,58.999571,57.495192,58.939794,1121966.210863463,2573085
770,2020-12-22,59.079273,59.10418,58.132809,58.680762,928158.298535272,2573085
771,2020-12-23,59.667077,59.700253,59.079273,59.49771,1007176.079417007,2573085
772,2020-12-24,59.587375,59.716891,58.78039,59.019497,877843.280973582,2573085
773,2020-12-28,60.693243,60.772946,60.493988,60.603578,1287934.136443464,2573085
774,2020-12-29,60.185142,60.205067,58.78039,59.039422,1532123.816945717,2573085
775,2020-12-30,60.663652,62.210176,60.563876,62.170265,1609481.508542823,2573085
776,2020-12-31,62.858718,62.858718,61.621499,61.751207,1084494.47618743,2573085
777,2021-01-04,65.991676,66.625851,65.353112,66.151317,2202811.931409683,2573085
778,2021-01-05,66.849748,72.337413,66.829792,71.180015,5134504.620999238,2573085
779,2021-01-06,70.052549,71.150082,68.186743,69.413984,3908099.105898483,2573085
780,2021-01-07,72.237638,72.666673,71.234892,72.357369,2590805.871211898,2573085
781,2021-01-08,72.756472,72.786404,69.84302,70.711069,2526753.835396108,2573085
782,2021-01-11,69.194478,69.354119,68.096944,69.074747,1844459.369263638,2573085
783,2021-01-12,70.741002,71.180015,69.84302,71.140105,1769010.948110943,2573085
784,2021-01-13,70.54145,70.54145,69.354119,69.773177,1218896.39270139,2573085
785,2021-01-14,69.563648,69.563648,68.56609,68.85524,1367291.857136038,2573085
786,2021-01-15,68.605801,68.825307,67.408492,68.136855,1349186.550856623,2573085
787,2021-01-19,68.984949,69.1845,68.366938,69.064769,1670308.792352933,2573085
788,2021-01-20,70.850755,70.990341,70.09675,70.421719,1558848.31236948,2573085
789,2021-01-21,71.299746,71.409499,70.50164,71.289768,1564071.572502443,2573085
790,2021-01-22,71.269813,71.698849,71.040329,71.668916,1140840.831390638,2573085
791,2021-01-25,72.277548,72.536965,70.950531,72.018131,1480854.612019233,2573085
792,2021-01-26,72.14784,72.197727,71.299746,71.429454,1106413.21135475,2573085
793,2021-01-27,70.272056,70.272056,68.958209,69.054792,1302213.12892735,2573085
794,2021-01-28,68.19672,68.903731,67.677886,68.555913,1374159.42150952,2573085
795,2021-01-29,67.20894,67.238873,64.983941,65.432932,1890528.822963595,2573085
796,2021-02-01,66.749972,66.829792,65.861968,66.500533,1484381.684525445,2573085
797,2021-02-02,68.685621,69.573625,68.685621,69.463872,1645102.446462,2573085
798,2021-02-03,69.982706,69.982706,69.014881,69.174522,1110819.30815459,2573085
799,2021-02-04,68.256586,68.286518,67.258828,67.807595,1172217.30921323,2573085
800,2021-02-05,67.478335,67.594673,66.950022,67.49829,1252000.986388413,2573085
801,2021-02-08,68.326429,69.174522,68.187142,69.134612,1455339.959083203,2573085
802,2021-02-09,69.84302,70.561405,69.626407,70.561405,1357693.430683488,2573085
803,2021-02-10,71.419477,71.509175,69.428951,70.371831,1540541.45908971,2573085
804,2021-02-11,70.411742,71.188995,70.202213,71.020374,838847.595294358,2573085
805,2021-02-12,71.020374,71.629006,70.611293,71.52923,756687.25992687,2573085
806,2021-02-16,73.21544,74.662188,72.901146,74.143354,2237716.479495915,2573085
807,2021-02-17,74.143354,74.332928,72.347391,72.946046,1693527.605448285,2573085
808,2021-02-18,69.583603,69.593581,67.49829,68.106922,2295577.430474068,2573085
809,2021-02-19,68.096944,68.438776,67.566137,68.15681,1456334.72323842,2573085
810,2021-02-22,66.819815,66.819815,65.702327,65.961744,1447797.91068873,2573085
811,2021-02-23,63.646946,64.554906,58.545413,64.445152,2875327.376995225,2573085
812,2021-02-24,63.567126,65.682371,63.337641,65.612528,1083386.965442905,2573085
813,2021-02-25,64.604793,64.78439,60.663652,60.853226,1910137.749686253,2573085
814,2021-02-26,60.543921,61.142575,58.988616,60.623741,1436812.601411955,2573085
815,2021-03-01,63.327664,63.597058,62.599301,63.437417,1315054.267019275,2573085
816,2021-03-02,63.457372,63.926318,63.168023,63.307709,1253892.734470953,2573085
817,2021-03-03,63.207933,63.287754,61.182485,61.362082,882005.59282087,2573085
818,2021-03-04,60.234616,60.364324,56.572846,57.191456,1945935.290670098,2573085
819,2021-03-05,59.117128,59.29413,55.525201,58.867688,1836325.650714658,2573085
820,2021-03-08,56.961972,57.281254,55.225874,55.435403,1602976.130115523,2573085
821,2021-03-09,56.872173,58.36881,56.35334,58.099415,1408160.001366438,2573085
822,2021-03-10,59.226881,59.566118,58.214856,58.538428,1272561.773696905,2573085
823,2021-03-11,61.132598,62.130355,60.568865,61.970714,1437900.15700793,2573085
824,2021-03-12,60.853226,60.913091,60.045042,60.773405,812625.53234223,2573085
825,2021-03-15,60.83327,60.83327,59.875423,60.484055,874912.535268773,2573085
826,2021-03-16,60.83327,60.863203,59.406577,59.895378,1095121.590547733,2573085
827,2021-03-17,59.865446,61.062755,59.486298,60.923069,798068.251475005,2573085
828,2021-03-18,60.294481,60.765822,59.266791,59.336634,780381.005557713,2573085
829,2021-03-19,59.635961,59.721769,58.658159,59.386522,681121.10339773,2573085
830,2021-03-22,59.655917,59.713487,58.698169,59.157038,570818.022030178,2573085
831,2021-03-23,57.969707,57.974695,56.223631,56.483048,808249.368265215,2573085
832,2021-03-24,56.632712,56.76242,54.946502,55.026322,1109227.885057728,2573085
833,2021-03-25,54.876659,56.493026,54.752737,56.413205,780815.030038675,2573085
834,2021-03-26,57.580581,58.229123,57.061747,58.189213,526700.18185841,2573085
835,2021-03-29,57.580581,57.730245,56.812308,56.981927,516728.594127975,2573085
836,2021-03-30,57.341119,57.969707,56.981927,57.740222,503194.014623938,2573085
837,2021-03-31,58.249079,58.538428,57.869931,58.328899,680174.231599033,2573085
838,2021-04-01,59.586074,60.653674,59.286746,59.655917,944658.772723305,2573085
839,2021-04-05,61.511745,61.611521,60.17475,60.38428,1266860.58775617,2573085
840,2021-04-06,60.264549,60.264549,59.506253,59.925311,592610.042004205,2573085
841,2021-04-07,60.084952,60.244593,58.498518,58.688092,569176.71106194,2573085
842,2021-04-08,59.446388,59.586074,58.787868,59.14706,720206.255105188,2573085
843,2021-04-09,59.047285,59.167015,58.52885,58.837755,447935.215016705,2573085
844,2021-04-12,58.877666,58.967464,57.770155,57.909841,715926.87349864,2573085
845,2021-04-13,58.668137,59.785625,58.668137,59.715782,750523.114539775,2573085
846,2021-04-14,61.152553,61.49179,60.873181,60.923069,832346.207896768,2573085
847,2021-04-15,61.860961,62.1104,60.953001,61.132598,518435.757086428,2573085
848,2021-04-16,61.232373,61.362082,60.164773,60.593809,793717.031333678,2573085
849,2021-04-19,62.07049,62.908606,61.771162,62.529458,920630.77835425,2573085
850,2021-04-20,62.309951,62.319929,60.683607,61.182485,686409.21776348,2573085
851,2021-04-21,61.282261,62.200198,60.853226,62.120377,599381.821664648,2573085
852,2021-04-22,62.429682,62.609279,61.499473,61.82105,540950.153437965,2573085
853,2021-04-23,62.240108,63.487305,62.130355,63.128112,812273.323970323,2573085
854,2021-04-26,63.297731,63.656924,62.758942,63.547171,792202.435558733,2573085
855,2021-04-27,63.227888,63.367574,62.539436,62.828785,601886.192807673,2573085
856,2021-04-28,63.13809,63.577103,62.858718,63.347619,459239.80667028,2573085
857,2021-04-29,63.956251,64.105915,62.589323,63.158045,578774.139757063,2573085
858,2021-04-30,62.778897,63.7567,62.760938,63.447395,438216.059915428,2573085
859,2021-05-03,63.407485,63.42744,62.593614,62.748965,546845.902077063,2573085
860,2021-05-04,62.1104,62.210176,61.272284,61.831028,893140.56571177,2573085
861,2021-05-05,62.359839,63.158045,62.250086,62.878673,431967.105146995,2573085
862,2021-05-06,62.339884,62.369817,61.202441,61.860961,495282.79598129,2573085
863,2021-05-07,61.831028,62.060512,61.137586,62.040557,452079.89937054,2573085
864,2021-05-10,62.489548,62.778897,61.312194,61.461858,536453.260712223,2573085
865,2021-05-11,59.137083,60.653674,58.718025,60.414212,1362675.233518995,2573085
866,2021-05-12,59.47632,60.169762,58.378787,58.608271,827009.20341707,2573085
867,2021-05-13,58.48854,59.327854,58.150301,58.568361,842340.744048035,2573085
868,2021-05-14,59.486298,60.583831,59.416455,60.484055,527171.12336419,2573085
869,2021-05-17,60.693584,61.127609,60.114885,60.523966,535668.02561678,2573085
870,2021-05-18,61.08271,61.651431,60.883158,61.312194,454180.178755428,2573085
871,2021-05-19,60.663652,61.661409,60.663652,61.501768,453778.082512145,2573085
872,2021-05-20,61.860961,62.464604,61.860961,62.299974,469307.179113755,2573085
873,2021-05-21,62.429682,62.624045,61.934695,62.140333,280666.171083468,2573085
874,2021-05-24,62.778897,63.372563,62.559391,63.217911,504681.67094834,2573085
875,2021-05-25,63.776655,64.195613,63.487006,63.776655,413029.669173045,2573085
876,2021-05-26,63.477328,63.896386,63.078225,63.856475,392272.323651335,2573085
877,2021-05-27,63.966229,64.844255,63.866453,64.604793,604397.54825269,2573085
878,2021-05-28,65.722282,66.570276,65.622506,66.291003,914638.247244685,2573085
879,2021-06-01,67.348626,68.126877,67.318694,67.767684,901941.783979748,2573085
880,2021-06-02,67.917348,68.047057,67.627998,68.047057,606467.894914753,2573085
881,2021-06-03,67.428447,67.428447,66.660174,66.989434,748970.603982585,2573085
882,2021-06-04,67.907371,69.024859,67.747729,68.964993,688848.734673718,2573085
883,2021-06-07,68.545935,68.775419,67.923235,68.516003,789124.353894895,2573085
884,2021-06-08,68.276541,68.346384,67.412982,68.1169,487293.752259298,2573085
885,2021-06-09,68.186743,68.44616,67.757707,67.857483,319341.244488223,2573085
886,2021-06-10,69.154567,69.433939,68.655689,68.875195,685216.897637618,2573085
887,2021-06-11,69.673401,70.142347,69.483827,70.13237,543667.046913048,2573085
888,2021-06-14,70.21219,70.21219,69.493805,69.952773,557496.962615625,2573085
889,2021-06-15,69.932818,69.952773,68.985048,69.384052,395208.723760468,2573085
890,2021-06-16,67.49829,67.518245,66.021609,66.660174,861813.975760553,2573085
891,2021-06-17,67.478335,68.076989,66.961496,67.777662,394508.298046363,2573085
892,2021-06-18,68.256586,68.555913,67.967236,68.1169,309605.127510678,2573085
893,2021-06-21,68.1169,68.695599,67.928423,68.585846,330256.710745073,2573085
894,2021-06-22,68.126877,68.575868,67.777662,68.48607,322971.086009468,2573085
895,2021-06-23,69.463872,70.242123,69.124635,70.092459,708908.647753605,2573085
896,2021-06-24,69.84302,69.992684,69.154567,69.912863,694408.239059748,2573085
897,2021-06-25,70.940553,71.23988,70.754771,70.850755,607494.58730765,2573085
898,2021-06-28,71.329678,71.978221,71.100194,71.928333,844172.626684925,2573085
899,2021-06-29,71.684507,71.923988,71.395014,71.824262,349701.800782141,2573085
900,2021-06-30,72.033895,72.373301,71.974,72.333371,421511.089132773,2573085
901,2021-07-01,72.323388,72.333371,71.574699,71.924087,419544.531851189,2573085
902,2021-07-02,71.914105,72.023913,71.375049,71.93407,339135.298840229,2573085
903,2021-07-06,72.872427,73.357578,72.113755,72.682759,559235.983503848,2573085
904,2021-07-07,74.93881,75.757377,74.669282,75.268233,1066037.760016589,2573085
905,2021-07-08,74.769107,75.747394,74.379788,75.657551,650553.120786822,2573085
906,2021-07-09,76.665786,78.153183,76.366311,78.053357,1100764.965454022,2573085
907,2021-07-12,80.289443,81.906612,79.860194,81.42745,1757749.826629294,2573085
908,2021-07-13,80.848464,81.10801,80.146094,80.389268,1021385.928947933,2573085
909,2021-07-14,79.650561,79.850212,78.173148,78.472623,1099632.947201578,2573085
910,2021-07-15,79.231295,80.504067,79.021662,79.660544,666786.701757949,2573085
911,2021-07-16,78.542501,78.672274,76.785577,77.065087,1043521.178268666,2573085
912,2021-07-19,75.0586,75.607639,74.250016,75.467883,1157163.232833541,2573085
913,2021-07-20,76.770603,77.94355,76.266485,77.843724,1292351.567787101,2573085
914,2021-07-21,80.578936,81.627101,80.35932,81.417468,1424505.215361973,2573085
915,2021-07-22,82.026402,82.156175,81.10801,81.617118,1171696.789921146,2573085
916,2021-07-23,80.958272,81.06808,79.620614,80.1996,904555.456130581,2573085
917,2021-07-26,80.099775,80.519041,79.760369,80.31939,820116.278071014,2573085
918,2021-07-27,77.863689,77.873672,75.497831,76.705717,1484330.483324069,2573085
919,2021-07-28,78.742151,80.049862,78.362716,79.989967,911759.843897683,2573085
920,2021-07-29,81.856699,83.126476,81.607136,82.545493,830800.573799336,2573085
921,2021-07-30,82.256,83.433339,82.156175,83.134462,656522.670301478,2573085
922,2021-08-02,83.853204,83.882453,83.08455,83.234287,992145.11885039,2573085
923,2021-08-03,81.607136,81.896629,80.768604,81.686996,919539.225062853,2573085
924,2021-08-04,85.051107,85.769849,84.861439,85.3406,1277086.291670358,2573085
925,2021-08-05,85.031142,86.039377,84.99221,85.50032,1003701.887200085,2573085
926,2021-08-06,85.889639,86.48859,85.520285,86.298922,713369.15302081,2573085
927,2021-08-09,85.550233,85.709953,84.3124,85.570198,920811.996907533,2573085
928,2021-08-10,85.071072,85.490338,84.751731,85.46039,939408.441373842,2573085
929,2021-08-11,86.947786,87.045615,85.310652,86.338852,685544.863117464,2573085
930,2021-08-12,86.538503,86.857944,85.660141,86.708206,885295.173800184,2573085
931,2021-08-13,86.348835,86.56845,85.769849,85.909604,981231.225063813,2573085
932,2021-08-16,82.924829,82.924829,81.497328,81.866682,1669650.056919186,2573085
933,2021-08-17,80.129722,80.509058,78.762216,79.600649,1446974.879245818,2573085
934,2021-08-18,80.558971,81.436435,80.489093,80.648814,1024330.773608173,2573085
935,2021-08-19,80.818517,82.086297,80.658796,81.507311,708489.695156656,2573085
936,2021-08-20,81.088045,81.826751,80.832891,81.736909,905227.280014086,2573085
937,2021-08-23,83.44392,84.202293,83.264235,84.172645,872460.642343674,2573085
938,2021-08-24,84.961264,85.10092,84.43219,84.791561,939053.063509758,2573085
939,2021-08-25,84.931317,85.42046,84.367304,85.081054,1104058.200211355,2573085
940,2021-08-26,84.182627,84.282452,83.16441,83.254252,606840.645252162,2573085
941,2021-08-27,83.783326,85.011177,83.583676,84.891386,644685.393019741,2573085
942,2021-08-30,85.580181,86.159167,85.200845,85.470373,1126240.367396166,2573085
943,2021-08-31,85.46039,85.470373,84.661788,85.42046,796536.557488123,2573085
944,2021-09-01,83.433938,84.022907,82.924829,84.022907,1343632.793224792,2573085
945,2021-09-02,83.16441,84.082802,83.104515,83.473868,874220.561372827,2573085
946,2021-09-03,82.236035,82.45565,81.956524,82.305913,853042.636129779,2573085
947,2021-09-07,84.851456,85.200845,84.684149,84.891386,1046135.601375502,2573085
948,2021-09-08,84.821509,84.941299,83.254252,83.833239,706158.775739144,2573085
949,2021-09-09,83.833239,85.279707,83.833239,84.691736,499286.932240779,2573085
950,2021-09-10,85.680006,86.548485,84.891386,84.981229,848814.03884816,2573085
951,2021-09-13,84.981229,85.200845,82.854951,83.563711,1442320.028177784,2573085
952,2021-09-14,85.879656,86.40873,85.310652,85.699971,1068694.109725368,2573085
953,2021-09-15,86.16915,86.947786,85.779831,86.867926,906420.19166459,2573085
954,2021-09-16,84.27247,84.39226,83.2842,83.953029,1122156.516716491,2573085
955,2021-09-17,83.863186,83.913099,82.755126,83.40399,805082.596517382,2573085
956,2021-09-20,80.339355,80.439181,78.533517,79.311155,1529446.501771373,2573085
957,2021-09-21,79.850212,80.883403,79.670526,80.608883,863303.672828968,2573085
958,2021-09-22,81.407485,83.034637,81.407485,82.37579,720015.517681107,2573085
959,2021-09-23,83.114497,83.713449,83.054602,83.503816,566376.48311561,2573085
960,2021-09-24,83.114497,83.237382,82.385773,82.944794,508579.664085584,2573085
961,2021-09-27,83.004689,83.034637,82.251009,82.914847,708075.420399368,2573085
962,2021-09-28,81.327625,81.327625,79.800299,80.219565,1005888.060015653,2573085
963,2021-09-29,80.169652,80.509058,79.530771,79.590666,520821.233600338,2573085
964,2021-09-30,82.206087,83.154427,81.696979,81.816769,617314.309718344,2573085
965,2021-10-01,81.457398,81.726926,80.088495,81.18787,583765.042145006,2573085
966,2021-10-04,80.568953,80.997304,78.442676,78.552483,1079735.779822627,2573085
967,2021-10-05,80.109757,81.30766,79.760469,80.978237,687138.073991275,2573085
968,2021-10-06,79.560718,80.049862,78.422711,79.900124,719968.599817029,2573085
969,2021-10-07,81.327625,82.086297,81.18787,81.557223,548183.33262989,2573085
970,2021-10-08,80.938307,80.938307,79.870177,80.089792,481581.92719196,2573085
971,2021-10-11,80.648814,81.507311,80.529023,80.618866,462475.375735352,2573085
972,2021-10-12,79.970002,80.828499,79.870177,80.1996,617537.918262037,2573085
973,2021-10-13,82.325878,84.052854,82.256,83.953029,1209715.233611058,2573085
974,2021-10-14,84.002942,84.621858,83.613623,84.581928,824167.186420592,2573085
975,2021-10-15,85.799796,86.089289,85.501119,85.689988,984128.153607547,2573085
976,2021-10-18,86.768101,88.54499,86.636831,88.205584,1233899.895164832,2573085
977,2021-10-19,88.794553,89.421955,88.103863,88.54499,1307641.800214523,2573085
978,2021-10-20,88.804536,88.994204,88.195602,88.724676,715220.911273266,2573085
979,2021-10-21,87.666528,88.045864,87.247262,87.956021,582210.763115856,2573085
980,2021-10-22,87.856196,88.834483,87.412473,87.696476,805992.004478562,2573085
981,2021-10-25,89.473365,91.270219,89.273715,91.100517,1551701.54138337,2573085
982,2021-10-26,90.860936,91.340097,89.65305,90.36181,1291691.722932722,2573085
983,2021-10-27,91.270219,91.639473,89.84771,89.952526,947396.457296296,2573085
984,2021-10-28,89.742893,91.070569,89.36226,91.050604,1012010.34215167,2573085
985,2021-10-29,90.741146,91.759363,90.132311,91.749381,1350705.411671504,2573085
986,2021-11-01,92.228542,92.228542,90.721181,91.998944,1144269.804483826,2573085
987,2021-11-02,92.308402,92.45814,91.66952,92.37828,983211.757879378,2573085
988,2021-11-03,91.839223,92.757616,91.000691,92.707703,1103276.568560858,2573085
989,2021-11-04,94.005431,94.63433,93.436427,94.51454,1330665.494195464,2573085
990,2021-11-05,93.925571,93.925571,92.542991,93.216812,1114963.109726088,2573085
991,2021-11-08,94.983718,96.45105,94.864028,96.141691,1418055.506429834,2573085
992,2021-11-09,96.580922,96.670765,94.100265,94.774085,1344852.65769083,2573085
993,2021-11-10,93.755868,93.925571,91.679503,92.388262,1418782.234196835,2573085
994,2021-11-11,94.135204,96.511045,93.715938,95.692478,2467802.785086946,2573085
995,2021-11-12,95.602635,95.692478,94.843963,95.632583,1368552.168564986,2573085
996,2021-11-15,93.825746,93.825746,92.393253,93.097021,1974477.416341405,2573085
997,2021-11-16,92.49807,92.49807,91.320132,92.368297,1269066.331670234,2573085
998,2021-11-17,93.216812,93.426445,92.647808,93.047109,878809.527780666,2573085
999,2021-11-18,93.256742,93.5662,92.008926,92.757616,951239.729141016,2573085
1000,2021-11-19,92.478105,93.805781,92.478105,93.745885,1187930.370892272,2573085
1001,2021-11-22,96.261482,96.960258,94.464627,95.442915,1636446.184685659,2573085
1002,2021-11-23,95.133456,95.812268,93.087039,93.805781,1351486.045069574,2573085
1003,2021-11-24,92.937301,94.055344,92.038874,94.055344,830301.447585736,2573085
1004,2021-11-26,91.479852,92.108751,91.000691,91.899118,961211.272636317,2573085
1005,2021-11-29,93.52627,94.195099,92.837476,93.955518,891139.94176144,2573085
1006,2021-11-30,93.556217,94.185117,91.66952,92.827493,1182637.636523258,2573085
1007,2021-12-01,93.715938,94.205082,91.070569,91.180377,1390399.921186685,2573085
1008,2021-12-02,91.210324,91.919083,90.411722,91.679503,1495187.476722296,2573085
1009,2021-12-03,91.240272,91.899118,87.995951,88.774588,1839575.579834451,2573085
1010,2021-12-06,87.816266,88.644816,86.583424,88.50506,1178344.15283387,2573085
1011,2021-12-07,89.343592,89.343592,88.455148,89.054099,1119538.100599946,2573085
1012,2021-12-08,90.491583,91.899118,90.102264,91.789311,1275471.119243149,2573085
1013,2021-12-09,90.56146,90.581425,88.924326,89.014169,972410.666617074,2573085
1014,2021-12-10,90.142194,90.32188,89.393505,90.301915,711654.15535088,2573085
1015,2021-12-13,89.882649,89.882649,87.377035,87.926074,1143484.179823619,2573085
1016,2021-12-14,86.458643,87.057594,85.729918,86.608381,1291326.362544366,2573085
1017,2021-12-15,85.999447,87.31714,84.901369,87.127472,920613.34467452,2573085
1018,2021-12-16,88.435183,88.435183,85.670023,86.069324,949649.513024486,2573085
1019,2021-12-17,84.771596,85.969499,84.072819,85.590163,1137803.125260424,2573085
1020,2021-12-20,82.156175,82.405738,80.229548,81.02815,1895829.100612026,2573085
1021,2021-12-21,82.036384,82.441076,81.457398,82.116245,2076724.419449792,2573085
1022,2021-12-22,83.224305,83.932066,82.881705,83.463885,817215.356517571,2573085
1023,2021-12-23,83.913099,84.462138,82.854951,84.242522,840694.253605315,2573085
1024,2021-12-27,83.413973,83.723431,82.755126,83.433938,924266.948558072,2573085
1025,2021-12-28,84.342348,84.841374,83.863586,84.27247,577591.849135202,2573085
1026,2021-12-29,84.35233,84.551981,83.262738,84.3124,870517.044867915,2573085
1027,2021-12-30,84.58,85.34,84.2501,84.92,611307.0,2573085
1028,2021-12-31,85.0,85.28,84.42,84.44,420798.0,2573085
271,2018-12-31,85.328694,85.776358,84.170606,84.93942,5089867.285232611,1232815
272,2019-01-02,83.197423,86.175363,82.963859,85.562258,6952442.409604771,1232815
273,2019-01-03,83.314205,83.946774,80.336264,80.423851,9024333.64665286,1232815
274,2019-01-04,81.815503,84.488155,81.64033,84.170606,8831311.53852647,1232815
275,2019-01-07,84.589075,86.47705,84.121947,85.795822,5428826.957012131,1232815
276,2019-01-08,86.515977,86.603564,84.170606,85.299498,6458051.77308625,1232815
277,2019-01-09,86.233754,87.936824,86.233754,87.479428,8688615.647760786,1232815
278,2019-01-10,86.866323,88.462343,86.574368,88.384489,5566622.87089751,1232815
279,2019-01-11,87.829774,89.853995,87.635138,89.114376,6490146.378356467,1232815
280,2019-01-14,87.985484,88.199584,87.245864,87.586478,4848199.646949542,1232815
281,2019-01-15,88.18012,88.880812,87.411306,87.820042,5588177.903255376,1232815
282,2019-01-16,88.014679,88.520734,87.080423,87.129082,5359058.487791501,1232815
283,2019-01-17,86.525709,88.676444,86.029386,88.209316,7702733.487161962,1232815
284,2019-01-18,89.007326,90.817446,88.608321,90.389246,8107445.301531523,1232815
285,2019-01-22,89.552308,89.571772,87.138814,87.771383,6990050.097104765,1232815
286,2019-01-23,88.384489,88.734835,86.593832,87.421037,5708761.127750102,1232815
287,2019-01-24,89.659358,92.919522,89.659358,92.569176,12302970.947573856,1232815
288,2019-01-25,92.890326,94.63719,92.228562,94.29171,8843247.629179286,1232815
289,2019-01-28,90.661737,93.162818,90.661737,92.530249,7915066.467430531,1232815
290,2019-01-29,92.656762,92.919522,91.15806,91.304038,5318493.296867626,1232815
291,2019-01-30,92.812472,94.389028,91.907411,94.067878,5965050.842026531,1232815
292,2019-01-31,93.688336,94.690715,92.958449,93.999755,5485945.99237175,1232815
293,2019-02-01,94.243051,95.605507,94.07761,95.19677,5618154.862112179,1232815
294,2019-02-04,95.138379,95.67363,94.389028,95.663898,4501641.361568947,1232815
295,2019-02-05,95.634703,96.559227,95.381675,96.199149,7139433.702095165,1232815
296,2019-02-06,97.493482,99.23548,97.347505,98.583447,8078889.189992544,1232815
297,2019-02-07,97.211259,97.756242,95.6348,96.461908,8863308.825487249,1232815
298,2019-02-08,94.856156,96.384054,94.515542,96.199149,5739598.380462355,1232815
299,2019-02-11,96.47164,96.860913,95.839071,96.617618,3365832.559813046,1232815
300,2019-02-12,97.873024,99.026246,97.74651,98.768352,5601557.224437187,1232815
301,2019-02-13,99.118698,99.741535,98.709961,99.001916,3886482.595767763,1232815
302,2019-02-14,98.583447,99.955636,98.563984,99.293871,4284393.806673658,1232815
303,2019-02-15,100.004295,100.198931,99.118698,99.799926,4812687.222651792,1232815
304,2019-02-19,99.430117,100.315811,99.410653,99.683144,3402093.36191039,1232815
305,2019-02-20,100.169736,101.240237,100.169736,100.588205,4327000.735729584,1232815
306,2019-02-21,100.481154,100.802305,99.663681,99.965367,4527055.064896109,1232815
307,2019-02-22,100.8315,101.512729,100.636864,101.386215,4508714.456299046,1232815
308,2019-02-25,102.836258,103.420167,102.193957,102.310739,4790811.039872774,1232815
309,2019-02-26,101.931197,102.320471,101.338529,101.648974,3388246.912843267,1232815
310,2019-02-27,101.181846,101.181846,99.478776,100.607668,5677873.269516941,1232815
311,2019-02-28,100.052954,100.8315,99.809658,100.559009,4368649.079437526,1232815
312,2019-03-01,101.464069,101.989588,100.461691,101.483533,4308701.000822486,1232815
313,2019-03-04,102.164761,102.47618,100.228127,101.532192,4406746.278034003,1232815
314,2019-03-05,101.220774,101.639242,100.520082,101.055333,4037601.386215478,1232815
315,2019-03-06,100.919087,100.919087,99.293871,99.352262,4532283.97766232,1232815
316,2019-03-07,98.778084,98.972721,97.727046,98.272029,6216911.600040346,1232815
317,2019-03-08,96.763595,98.33042,96.384054,98.242833,4916909.292963466,1232815
318,2019-03-11,98.75862,100.812037,98.612643,100.335177,5814423.509041488,1232815
319,2019-03-12,100.646596,101.313226,99.936172,100.8315,4203584.575247059,1232815
320,2019-03-13,101.386215,101.99932,101.074796,101.240237,4336241.109210912,1232815
321,2019-03-14,101.113724,101.687902,100.631998,100.675791,4237480.542425011,1232815
322,2019-03-15,101.931197,104.247373,101.89227,103.371508,8206014.151247827,1232815
323,2019-03-18,103.459095,104.023541,102.47618,103.089285,4620420.304606656,1232815
324,2019-03-19,103.867832,104.607451,103.566145,104.276569,6642182.880462202,1232815
325,2019-03-20,104.393351,104.792356,102.777867,103.38124,5653538.826241469,1232815
326,2019-03-21,103.770513,107.630936,103.770513,106.94309,9060040.707569491,1232815
327,2019-03-22,106.329985,106.573281,103.799709,103.887295,8824514.827795181,1232815
328,2019-03-25,103.235263,104.081932,101.775488,102.573498,5673885.16519609,1232815
329,2019-03-26,103.712122,104.344691,102.802196,103.527218,4709106.479999328,1232815
330,2019-03-27,103.634268,103.935954,101.327824,102.018784,7725993.536301216,1232815
331,2019-03-28,102.184225,102.972503,101.20131,101.824147,6881409.775544515,1232815
332,2019-03-29,103.030894,103.692659,102.826526,103.478558,5441941.572392266,1232815
333,2019-04-01,105.045383,106.125616,104.597719,106.028298,5778107.235507763,1232815
334,2019-04-02,106.067225,106.368912,105.483316,106.115885,3350426.0982456,1232815
335,2019-04-03,107.828687,109.483098,107.595123,108.58777,8816847.118194403,1232815
336,2019-04-04,108.11091,109.376048,107.984396,108.704552,6440111.142740986,1232815
337,2019-04-05,109.337121,109.648539,108.704552,109.522025,4521204.288132576,1232815
338,2019-04-08,108.957579,109.867505,108.797004,109.745858,3809787.982464288,1232815
339,2019-04-09,109.142484,109.142484,108.096312,108.548842,5120034.987975917,1232815
340,2019-04-10,108.315278,109.745858,108.256887,109.424707,6075177.21417193,1232815
341,2019-04-11,109.434439,109.998885,108.996507,109.317657,4152721.160818243,1232815
342,2019-04-12,110.39789,110.855286,109.925896,110.855286,3788047.072135392,1232815
343,2019-04-15,110.826091,110.903945,109.405243,110.057276,4552426.921350211,1232815
344,2019-04-16,110.835823,112.762725,110.777529,112.743261,6738296.389231334,1232815
345,2019-04-17,114.971851,115.643347,113.750506,114.407405,8291153.074261411,1232815
346,2019-04-18,114.670164,114.855069,113.95974,114.572846,5636898.368510323,1232815
347,2019-04-22,113.930545,114.723689,113.667785,114.485259,4997896.616896339,1232815
348,2019-04-23,114.952387,115.696872,114.640969,115.409783,4816188.735425443,1232815
349,2019-04-24,115.302733,117.472931,115.293001,116.392698,6735617.216172451,1232815
350,2019-04-25,115.721202,116.013157,113.31744,114.095986,9721819.809507908,1232815
351,2019-04-26,111.624101,112.73353,110.446549,112.704334,10747892.485539263,1232815
352,2019-04-29,112.451307,112.694602,111.745749,112.110692,3614845.784092646,1232815
353,2019-04-30,112.266402,113.385562,112.120424,113.132535,5060217.315895526,1232815
354,2019-05-01,114.057059,114.718823,112.178815,112.266402,6995792.850544819,1232815
355,2019-05-02,112.276134,114.387941,112.071862,113.327171,6611595.73580521,1232815
356,2019-05-03,114.027863,114.417136,113.278512,114.339282,5998311.32064384,1232815
357,2019-05-06,110.592527,112.607016,110.154594,112.509698,6604518.748342733,1232815
358,2019-05-07,111.176437,111.439196,108.762943,109.940494,11259455.910941567,1232815
359,2019-05-08,109.220339,110.816359,108.996507,109.152216,8679835.58988311,1232815
360,2019-05-09,107.293436,108.125508,105.244886,107.614587,17930411.9227728,1232815
361,2019-05-10,106.855504,108.247156,105.084311,107.497805,13134254.214979392,1232815
362,2019-05-13,103.887295,104.636646,102.116199,102.515107,17165412.15592685,1232815
363,2019-05-14,104.013809,105.629293,103.507754,105.142702,10558365.077904863,1232815
364,2019-05-15,103.906759,106.806845,103.803115,106.115885,12509353.886403264,1232815
365,2019-05-16,104.587987,105.71688,103.96515,104.617183,11371352.50313568,1232815
366,2019-05-17,103.030894,105.152433,102.281543,102.602694,18968895.60280704,1232815
367,2019-05-20,99.361994,100.062686,97.882756,98.525056,18367040.249906305,1232815
368,2019-05-21,100.656327,103.838636,99.81939,100.773109,9634113.629491296,1232815
369,2019-05-22,99.196553,99.975099,98.768352,99.001916,10607024.232624864,1232815
370,2019-05-23,97.220991,97.668655,95.858535,97.357237,11872210.914499585,1232815
371,2019-05-24,98.155247,98.612643,96.763595,96.763595,9290000.953226928,1232815
372,2019-05-28,97.318309,97.629728,95.814742,95.907194,5904195.75676751,1232815
373,2019-05-29,95.109184,96.627349,94.992402,96.228344,13089516.988129824,1232815
374,2019-05-30,96.539763,97.824365,96.315931,96.967964,7418910.476778768,1232815
375,2019-05-31,95.946121,97.240455,95.30382,95.595775,13584857.45134848,1232815
376,2019-06-03,96.646813,97.386432,95.031329,95.488725,6551216.53707935,1232815
377,2019-06-04,97.006891,99.44958,96.403517,99.400921,6774939.652284778,1232815
378,2019-06-05,100.267054,100.51035,97.551873,98.641838,10276326.8853168,1232815
379,2019-06-06,98.80728,100.344909,98.447202,100.004295,4886478.830784672,1232815
380,2019-06-07,100.559009,101.561388,100.208663,101.298628,5521945.981399795,1232815
381,2019-06-10,102.563766,104.957797,102.378862,103.828904,8378331.789040858,1232815
382,2019-06-11,105.45412,105.882321,103.566145,104.208446,7886552.202764611,1232815
383,2019-06-12,103.215799,103.388928,101.853343,101.950661,3921505.50896903,1232815
384,2019-06-13,102.631889,102.875185,101.775488,102.456716,3482670.002577427,1232815
385,2019-06-14,99.838854,100.286518,99.245212,99.906976,5774318.633721264,1232815
386,2019-06-17,99.858317,100.169736,99.050575,99.293871,6011457.077882995,1232815
387,2019-06-18,100.169736,104.043005,100.169736,103.332581,13491636.242735904,1232815
388,2019-06-19,103.887295,104.364155,103.099017,103.575877,4591601.433632189,1232815
389,2019-06-20,105.853125,106.271594,104.227909,104.772892,5426410.543388736,1232815
390,2019-06-21,104.257105,105.113506,103.974882,104.276569,5098688.216800253,1232815
391,2019-06-24,104.529596,104.899406,104.081932,104.471205,5960184.926554531,1232815
392,2019-06-25,104.44201,104.792356,102.592962,102.661085,5992375.876951094,1232815
393,2019-06-26,104.909138,106.40784,104.899406,105.697416,7123499.775290554,1232815
394,2019-06-27,106.398108,107.643782,106.398108,107.118263,5082503.208757286,1232815
395,2019-06-28,108.509915,108.597502,107.157191,107.225313,5768530.140675773,1232815
396,2019-07-01,112.013374,112.850312,109.522025,110.251913,8877070.607625159,1232815
397,2019-07-02,109.950226,109.959958,108.470988,108.957579,4139227.004031293,1232815
398,2019-07-03,108.821334,108.928384,107.828687,108.558574,1957142.245204291,1232815
399,2019-07-05,107.293436,107.994128,106.660867,107.760564,3881423.990043072,1232815
400,2019-07-08,106.738722,107.273972,106.291058,107.059872,3754287.350590656,1232815
401,2019-07-09,106.339717,107.964932,106.164544,107.809223,3902614.078740538,1232815
402,2019-07-10,108.967311,110.329767,108.685088,108.879725,4487663.53278408,1232815
403,2019-07-11,109.49283,109.590148,108.616965,109.181411,3739465.772062944,1232815
404,2019-07-12,109.59988,111.24456,109.59988,111.186169,3454573.233459005,1232815
405,2019-07-15,111.828469,112.490234,111.439196,112.081497,2574871.187557786,1232815
406,2019-07-16,111.478123,111.546246,110.436818,110.923409,3607095.353928845,1232815
407,2019-07-17,111.701956,111.954983,110.991532,111.322414,2617345.763712874,1232815
408,2019-07-18,111.575442,113.599663,111.536514,113.327171,5095355.064701933,1232815
409,2019-07-19,113.74564,114.368477,113.26878,113.336903,4268932.846852925,1232815
410,2019-07-22,114.105718,115.779593,114.06679,115.60442,4903728.501132912,1232815
411,2019-07-23,116.392698,116.898753,115.643347,116.889021,4033157.832206448,1232815
412,2019-07-24,117.667568,120.246503,117.463199,120.003207,6700765.583195798,1232815
413,2019-07-25,119.283052,119.409566,117.614043,117.833009,5439689.626711824,1232815
414,2019-07-26,118.728338,118.825656,117.531322,117.589713,3832548.788676115,1232815
415,2019-07-29,117.395077,118.173623,116.392698,117.988718,4257453.179071382,1232815
416,2019-07-30,116.72358,117.803814,116.460821,117.463199,2737450.182125155,1232815
417,2019-07-31,116.937681,116.996072,112.675139,113.950009,5274059.70314351,1232815
418,2019-08-01,113.63859,116.694385,110.728772,111.653296,12717040.890579168,1232815
419,2019-08-02,110.748236,111.390537,109.200875,110.135131,7899186.065696112,1232815
420,2019-08-05,107.147459,107.3129,104.529596,105.385997,8746281.612019459,1232815
421,2019-08-06,107.371291,108.237424,105.911516,107.059872,8975291.057793668,1232815
422,2019-08-07,105.736343,107.877346,105.493047,107.643782,7093415.766293366,1232815
423,2019-08-08,108.558574,110.495209,108.071983,110.39789,5196737.386744147,1232815
424,2019-08-09,109.38578,109.658271,107.721637,108.490451,7896652.870101389,1232815
425,2019-08-12,107.478341,108.422329,106.62194,107.20585,3723586.343511619,1232815
426,2019-08-13,106.913895,111.127778,106.354314,110.281108,9544159.39652662,1232815
427,2019-08-14,107.536732,108.441792,106.096421,106.72899,7817163.274950797,1232815
428,2019-08-15,107.390754,107.536732,105.687684,106.612208,4668204.56772479,1232815
429,2019-08-16,107.780028,109.502562,107.059872,109.220339,5452538.563107187,1232815
430,2019-08-19,111.585174,112.081497,110.50494,111.020727,4546631.616023059,1232815
431,2019-08-20,110.845554,111.156973,109.940494,110.388158,5459787.803977373,1232815
432,2019-08-21,111.507319,112.052301,111.001264,111.517051,2499984.748443706,1232815
433,2019-08-22,111.67276,112.003642,110.232449,111.371073,3870462.05566775,1232815
434,2019-08-23,109.872371,110.986666,106.368912,106.758185,12363940.868438017,1232815
435,2019-08-26,108.383401,108.58777,107.470555,107.857882,3522321.374575661,1232815
436,2019-08-27,108.704552,109.074361,106.972286,107.604855,3929000.965162099,1232815
437,2019-08-28,107.118263,108.470988,106.339717,108.295815,3771541.886854368,1232815
438,2019-08-29,110.144863,111.371073,110.067008,110.641186,5467428.264451507,1232815
439,2019-08-30,111.760347,112.285865,110.855286,111.35161,3759336.224484403,1232815
440,2019-09-03,110.271376,110.524404,108.986775,109.590148,4250709.02022719,1232815
441,2019-09-04,111.400269,112.845446,111.380805,112.821116,4904772.726593203,1232815
442,2019-09-05,115.273538,117.541054,115.137292,116.246721,6954874.394157677,1232815
443,2019-09-06,116.431625,116.772239,115.701738,116.344039,2745806.905356768,1232815
444,2019-09-09,116.820899,117.6773,116.314843,116.791703,3269249.976792413,1232815
445,2019-09-10,116.159134,117.034999,115.409783,117.025267,3844521.860286518,1232815
446,2019-09-11,117.492395,118.58236,116.889021,118.514237,3303434.006166307,1232815
447,2019-09-12,119.38037,119.828034,117.920596,118.699142,4371692.222973715,1232815
448,2019-09-13,118.533701,119.195465,118.086037,118.640751,3446568.802507565,1232815
449,2019-09-16,117.648104,118.290405,116.83063,117.842741,2286663.014151226,1232815
450,2019-09-17,117.365881,118.416919,117.054463,118.319601,3206443.65942912,1232815
451,2019-09-18,118.290405,118.504505,116.859923,118.446114,2176077.29958527,1232815
452,2019-09-19,118.776997,119.078683,117.842741,117.969255,3106115.294678141,1232815
453,2019-09-20,118.241746,118.26121,115.361124,115.760129,4970288.385691306,1232815
454,2019-09-23,115.633615,117.365881,115.633615,116.752776,4603005.193132368,1232815
455,2019-09-24,117.618909,117.842741,114.494991,115.02051,5413441.905472762,1232815
456,2019-09-25,114.456064,117.288027,113.541272,116.98634,5078747.695195997,1232815
457,2019-09-26,117.073926,117.735691,116.149402,117.395077,4761572.726984621,1232815
458,2019-09-27,116.480285,116.996072,113.726176,114.611773,6689827.978397837,1232815
459,2019-09-30,115.409783,116.061816,114.786946,115.935302,2534714.733533558,1232815
460,2019-10-01,116.743044,118.066573,114.69936,115.147024,4656576.002929805,1232815
461,2019-10-02,114.076522,114.387941,112.616748,113.26878,4852100.164791898,1232815
462,2019-10-03,113.259049,115.147024,111.993911,115.010778,5437145.726103062,1232815
463,2019-10-04,115.730934,117.09339,115.34166,117.034999,3502723.413420634,1232815
464,2019-10-07,116.87929,117.550786,116.412162,116.451089,5587059.71587991,1232815
465,2019-10-08,115.215147,115.565492,113.200658,113.395294,5959942.603964026,1232815
466,2019-10-09,115.010778,116.149402,114.738287,115.39032,3155412.857508067,1232815
467,2019-10-10,115.701738,117.589713,115.584956,116.490016,4568271.315310138,1232815
468,2019-10-11,118.825656,120.557922,118.543433,119.146806,8354371.048073635,1232815
469,2019-10-14,119.146806,119.575007,118.776997,119.321979,2148651.05361889,1232815
470,2019-10-15,119.866962,122.017599,119.866962,121.696546,3727682.471155949,1232815
471,2019-10-16,120.917999,121.570227,119.696655,119.925353,3387055.736735722,1232815
472,2019-10-17,121.258614,121.754937,119.27332,120.003207,3256812.696845981,1232815
473,2019-10-18,119.808571,120.17838,117.764886,118.825656,3503027.046546086,1232815
474,2019-10-21,119.701521,121.102904,119.545811,121.054245,4989507.778622611,1232815
475,2019-10-22,121.472714,121.638155,120.110258,120.139453,3501056.350779926,1232815
476,2019-10-23,118.027646,118.932706,117.385345,118.047109,5654905.175306006,1232815
477,2019-10-24,119.808571,121.219686,119.604202,121.171027,4689749.868251712,1232815
478,2019-10-25,121.706278,123.730499,121.706278,123.623448,4448994.102528096,1232815
479,2019-10-28,124.664754,125.657401,124.392263,125.501692,4723488.179768371,1232815
480,2019-10-29,125.715792,126.672139,124.509045,124.645291,3475748.724410054,1232815
481,2019-10-30,125.307055,125.307055,123.798621,124.781536,3294511.863556848,1232815
482,2019-10-31,124.43119,124.567436,122.74953,124.071113,3816018.300634637,1232815
483,2019-11-01,125.054028,126.650048,124.791268,126.630584,4255428.95823503,1232815
484,2019-11-04,128.693732,129.511206,128.285093,129.326301,3773534.965831699,1232815
485,2019-11-05,129.598793,130.425998,129.044078,129.394424,2629301.318027578,1232815
486,2019-11-06,128.975956,129.112201,127.45779,128.606146,4141881.847512816,1232815
487,2019-11-07,130.260557,130.679026,128.781319,129.365229,3821456.447766144,1232815
488,2019-11-08,128.771587,129.63772,127.900588,129.63772,3281152.979220019,1232815
489,2019-11-11,128.538023,129.355497,128.070895,129.112201,2503615.694568912,1232815
490,2019-11-12,129.676647,130.367607,128.898101,129.384692,2291892.900100531,1232815
491,2019-11-13,128.635341,129.939407,128.265532,129.608525,2787536.99644464,1232815
492,2019-11-14,129.306838,129.491743,128.440705,129.374961,2542604.328879859,1232815
493,2019-11-15,131.136422,131.632745,130.134043,130.688758,3982460.832086774,1232815
494,2019-11-18,130.630367,131.574354,130.026993,130.766612,1913183.564830243,1232815
495,2019-11-19,131.438109,131.623014,129.756448,130.318948,3229153.860120038,1232815
496,2019-11-20,129.666915,130.399625,128.031968,129.044078,4810366.180971648,1232815
497,2019-11-21,128.460168,128.761855,127.097712,127.632963,3974324.048234496,1232815
498,2019-11-22,128.139018,128.635341,127.156103,127.409131,3114971.260837181,1232815
499,2019-11-25,128.518559,130.367607,128.518559,130.348144,3213101.20497791,1232815
500,2019-11-26,130.056189,130.262504,129.297106,129.929675,3452388.437412077,1232815
501,2019-11-27,130.455194,130.80554,130.172971,130.80554,2235064.846486138,1232815
502,2019-11-29,130.085384,130.153507,129.26791,129.345765,1595225.184227875,1232815
503,2019-12-02,129.618256,129.764234,127.438326,127.662158,4427256.111748483,1232815
504,2019-12-03,125.200005,125.959088,124.489581,125.871501,6651242.241887971,1232815
505,2019-12-04,127.486985,128.187677,127.360472,127.720549,3151001.418541152,1232815
506,2019-12-05,128.323923,128.83971,127.944381,128.489364,2374413.960590179,1232815
507,2019-12-06,129.754502,130.679026,129.754502,130.396803,3285746.403425587,1232815
508,2019-12-09,130.464926,130.795808,129.501474,129.520938,1939678.474575283,1232815
509,2019-12-10,130.00753,130.844467,129.666915,130.036725,2470544.986655011,1232815
510,2019-12-11,130.980713,132.87842,130.474657,132.820029,4678358.76013176,1232815
511,2019-12-12,133.004934,136.703029,132.868688,136.634906,5866898.51467463,1232815
512,2019-12-13,136.625175,138.123877,135.671455,136.109388,4874390.92356913,1232815
513,2019-12-16,137.783263,138.289318,137.150693,137.218816,3455181.472893005,1232815
514,2019-12-17,138.191999,138.279586,137.199353,137.997363,2714935.591236211,1232815
515,2019-12-18,138.386636,138.386636,137.306403,137.520503,2356569.675371261,1232815
516,2019-12-19,138.123877,138.425563,137.364794,138.318513,2289055.098197261,1232815
517,2019-12-20,139.067864,140.10917,138.600736,139.651774,3181069.856608829,1232815
518,2019-12-23,141.382582,141.669042,139.891017,140.345401,2692996.907789945,1232815
519,2019-12-24,140.691128,140.691128,139.703337,140.631861,1163180.669837924,1232815
520,2019-12-26,140.780029,141.234413,140.335523,141.007221,1555646.982889432,1232815
521,2019-12-27,141.520873,141.649286,140.226866,140.523204,1821742.179609097,1232815
522,2019-12-30,140.760274,140.760274,138.537743,139.505778,2918971.969275277,1232815
523,2019-12-31,139.031639,139.950285,138.69579,139.683581,2818466.170579613,1232815
524,2020-01-02,142.034524,143.170485,141.560385,142.913659,2568404.803757617,1232815
525,2020-01-03,140.809663,141.679512,140.147843,140.572593,4920993.980511021,1232815
526,2020-01-06,138.794569,139.406999,138.063603,139.07115,3217662.306394355,1232815
527,2020-01-07,140.503448,141.896234,139.673703,141.39246,3233942.096348981,1232815
528,2020-01-08,141.382582,142.350618,140.780029,141.62953,3019487.645884874,1232815
529,2020-01-09,143.437188,143.437188,141.096123,142.439519,3163421.693191368,1232815
530,2020-01-10,143.249508,143.249508,140.997343,141.254169,2224444.974870409,1232815
531,2020-01-13,142.439519,143.284081,141.925867,143.229752,3562373.84453194,1232815
532,2020-01-14,143.407554,144.484247,142.656833,143.526089,2990046.523404587,1232815
533,2020-01-15,142.943293,143.150729,140.997343,141.402338,3645189.287163203,1232815
534,2020-01-16,142.716101,143.684136,142.548176,143.684136,3081233.498094914,1232815
535,2020-01-17,144.306445,144.316323,143.249508,144.276811,2912234.244180895,1232815
536,2020-01-21,143.703892,145.03741,143.575578,144.395346,2990331.007325886,1232815
537,2020-01-22,145.442405,146.795679,145.165823,145.590573,3493659.124041463,1232815
538,2020-01-23,145.995568,146.489464,144.784042,146.489464,4316611.840876444,1232815
539,2020-01-24,148.474924,148.899675,144.760829,145.847399,4938578.642896328,1232815
540,2020-01-27,141.115878,141.748065,139.525633,139.97004,6708410.409199468,1232815
541,2020-01-28,141.501117,143.802671,140.671372,143.4767,3664443.317003356,1232815
542,2020-01-29,142.893903,143.368043,141.066489,141.293681,2903027.040603014,1232815
543,2020-01-30,139.861383,141.194902,138.261161,140.96771,5104041.603621975,1232815
544,2020-01-31,139.713215,139.836689,135.287909,135.890462,6027888.321170226,1232815
545,2020-02-03,136.483137,137.930251,136.305334,137.74751,3796752.047400925,1232815
546,2020-02-04,141.451728,142.311106,140.73064,142.182693,5341757.553609259,1232815
547,2020-02-05,144.711439,145.313992,143.091461,145.007777,5330595.510863839,1232815
548,2020-02-06,145.205335,145.244846,143.417432,145.106556,2677848.138980763,1232815
549,2020-02-07,143.674258,143.792694,141.708553,141.787577,5172265.391789933,1232815
550,2020-02-10,140.839297,144.049619,140.760274,144.019985,4049167.321113394,1232815
551,2020-02-11,145.32387,147.669874,145.32387,147.062383,5350973.647309681,1232815
552,2020-02-12,148.158831,149.314547,148.158831,149.136745,3673755.226468937,1232815
553,2020-02-13,148.119319,150.470263,147.911883,149.492349,3934190.378504421,1232815
554,2020-02-14,150.144292,150.756722,147.961273,148.850285,3689270.465885071,1232815
555,2020-02-18,145.867155,146.845069,145.313992,146.617877,5837494.493466556,1232815
556,2020-02-19,148.899675,150.657943,148.662605,150.39124,4017318.951007391,1232815
557,2020-02-20,149.749175,149.946734,145.738742,148.02054,3830646.133482659,1232815
558,2020-02-21,147.042627,147.131528,143.19024,143.674258,6996052.299583368,1232815
559,2020-02-24,137.075812,139.011883,135.860828,137.164713,9743661.23014022,1232815
560,2020-02-25,138.784691,139.219319,132.571483,133.213547,12672662.245432686,1232815
561,2020-02-26,134.359385,136.56216,132.946844,134.013658,9430315.032117264,1232815
562,2020-02-27,130.388464,132.413436,127.523869,127.839962,12822737.391831947,1232815
563,2020-02-28,123.078808,131.060162,122.792348,130.35883,9531762.196010837,1232815
564,2020-03-02,132.047953,134.892793,128.422759,134.873037,6955554.828036755,1232815
565,2020-03-03,135.37681,137.214102,129.50933,130.447731,7310127.487654652,1232815
566,2020-03-04,133.035745,137.135079,131.619548,137.135079,5335584.845191902,1232815
567,2020-03-05,133.361716,136.097898,131.662715,132.828309,5603727.733470086,1232815
568,2020-03-06,128.916655,131.109552,127.079363,130.269929,7319175.656818196,1232815
569,2020-03-09,119.18691,125.449507,119.009107,119.433857,7000640.590605711,1232815
570,2020-03-10,123.997454,126.792903,119.749951,126.792903,6200727.120230391,1232815
571,2020-03-11,122.614546,125.449507,118.722648,119.947509,7192537.836810136,1232815
572,2020-03-12,111.56116,116.193902,107.264267,107.284023,6803924.897984281,1232815
573,2020-03-13,113.912103,118.693014,107.768041,117.685467,5729203.910799508,1232815
574,2020-03-16,103.915655,111.067264,100.043512,100.725088,6467983.959628695,1232815
575,2020-03-17,102.503113,110.059717,99.273035,108.884245,9480680.539683944,1232815
576,2020-03-18,100.754722,105.071371,94.827974,99.836076,7171566.03773686,1232815
577,2020-03-19,99.065599,104.854056,95.855277,101.604223,5083487.640308108,1232815
578,2020-03-20,105.841848,107.886576,99.569372,99.826198,6782658.737075773,1232815
579,2020-03-23,101.199228,105.002225,98.704067,103.530416,6496548.911143036,1232815
580,2020-03-24,110.13874,114.662825,110.039961,114.218319,7718887.419740293,1232815
581,2020-03-25,115.314767,118.920206,111.333968,113.35894,4841000.657890702,1232815
582,2020-03-26,115.374035,120.51055,114.78136,120.233968,4550148.445478252,1232815
583,2020-03-27,116.095122,117.616321,113.546621,113.586132,6208962.337077167,1232815
584,2020-03-30,115.690128,118.446066,114.425755,118.041072,4516928.033126817,1232815
585,2020-03-31,118.278141,119.858608,114.939407,115.709884,5050830.26905091,1232815
586,2020-04-01,112.055056,114.771482,108.834856,109.970816,6389170.059932096,1232815
587,2020-04-02,108.992902,113.299673,108.894123,112.93419,4862952.34602623,1232815
588,2020-04-03,112.608219,114.050394,109.457164,110.672148,3544984.764842527,1232815
589,2020-04-06,115.798785,122.298452,115.788907,121.676144,8579437.452590864,1232815
590,2020-04-07,126.140961,126.318763,121.300783,121.300783,5829379.787169775,1232815
591,2020-04-08,123.464046,125.933525,121.873702,125.321094,4697723.491860819,1232815
592,2020-04-09,126.624979,128.057276,121.389684,122.35772,10280448.804724434,1232815
593,2020-04-13,121.824313,124.1555,121.251394,123.957942,5413921.641645489,1232815
594,2020-04-14,127.049729,129.499452,126.615101,129.380917,7579543.639038928,1232815
595,2020-04-15,126.486688,126.565711,124.451838,125.894013,5939949.204581398,1232815
596,2020-04-16,128.067154,129.825423,126.832415,129.232748,4598152.143823312,1232815
597,2020-04-17,131.73186,132.313966,129.262382,130.497121,5035348.614542152,1232815
598,2020-04-20,128.422759,130.506999,127.691793,127.731305,3082512.687949367,1232815
599,2020-04-21,125.558164,126.259595,121.281027,122.011993,6305710.577312336,1232815
600,2020-04-22,125.597676,129.637742,125.498897,128.906777,5941825.020437464,1232815
601,2020-04-23,128.867265,130.309441,127.42509,127.721427,4220080.914747823,1232815
602,2020-04-24,127.711549,130.615656,126.751416,130.299563,3945227.959534273,1232815
603,2020-04-27,131.593569,133.025867,130.892238,131.909663,4397461.578634841,1232815
604,2020-04-28,134.132193,134.794014,130.88236,131.030528,4501151.028991432,1232815
605,2020-04-29,133.39135,137.658609,132.887576,137.184469,4825848.92570734,1232815
606,2020-04-30,136.413991,136.413991,131.870151,132.097343,6784347.860358487,1232815
607,2020-05-01,129.262382,129.499452,125.380362,125.874257,5942121.357855484,1232815
608,2020-05-04,125.350728,127.42509,124.570373,127.267043,3761406.895762286,1232815
609,2020-05-05,129.074701,131.208331,128.195567,128.926533,4775426.126239843,1232815
610,2020-05-06,130.497121,132.400002,130.131638,130.437853,3285837.692784037,1232815
611,2020-05-07,132.857942,133.269555,131.092957,131.623203,3085256.772440233,1232815
612,2020-05-08,133.075257,135.139741,132.541849,134.981694,2979806.090029209,1232815
613,2020-05-11,133.677809,136.018875,133.588908,135.050839,2687638.13948075,1232815
614,2020-05-12,135.920096,136.226311,131.292293,131.336744,3532961.368002062,1232815
615,2020-05-13,132.294901,132.749285,127.197898,129.005556,6780446.084354557,1232815
616,2020-05-14,128.027642,132.749285,125.854501,132.620872,5625282.329465467,1232815
617,2020-05-15,128.165933,130.240295,127.286799,129.598231,7388203.507180381,1232815
618,2020-05-18,132.91721,135.890462,132.788797,135.179252,4188667.172854916,1232815
619,2020-05-19,135.119985,137.569707,134.468042,134.675479,3946223.65325882,1232815
620,2020-05-20,137.658609,140.277145,137.619097,139.555168,4469113.002937897,1232815
621,2020-05-21,139.219319,139.565046,135.821317,136.018875,4379062.976141372,1232815
622,2020-05-22,136.08802,136.463381,134.428531,136.305334,2454137.095369105,1232815
623,2020-05-26,139.54529,140.404669,137.27337,137.480806,4606656.039929093,1232815
624,2020-05-27,137.530196,139.574924,133.993903,139.555168,6429881.882211077,1232815
625,2020-05-28,138.784691,140.276256,135.870706,136.572038,5129474.268627845,1232815
626,2020-05-29,137.075812,140.157721,136.591794,139.30822,5939691.39102772,1232815
627,2020-06-01,139.179807,139.826811,138.073481,139.100784,3128859.860127695,1232815
628,2020-06-02,139.762604,141.965379,138.952615,141.836966,3731781.056291434,1232815
629,2020-06-03,143.990351,146.331417,143.980474,145.74862,4438891.525256824,1232815
630,2020-06-04,145.096678,148.346511,144.908997,147.35872,3102424.586857525,1232815
631,2020-06-05,150.470263,152.880474,150.292461,150.835746,4836982.322502351,1232815
632,2020-06-08,151.517322,151.565032,147.635302,150.381362,2747256.289029407,1232815
633,2020-06-09,148.73175,151.216045,148.237854,150.657943,2828044.783721413,1232815
634,2020-06-10,151.576589,152.840962,150.796234,151.428421,3463830.787334963,1232815
635,2020-06-11,147.64518,148.267488,142.034524,142.133304,4614397.361079169,1232815
636,2020-06-12,146.193126,146.93397,141.106001,144.13852,4638583.433346568,1232815
637,2020-06-15,140.977588,146.212882,140.592349,146.005446,4209741.702233105,1232815
638,2020-06-16,149.956611,150.756722,145.975812,148.287244,3844319.141950102,1232815
639,2020-06-17,149.68003,151.141961,148.879919,149.857832,4653447.718234451,1232815
640,2020-06-18,149.571373,150.490019,148.884858,149.650396,2849787.060081541,1232815
641,2020-06-19,151.230862,152.070485,148.573703,148.949064,3308165.72944045,1232815
642,2020-06-22,148.978698,150.440629,147.694569,150.312216,2783603.061140954,1232815
643,2020-06-23,151.329641,152.218654,150.490019,150.806112,2345650.930006163,1232815
644,2020-06-24,149.996123,150.835746,146.519097,147.64518,4416342.223328288,1232815
645,2020-06-25,147.852616,148.939186,145.304114,148.652727,2289445.599721703,1232815
646,2020-06-26,148.652727,148.978698,145.556001,145.867155,3900718.079347669,1232815
647,2020-06-29,146.331417,147.348842,144.069375,147.348842,3353412.502006531,1232815
648,2020-06-30,148.25761,151.485713,148.040296,150.934525,4379207.193684809,1232815
649,2020-07-01,151.033304,151.092572,149.196012,149.20589,2991782.072882791,1232815
650,2020-07-02,151.260496,152.623648,150.756722,151.487688,3431276.146382679,1232815
651,2020-07-06,154.266345,156.169819,153.947289,155.666046,3420891.495463865,1232815
652,2020-07-07,155.231417,156.140186,153.423759,153.729975,2939928.951477651,1232815
653,2020-07-08,155.12276,156.080918,153.84851,155.932749,2559269.708951453,1232815
654,2020-07-09,156.564936,159.271484,154.969653,158.639298,5844790.320698209,1232815
655,2020-07-10,158.609664,159.064048,156.456279,158.016989,2347171.140960605,1232815
656,2020-07-13,160.417322,162.05103,155.438854,155.745069,4690365.433771382,1232815
657,2020-07-14,154.718754,158.738077,152.919986,158.362716,3855669.852851662,1232815
658,2020-07-15,159.34063,159.399897,155.369708,157.641628,3139832.246925583,1232815
659,2020-07-16,156.159941,157.997233,155.182028,157.523094,3364037.186233941,1232815
660,2020-07-17,158.560274,158.8171,157.473704,158.254059,2459022.711600861,1232815
661,2020-07-20,158.491129,161.839742,157.374925,161.414992,2215405.695829406,1232815
662,2020-07-21,163.064603,163.153504,160.160497,160.605003,3010933.37241803,1232815
663,2020-07-22,161.128532,162.926312,160.496346,161.780474,2335606.079326678,1232815
664,2020-07-23,161.819986,163.034969,157.720652,159.113438,3672606.425078413,1232815
665,2020-07-24,156.614325,159.903671,155.310441,157.513216,2983571.55082085,1232815
666,2020-07-27,161.08902,163.983249,160.852938,163.864714,2758274.114231391,1232815
667,2020-07-28,161.61255,161.819986,159.360385,159.607333,2811926.991555305,1232815
668,2020-07-29,161.029753,164.240075,160.743293,163.627644,3166840.439203925,1232815
669,2020-07-30,162.205225,165.356279,161.859498,165.168599,3234962.484858363,1232815
670,2020-07-31,165.49457,165.49457,161.829864,164.190685,5114281.049205959,1232815
671,2020-08-03,165.282195,167.381252,165.109331,167.114548,1989341.733118669,1232815
672,2020-08-04,167.193571,169.702561,167.05528,169.544515,2961888.541944326,1232815
673,2020-08-05,169.544515,170.976812,168.754282,169.692683,2161889.133717781,1232815
674,2020-08-06,169.623538,169.653172,167.667711,169.396346,2192412.875565234,1232815
675,2020-08-07,169.13952,169.932025,165.692128,167.450397,2723941.448770987,1232815
676,2020-08-10,167.993682,168.359165,165.099453,167.568932,2259706.164240609,1232815
677,2020-08-11,167.598566,168.42831,164.704337,165.198233,3217570.441794769,1232815
678,2020-08-12,166.660164,170.887911,165.978588,170.394015,2835116.382306764,1232815
679,2020-08-13,170.305114,170.492795,168.00356,168.774037,2247295.553173931,1232815
680,2020-08-14,169.258055,170.74962,168.201118,168.596235,1611631.04790177,1232815
681,2020-08-17,170.552062,171.98436,170.13719,171.055836,1383778.194977585,1232815
682,2020-08-18,171.767045,172.201674,169.544515,169.998899,1492463.894201994,1232815
683,2020-08-19,170.32487,170.482917,168.556723,168.961718,2329588.454158085,1232815
684,2020-08-20,167.114548,168.136912,166.176146,167.608444,2871903.709379767,1232815
685,2020-08-21,167.549176,168.862939,166.956501,168.823427,2056134.21155759,1232815
686,2020-08-24,170.710109,171.27315,169.119764,170.32487,1281818.367350837,1232815
687,2020-08-25,170.719987,172.330086,170.685414,172.251063,1283575.648239696,1232815
688,2020-08-26,172.685691,173.78214,172.221429,173.209221,1400650.659768251,1232815
689,2020-08-27,173.801896,174.236524,169.742073,170.779254,3083517.271796455,1232815
690,2020-08-28,171.283028,173.653727,170.739742,173.49568,1339248.558963113,1232815
691,2020-08-31,172.962273,174.483472,171.776923,173.228977,1713281.696822384,1232815
692,2020-09-01,174.542739,176.71588,173.73275,176.626979,1811697.328929613,1232815
693,2020-09-02,179.580475,182.356169,177.19002,181.30911,3914084.872483157,1232815
694,2020-09-03,178.61244,178.61244,170.265602,171.678144,6815917.673291551,1232815
695,2020-09-04,170.285358,172.586912,163.474635,169.317323,4865541.347268332,1232815
696,2020-09-08,162.788022,166.561385,161.577977,161.810108,3947902.8986276,1232815
697,2020-09-09,165.78103,167.70179,163.963493,166.44285,2307623.924734443,1232815
698,2020-09-10,168.399665,169.218544,163.380696,164.348732,2883367.028500174,1232815
699,2020-09-11,165.751396,167.302228,162.46205,164.032639,2360738.455748954,1232815
700,2020-09-14,167.875147,168.922206,166.472484,167.726979,2247070.336736236,1232815
701,2020-09-15,170.077922,172.349842,169.67678,171.253394,3801140.804561801,1232815
702,2020-09-16,172.349842,172.606668,168.882695,169.149398,1911695.402849068,1232815
703,2020-09-17,164.487023,169.034913,164.180807,168.76416,2160280.021537932,1232815
704,2020-09-18,169.742073,170.077922,164.211725,166.215658,2720993.879253082,1232815
705,2020-09-21,163.41033,166.304559,162.027422,166.294681,3956960.945705078,1232815
706,2020-09-22,167.282472,167.954171,164.328976,167.657833,1587500.291952401,1232815
707,2020-09-23,167.825758,168.566601,163.232528,163.825203,2396461.931491265,1232815
708,2020-09-24,162.294126,167.539298,162.096568,165.2575,3154098.918020459,1232815
709,2020-09-25,164.822872,167.687467,162.906557,167.173815,2507373.124725004,1232815
710,2020-09-28,169.758865,171.559609,168.378921,171.421318,1935421.164327143,1232815
711,2020-09-29,171.016324,173.426535,171.016324,172.330086,3176436.832590806,1232815
712,2020-09-30,172.004115,174.038966,171.328664,172.073261,2855808.636415707,1232815
713,2020-10-01,175.362606,176.893683,174.490683,176.320764,2333585.058135782,1232815
714,2020-10-02,172.399232,174.789687,170.966934,171.03608,3101354.808778472,1232815
715,2020-10-05,172.656058,176.864049,172.517767,176.864049,1892723.881347428,1232815
716,2020-10-06,176.439299,179.392795,174.621763,175.313217,5186003.59448934,1232815
717,2020-10-07,177.960497,179.550842,177.920986,179.066824,1712638.64462528,1232815
718,2020-10-08,181.002895,181.496791,180.133639,181.259721,1863580.084076554,1232815
719,2020-10-09,183.995903,184.81577,183.136524,184.371264,2622653.319291751,1232815
720,2020-10-12,186.929643,188.391575,185.813439,187.621097,2275173.001878466,1232815
721,2020-10-13,187.74951,188.618767,186.277701,187.058056,1572146.062533392,1232815
722,2020-10-14,187.858167,188.213772,184.914549,186.070265,2120903.693222828,1232815
723,2020-10-15,182.652507,185.606003,182.148733,185.349177,1311907.480985195,1232815
724,2020-10-16,186.712329,186.712329,184.045292,184.193461,1712335.392667507,1232815
725,2020-10-19,185.556613,186.781475,182.563605,183.284693,2290993.468835161,1232815
726,2020-10-20,184.568822,184.884915,182.830309,183.432862,2466800.581032493,1232815
727,2020-10-21,183.729199,184.430531,182.06971,182.25739,2415478.891397002,1232815
728,2020-10-22,182.336413,183.027867,180.104005,182.188245,1554368.780826372,1232815
729,2020-10-23,181.980808,181.980808,180.024981,181.753616,1645699.973060136,1232815
730,2020-10-26,180.341075,181.012773,175.698455,177.861718,3193161.128672462,1232815
731,2020-10-27,179.303894,179.718766,176.518322,177.249288,1853149.994753644,1232815
732,2020-10-28,174.20689,174.434082,171.154615,171.529975,4522280.874687652,1232815
733,2020-10-29,171.74729,177.318433,171.243516,175.767601,2269066.475484467,1232815
734,2020-10-30,173.643849,174.839077,170.947179,172.814104,2394129.756011448,1232815
735,2020-11-02,174.355059,175.688577,172.478255,174.157501,1915587.300939064,1232815
736,2020-11-03,175.658943,179.052007,175.540409,177.782695,2909131.591414226,1232815
737,2020-11-04,181.654837,184.954061,179.399018,184.302118,3863507.977558291,1232815
738,2020-11-05,189.067224,191.898234,188.678034,191.621652,2985843.47102567,1232815
739,2020-11-06,191.325315,195.172762,190.248622,194.594904,3113324.864883694,1232815
740,2020-11-09,199.356059,200.412996,192.273595,192.471153,5324806.065507121,1232815
741,2020-11-10,191.335193,191.384582,186.070265,186.514771,3409454.84671108,1232815
742,2020-11-11,189.655948,193.557724,189.488023,193.073706,2654879.025710033,1232815
743,2020-11-12,193.300898,194.278811,190.120209,190.989466,3163670.616622505,1232815
744,2020-11-13,193.449066,195.315992,192.500787,193.804671,2407765.228405942,1232815
745,2020-11-16,195.32587,199.840077,195.009777,199.25728,2357564.68200196,1232815
746,2020-11-17,198.793018,198.793018,196.067701,196.965604,1694173.860108454,1232815
747,2020-11-18,198.012663,198.901675,195.898789,195.98769,3785824.111215741,1232815
748,2020-11-19,194.960387,198.73375,194.268933,198.54607,2170581.697979701,1232815
749,2020-11-20,198.951065,200.15617,197.321209,197.538523,1767807.781738064,1232815
750,2020-11-23,199.049844,201.460055,198.338634,200.58092,2489186.897381117,1232815
751,2020-11-24,201.894683,201.983584,198.318878,201.213107,1931077.845570363,1232815
752,2020-11-25,201.410665,202.497236,200.373484,201.203229,1775872.110673781,1232815
753,2020-11-27,202.596015,205.03586,202.596015,203.899899,1819784.377067378,1232815
754,2020-11-30,204.235748,207.979478,201.489688,206.063163,4214177.873380864,1232815
755,2020-12-01,208.058501,211.387358,207.189245,209.806892,3327921.55730845,1232815
756,2020-12-02,209.727869,211.337969,208.819101,210.646515,2622086.32703194,1232815
757,2020-12-03,211.999789,213.027092,210.320543,210.567491,2274447.962995711,1232815
758,2020-12-04,211.841742,216.711554,211.456504,216.711554,2650727.338483573,1232815
759,2020-12-07,218.124095,218.203119,216.0201,217.946293,2049993.112464822,1232815
760,2020-12-08,217.837636,219.082253,216.454728,218.232753,1840268.207192314,1232815
761,2020-12-09,217.10667,217.936415,210.073596,211.476259,3543782.622716759,1232815
762,2020-12-10,209.5797,213.056726,208.779589,211.634306,2093824.37996416,1232815
763,2020-12-11,210.221764,211.575039,207.844842,209.915549,2050478.118038981,1232815
764,2020-12-14,211.782475,213.298735,210.932974,212.059056,2146723.57245491,1232815
765,2020-12-15,214.735971,215.950954,213.758058,215.387913,2483996.0536088,1232815
766,2020-12-16,216.286803,216.286803,213.619767,215.299012,1252666.667748817,1232815
767,2020-12-17,216.652286,216.721432,214.429756,215.249623,1111680.189960228,1232815
768,2020-12-18,215.526204,215.881809,213.140688,214.508779,3368921.814674304,1232815
769,2020-12-21,211.22855,213.546135,209.676861,213.426775,2119028.377543557,1232815
770,2020-12-22,213.764963,213.77491,211.218603,213.048799,1837113.461040304,1232815
771,2020-12-23,213.357148,214.083258,211.337964,211.457324,1322947.601857588,1232815
772,2020-12-24,212.064074,213.764963,212.064074,213.725176,568404.329614068,1232815
773,2020-12-28,216.124325,216.331217,213.098533,213.297467,1216351.585779599,1232815
774,2020-12-29,214.530861,214.640275,210.792883,212.760345,2236987.526747181,1232815
775,2020-12-30,214.003685,216.937967,214.003685,216.689299,1048805.052497518,1232815
776,2020-12-31,216.798713,217.375623,215.117717,217.256262,1423920.73702178,1232815
777,2021-01-04,219.374913,223.801204,215.406172,217.693918,4625517.314018086,1232815
778,2021-01-05,217.286102,221.712393,217.286102,221.503512,2307148.706831471,1232815
779,2021-01-06,219.653422,225.004757,218.768163,220.827135,3824145.877872099,1232815
780,2021-01-07,224.596942,230.42572,224.596942,229.93833,2608358.271126309,1232815
781,2021-01-08,233.867285,234.667996,226.645966,229.112752,3346110.485045788,1232815
782,2021-01-11,228.217548,234.096059,227.759203,232.544371,3116801.782193498,1232815
783,2021-01-12,234.563555,235.4886,231.301031,233.628563,3170586.682184961,1232815
784,2021-01-13,235.239932,235.369239,231.261244,232.36533,2202224.734414563,1232815
785,2021-01-14,235.796948,241.575993,235.51844,238.144374,3285250.48299527,1232815
786,2021-01-15,237.527678,237.9156,231.470125,233.509203,3808049.100616133,1232815
787,2021-01-19,237.97528,241.7053,236.7021,241.526259,3055874.142445804,1232815
788,2021-01-20,244.76889,245.475107,240.004411,240.521641,3138113.624836168,1232815
789,2021-01-21,243.625017,244.82857,240.591268,244.241714,3589699.694050454,1232815
790,2021-01-22,241.7053,242.97848,239.507075,239.646329,2739675.865522272,1232815
791,2021-01-25,241.874394,242.391624,235.707428,240.591268,3505456.942217248,1232815
792,2021-01-26,240.173505,240.312759,236.373858,236.433539,2682130.110633398,1232815
793,2021-01-27,231.639219,231.639219,223.731577,224.885396,5760936.416438054,1232815
794,2021-01-28,229.927389,233.121281,227.561064,229.590195,3955620.630446796,1232815
795,2021-01-29,229.769236,230.584867,224.368167,225.402626,4020303.157059797,1232815
796,2021-02-01,228.913818,234.583548,228.267281,234.235313,2704433.641277316,1232815
797,2021-02-02,237.896502,237.896502,234.547143,237.438157,4315577.513427406,1232815
798,2021-02-03,238.542243,238.542243,232.763199,232.97208,3222624.938114045,1232815
799,2021-02-04,232.444904,235.667641,231.102096,235.667641,2932161.810294116,1232815
800,2021-02-05,237.169596,237.219329,233.628563,233.956805,2447182.612115034,1232815
801,2021-02-08,236.254498,241.799794,235.926256,241.774927,4460672.309934992,1232815
802,2021-02-09,240.760362,242.928747,239.944731,241.058763,1599510.188235749,1232815
803,2021-02-10,243.197308,244.579902,238.711337,241.67546,3720651.249144051,1232815
804,2021-02-11,244.380968,250.652375,244.241714,250.627508,5142427.473296533,1232815
805,2021-02-12,249.732303,253.681052,248.220402,253.203709,3382278.748938851,1232815
806,2021-02-16,256.605487,257.212237,253.303176,254.755397,3455360.286065934,1232815
807,2021-02-17,252.119516,253.124135,246.698554,249.821824,3649446.658113614,1232815
808,2021-02-18,246.917382,248.270136,243.993046,247.16605,3016512.981377208,1232815
809,2021-02-19,250.952766,254.447049,249.861611,252.507438,4306352.925138966,1232815
810,2021-02-22,249.19518,250.518094,242.37173,243.276882,3358481.220924948,1232815
811,2021-02-23,238.671551,242.580612,231.639219,240.939403,4720887.461708828,1232815
812,2021-02-24,238.691444,248.717738,237.169596,248.687898,4620741.893663029,1232815
813,2021-02-25,245.723775,246.967115,233.976699,234.82217,6123146.231537849,1232815
814,2021-02-26,238.850592,241.595886,233.66835,239.666223,5128875.06706082,1232815
815,2021-03-01,243.386296,246.927328,241.06871,246.877595,3540485.311978485,1232815
816,2021-03-02,247.355037,247.355037,239.079366,239.288247,3828142.47003761,1232815
817,2021-03-03,239.576702,240.263026,231.509912,231.748633,4493469.630361425,1232815
818,2021-03-04,230.535133,232.146502,217.196582,220.498893,8979296.200941917,1232815
819,2021-03-05,226.17847,228.02856,215.754307,227.571011,7343989.756147574,1232815
820,2021-03-08,226.327671,227.342236,214.98841,215.067984,7765665.043129633,1232815
821,2021-03-09,223.01044,229.291793,222.110261,227.809732,7065723.296603778,1232815
822,2021-03-10,231.301031,231.301031,223.015413,223.184507,6280065.688987097,1232815
823,2021-03-11,230.02984,233.678297,228.844191,232.564264,4454805.734376956,1232815
824,2021-03-12,228.277228,230.167105,226.536552,229.659822,3704747.438259442,1232815
825,2021-03-15,230.982736,234.613289,229.102806,234.613289,3419851.489720341,1232815
826,2021-03-16,236.960715,240.531587,235.448813,237.179543,4598925.752307588,1232815
827,2021-03-17,233.459469,241.287538,231.78842,239.407608,5118755.27395681,1232815
828,2021-03-18,235.936203,236.294284,229.600142,229.81897,4443606.722134176,1232815
829,2021-03-19,230.157158,234.464088,227.580958,232.434957,7037861.538727188,1232815
830,2021-03-22,235.568174,240.531587,234.891797,237.97528,4887489.056574474,1232815
831,2021-03-23,238.253788,238.253788,230.986913,232.017195,4495259.045320547,1232815
832,2021-03-24,235.578121,236.055563,227.914173,228.038507,4438709.951793008,1232815
833,2021-03-25,225.014704,229.590195,223.214347,228.874031,6727946.604936941,1232815
834,2021-03-26,229.540461,240.413221,228.923765,240.352546,7590539.109075725,1232815
835,2021-03-29,238.092651,238.621817,233.658404,236.503166,6238718.167899953,1232815
836,2021-03-30,235.39908,236.443485,233.280428,235.4886,3320413.133478843,1232815
837,2021-03-31,237.497838,243.575284,237.497838,242.25237,5039109.896187565,1232815
838,2021-04-01,246.718447,251.602287,246.7085,251.59234,5624976.687737351,1232815
839,2021-04-05,255.680442,256.167831,252.029996,255.779909,4866281.65449362,1232815
840,2021-04-06,254.088967,255.123426,249.821824,252.278664,5871007.816544489,1232815
841,2021-04-07,252.328397,253.253343,250.155039,251.701754,3941849.396367277,1232815
842,2021-04-08,255.053799,255.312413,253.064455,255.312413,3381581.483854724,1232815
843,2021-04-09,253.629428,254.71561,252.378131,254.71561,2681247.836554053,1232815
844,2021-04-12,253.482217,253.482217,249.553262,251.761434,3393489.697245839,1232815
845,2021-04-13,253.784597,254.218274,249.404062,251.264098,3672371.858768344,1232815
846,2021-04-14,251.403352,252.945094,247.693226,248.856992,3593039.802684548,1232815
847,2021-04-15,251.59234,252.517385,248.886832,252.049889,4047711.344496499,1232815
848,2021-04-16,252.19909,252.567119,250.368893,251.065164,3588265.377001508,1232815
849,2021-04-19,249.175287,250.090385,242.491091,244.848464,5091488.329946565,1232815
850,2021-04-20,243.993046,244.898197,240.163559,241.416845,4792636.138332728,1232815
851,2021-04-21,241.944021,247.95184,240.810095,247.782746,4913788.184711886,1232815
852,2021-04-22,247.673332,248.021468,240.780255,242.302103,4104653.333470872,1232815
853,2021-04-23,243.46587,248.309922,243.247042,247.872267,3190454.261058511,1232815
854,2021-04-26,248.140828,252.179197,247.882213,252.10957,2756036.230862823,1232815
855,2021-04-27,252.74616,253.054508,249.543316,250.637455,3441359.282750419,1232815
856,2021-04-28,249.851664,249.851664,246.320578,246.628927,3373155.617196175,1232815
857,2021-04-29,249.861611,250.020758,244.868357,248.906726,3939692.947433771,1232815
858,2021-04-30,244.748997,246.141537,241.09855,241.7053,4531529.760431392,1232815
859,2021-05-03,243.276882,243.49571,238.144374,238.900325,4514781.473004095,1232815
860,2021-05-04,236.244551,236.652366,231.559646,235.936203,7273733.087549624,1232815
861,2021-05-05,238.50544,240.004411,235.687534,236.980608,4909498.164301271,1232815
862,2021-05-06,236.483272,239.347928,234.265154,238.930165,6391348.599610603,1232815
863,2021-05-07,242.272263,244.19198,240.083985,242.302103,5357095.598726184,1232815
864,2021-05-10,239.815423,239.815423,231.141883,231.559646,5288667.137296031,1232815
865,2021-05-11,224.766036,232.544371,224.069765,232.007248,6710586.594219004,1232815
866,2021-05-12,226.908559,227.879359,221.632819,222.438503,7590705.219302615,1232815
867,2021-05-13,226.168523,228.774564,222.816479,224.96497,8902267.805250186,1232815
868,2021-05-14,228.436375,233.648457,226.188417,232.096769,4159493.58047269,1232815
869,2021-05-17,228.685043,229.590195,225.6314,229.510621,5025766.371075485,1232815
870,2021-05-18,231.679006,232.45485,227.958933,228.247388,3788505.784820223,1232815
871,2021-05-19,223.08504,232.574211,222.746852,232.33549,8056808.526609395,1232815
872,2021-05-20,234.24526,239.089313,233.877231,238.104588,5688338.289911378,1232815
873,2021-05-21,239.507075,239.686017,236.234604,236.901034,5416467.571438821,1232815
874,2021-05-24,239.019686,243.724484,238.601924,242.103169,3740917.691496539,1232815
875,2021-05-25,244.211874,245.166759,242.023595,243.694644,4027503.587793032,1232815
876,2021-05-26,243.694644,245.087185,242.033542,243.943312,3228704.373483783,1232815
877,2021-05-27,243.475816,246.091804,242.898907,245.117025,2729297.457693764,1232815
878,2021-05-28,245.853083,248.737631,245.415427,247.86232,3453538.04693024,1232815
879,2021-06-01,249.632836,251.781328,246.002283,247.494291,3938908.151212121,1232815
880,2021-06-02,247.175996,249.732303,246.350419,248.946512,3208555.302429337,1232815
881,2021-06-03,246.370312,247.235677,243.49571,244.689316,3800142.452750615,1232815
882,2021-06-04,247.036742,251.025377,247.006902,250.140119,3572012.436238826,1232815
883,2021-06-07,249.533369,249.573156,247.215783,248.866939,2884486.18583291,1232815
884,2021-06-08,250.577775,250.587721,244.957878,246.817914,3063260.576846274,1232815
885,2021-06-09,247.812586,248.260189,245.892869,246.052017,2840836.993697734,1232815
886,2021-06-10,246.121644,249.77209,246.032123,249.264808,3267474.699374102,1232815
887,2021-06-11,250.150066,250.150066,248.260189,250.140119,2408686.81570149,1232815
888,2021-06-14,250.657348,253.522004,249.503529,253.522004,3123454.148645201,1232815
889,2021-06-15,252.74616,254.526623,250.677242,251.333725,3475079.658808906,1232815
890,2021-06-16,252.119516,252.964987,247.116316,249.215074,4773236.055307309,1232815
891,2021-06-17,248.290029,254.029286,248.290029,252.029996,3903790.260969327,1232815
892,2021-06-18,249.871557,250.528041,244.818624,245.614361,5041760.697113669,1232815
893,2021-06-21,245.604415,246.658767,243.654857,246.260898,3930057.559602186,1232815
894,2021-06-22,246.459832,247.971734,244.957878,247.872267,3031132.670687484,1232815
895,2021-06-23,248.598377,250.468361,248.389496,249.125553,2086881.572616438,1232815
896,2021-06-24,251.582393,253.750778,251.313832,253.193762,2010785.184604919,1232815
897,2021-06-25,253.710991,254.367475,251.5625,252.19909,2571574.305254538,1232815
898,2021-06-28,254.168541,259.151847,254.168541,258.316323,3459188.778660521,1232815
899,2021-06-29,258.316323,260.564282,257.003356,260.564282,2545146.864426894,1232815
900,2021-06-30,260.196253,261.091458,258.724138,260.84279,2700318.683141746,1232815
901,2021-07-01,260.177354,260.23604,256.108151,256.993409,2430146.864474737,1232815
902,2021-07-02,259.062327,259.062327,256.834262,258.41579,1748551.843307981,1232815
903,2021-07-06,259.56961,260.703337,255.103532,258.336216,2766906.006667877,1232815
904,2021-07-07,259.838171,260.255933,253.750778,254.755397,2496022.997508499,1232815
905,2021-07-08,249.662676,252.587012,247.563918,251.343672,3412013.474224017,1232815
906,2021-07-09,252.706373,256.088258,250.756816,255.630708,2746170.079123224,1232815
907,2021-07-12,256.834262,259.191634,255.919163,258.982753,2216905.098717894,1232815
908,2021-07-13,258.236749,259.848118,256.844208,258.425737,2440572.021888059,1232815
909,2021-07-14,261.250605,262.454158,257.023249,257.858774,3334264.935991763,1232815
910,2021-07-15,256.137991,256.137991,249.026086,250.786656,6218254.78048804,1232815
911,2021-07-16,252.308504,253.014721,244.908144,245.534787,4473143.507687899,1232815
912,2021-07-19,241.894288,245.723775,240.800149,245.485054,6157625.542345536,1232815
913,2021-07-20,246.390205,249.961078,243.107788,248.488963,3774899.666295576,1232815
914,2021-07-21,249.662676,255.700335,249.304594,255.630708,3158124.436480209,1232815
915,2021-07-22,254.04918,255.580975,252.358238,254.088967,3090681.6950192,1232815
916,2021-07-23,255.252733,255.998737,252.736213,255.939057,2216334.156979964,1232815
917,2021-07-26,254.735504,256.128044,253.840299,255.650602,1265171.0830607,1232815
918,2021-07-27,253.949713,254.506729,246.111697,251.134791,3335632.61001555,1232815
919,2021-07-28,251.949427,256.237458,250.667295,255.620762,3347854.145092115,1232815
920,2021-07-29,255.86943,260.753269,255.789856,260.415081,3392080.246997325,1232815
921,2021-07-30,257.74936,262.553626,257.739413,261.737995,3212635.447044301,1232815
922,2021-08-02,263.976007,266.51242,262.871921,263.588085,4236727.873272001,1232815
923,2021-08-03,264.115261,265.995191,261.44954,265.975297,3201313.095471375,1232815
924,2021-08-04,266.771035,269.874412,266.343326,268.87974,3527657.026971367,1232815
925,2021-08-05,269.735158,270.341908,267.099277,268.581338,2798409.258799803,1232815
926,2021-08-06,266.582047,268.581338,266.48258,267.139064,2048774.692961658,1232815
927,2021-08-09,267.646346,268.36251,265.308867,266.333379,1988420.978967946,1232815
928,2021-08-10,267.178851,267.278318,261.310286,262.921654,3310034.725650335,1232815
929,2021-08-11,264.005847,264.164994,259.231421,262.225384,2117791.005554036,1232815
930,2021-08-12,260.87263,260.892523,257.301757,259.360729,4510037.882153591,1232815
931,2021-08-13,259.539769,261.151138,258.515257,261.051671,2813320.387011147,1232815
932,2021-08-16,259.987372,261.081511,257.958241,259.927692,2246787.035461621,1232815
933,2021-08-17,257.510639,257.570319,252.83568,255.004065,5061424.368223673,1232815
934,2021-08-18,254.785237,256.600514,251.512766,251.711701,2800960.592524177,1232815
935,2021-08-19,249.702463,255.3522,248.021468,253.919873,4459447.868681696,1232815
936,2021-08-20,254.516676,255.879376,252.358238,255.014012,3206670.398956553,1232815
937,2021-08-23,257.948294,262.633199,257.918454,262.344745,4550901.992640327,1232815
938,2021-08-24,262.971388,264.005847,261.936929,262.523786,2393684.177664554,1232815
939,2021-08-25,263.428937,267.427519,263.428937,265.378494,5333411.463322254,1232815
940,2021-08-26,265.2094,266.830715,263.617925,265.78631,2596908.601535169,1232815
941,2021-08-27,266.084711,271.107805,265.895724,270.590576,3164823.552516725,1232815
942,2021-08-30,272.241731,273.733739,270.544821,271.445994,2483607.50138856,1232815
943,2021-08-31,272.132317,272.132317,267.298211,269.387022,2916609.118631614,1232815
944,2021-09-01,270.680096,271.038178,268.631072,268.96926,2546196.243405146,1232815
945,2021-09-02,269.436756,272.231784,268.581338,269.625744,1601474.665469917,1232815
946,2021-09-03,269.367129,272.778854,268.869793,271.833916,1799214.46783714,1232815
947,2021-09-07,272.231784,272.341198,269.665531,271.276899,1953218.541603681,1232815
948,2021-09-08,269.864465,270.272281,265.607269,267.69608,2479094.67444607,1232815
949,2021-09-09,267.855228,270.24244,267.536932,268.800166,2303504.228560084,1232815
950,2021-09-10,271.058071,274.569264,270.630362,270.829297,3653082.184336845,1232815
951,2021-09-13,273.037469,273.524858,269.387022,272.858428,2785562.075024356,1232815
952,2021-09-14,273.783473,274.987026,271.664821,273.037469,2711314.782292997,1232815
953,2021-09-15,272.838534,274.012247,270.670149,273.992354,2122053.175148166,1232815
954,2021-09-16,271.814022,275.2158,270.680096,274.390223,2569301.479695007,1232815
955,2021-09-17,273.534805,273.534805,268.521658,269.556117,3721883.647773486,1232815
956,2021-09-20,263.796966,264.781691,259.042433,262.991281,3883797.353421597,1232815
957,2021-09-21,264.682224,265.388441,261.459486,263.548298,2299858.755616679,1232815
958,2021-09-22,264.950785,268.979207,264.05558,268.30283,2460631.572460948,1232815
959,2021-09-23,270.033559,272.450612,268.631072,271.674768,2230149.156628244,1232815
960,2021-09-24,269.54617,271.386313,268.96926,270.938711,1383546.005167556,1232815
961,2021-09-27,268.282937,270.928764,266.283646,269.973879,2019471.655332,1232815
962,2021-09-28,264.234621,266.124498,258.773872,259.102114,5580380.567841706,1232815
963,2021-09-29,259.271208,260.305667,254.407262,255.193053,4765358.252930293,1232815
964,2021-09-30,256.824315,259.151847,254.854864,254.904598,3261818.994283734,1232815
965,2021-10-01,256.109146,256.297139,251.005484,255.123426,3661714.942774992,1232815
966,2021-10-04,253.203709,253.601578,247.454504,248.479017,4755549.792167698,1232815
967,2021-10-05,250.468361,253.760725,249.284701,251.970315,3374245.777727136,1232815
968,2021-10-06,249.055926,253.024668,248.339763,252.736213,3701100.97064402,1232815
969,2021-10-07,256.307085,258.873339,255.640655,255.879376,2458547.734584704,1232815
970,2021-10-08,257.023249,257.122716,252.984881,253.392696,2486443.311309883,1232815
971,2021-10-11,252.099623,255.919163,251.811168,251.880795,2199239.723690646,1232815
972,2021-10-12,253.362856,253.919873,248.280082,249.334435,4003257.462699327,1232815
973,2021-10-13,251.5625,252.681506,250.309213,251.463033,2832591.162674317,1232815
974,2021-10-14,257.132663,259.171741,255.660549,259.012593,3518285.227224366,1232815
975,2021-10-15,261.101405,261.4197,259.589503,261.180978,2640611.505959279,1232815
976,2021-10-18,259.181688,263.35931,258.241722,263.239949,2010880.67311858,1232815
977,2021-10-19,263.598031,266.253806,262.633199,266.253806,2303533.074048586,1232815
978,2021-10-20,265.557535,266.48258,264.135154,265.080093,2216576.856952185,1232815
979,2021-10-21,263.29963,268.22823,263.060908,268.103896,1934413.272444608,1232815
980,2021-10-22,267.765707,270.12308,265.279027,265.736576,2953670.597996212,1232815
981,2021-10-25,266.940129,268.650965,265.945457,267.079383,1859557.240438661,1232815
982,2021-10-26,270.09324,271.276899,267.626453,268.601232,2467939.427772051,1232815
983,2021-10-27,267.049543,269.51633,265.87583,266.333379,3919462.313273906,1232815
984,2021-10-28,269.685424,271.48578,268.591285,271.406207,2978716.439391826,1232815
985,2021-10-29,269.297502,272.271571,268.96926,272.182051,2191368.884017751,1232815
986,2021-11-01,272.430719,275.454522,271.389894,275.305321,2203599.371142472,1232815
987,2021-11-02,275.275481,278.508165,275.12628,278.339071,2293659.959604866,1232815
988,2021-11-03,278.667312,281.263406,277.58312,281.094312,3032119.385328645,1232815
989,2021-11-04,283.76998,294.522384,282.805148,292.731975,7520878.249016137,1232815
990,2021-11-05,295.099294,298.14299,292.403733,295.01972,4748834.761378906,1232815
991,2021-11-08,296.939437,302.241039,295.58171,300.331269,4292006.770633448,1232815
992,2021-11-09,303.384912,304.319904,297.695388,300.729138,5740679.920805739,1232815
993,2021-11-10,294.800892,298.7199,289.996627,291.239967,5277183.648856302,1232815
994,2021-11-11,295.914925,297.307466,293.865901,296.481888,2805113.348196405,1232815
995,2021-11-12,297.44672,300.699298,295.646364,299.495744,2622045.952756374,1232815
996,2021-11-15,301.490062,301.490062,296.084019,299.097876,2803441.304535323,1232815
997,2021-11-16,298.292191,303.434646,297.188105,302.977096,2427169.811126958,1232815
998,2021-11-17,303.076564,303.832514,300.042814,301.17674,2894096.706864063,1232815
999,2021-11-18,308.169284,309.979587,305.493617,308.587047,3781961.837618406,1232815
1000,2021-11-19,307.980297,312.39664,307.231905,310.536604,3315332.348814474,1232815
1001,2021-11-22,311.919198,317.121333,305.642817,305.851699,5441398.030880429,1232815
1002,2021-11-23,304.24033,306.995571,298.371765,303.63358,5233145.539962362,1232815
1003,2021-11-24,300.729138,306.856317,297.874429,306.69717,3563513.958523015,1232815
1004,2021-11-26,301.017593,303.802674,296.302847,297.804802,3348404.198717682,1232815
1005,2021-11-29,302.887576,310.079055,301.455248,309.76076,4492308.848117236,1232815
1006,2021-11-30,308.477633,311.103567,300.992726,303.275498,6928590.849594679,1232815
1007,2021-12-01,308.994862,313.888648,301.942638,302.201252,7080704.051856334,1232815
1008,2021-12-02,298.900931,305.533404,297.546187,302.987043,6246575.082164606,1232815
1009,2021-12-03,305.115641,307.791309,295.954712,299.545478,6737683.44931429,1232815
1010,2021-12-06,297.973896,299.784199,288.962168,298.401605,5078759.512141177,1232815
1011,2021-12-07,305.364309,313.734474,305.364309,312.874083,5614377.462721002,1232815
1012,2021-12-08,311.163247,312.157919,308.348325,311.521329,3555182.58570611,1232815
1013,2021-12-09,309.442465,312.535895,303.70818,303.981715,3229893.006544456,1232815
1014,2021-12-10,309.462358,310.089001,302.768215,305.911379,3517523.308459115,1232815
1015,2021-12-13,306.985625,307.293973,297.496454,297.973896,3729853.954648111,1232815
1016,2021-12-14,294.154356,297.884376,292.065544,296.253114,4223460.937905253,1232815
1017,2021-12-15,296.571409,308.726301,294.025048,308.507473,5389531.853210337,1232815
1018,2021-12-16,310.019374,310.685805,293.547606,295.099294,7167766.698858585,1232815
1019,2021-12-17,292.493253,298.451339,291.757196,293.7167,5609569.218189374,1232815
1020,2021-12-20,289.9,293.49,288.14,291.51,5551015.0,1232815
1021,2021-12-21,297.71,302.32,293.63,302.04,4535464.0,1232815
1022,2021-12-22,300.05,305.64,299.43,305.63,2551480.0,1232815
1023,2021-12-23,306.47,310.38,306.13,308.26,2397822.0,1232815
1024,2021-12-27,309.31,316.675,309.08,316.56,3221728.0,1232815
1025,2021-12-28,317.83,317.92,311.89,313.44,2538889.0,1232815
1026,2021-12-29,313.09,315.55,311.48,313.39,3126163.0,1232815
1027,2021-12-30,313.06,314.01,309.27,309.83,2955347.0,1232815
1028,2021-12-31,310.02,312.04,308.71,308.79,1464936.0,1232815
271,2018-12-31,15.776789,15.894109,15.708067,15.845512,45800.79541288,7634
272,2019-01-02,15.609891,15.904418,15.609891,15.850127,14997.276659675,7634
273,2019-01-03,15.590256,15.658979,15.236825,15.236825,23279.354815018,7634
274,2019-01-04,15.354635,15.8946,15.354635,15.825877,33036.027729645,7634
275,2019-01-07,15.97314,16.277386,15.959003,16.179309,11475.72446157,7634
276,2019-01-08,16.287302,16.376936,16.159772,16.287302,19483.893204236,7634
277,2019-01-09,16.473835,16.680003,16.473835,16.57201,17790.367265643,7634
278,2019-01-10,16.503288,16.738909,16.503288,16.738909,20177.01164635,7634
279,2019-01-11,16.630916,16.925442,16.630916,16.925442,19990.478354563,7634
280,2019-01-14,16.670186,16.778081,16.602739,16.630916,24345.539840705,7634
281,2019-01-15,16.738909,16.886172,16.738909,16.787996,11607.279519988,7634
282,2019-01-16,16.817449,17.013211,16.817449,16.97453,12418.208462178,7634
283,2019-01-17,16.847589,17.13161,16.847589,17.097936,15013.966480519,7634
284,2019-01-18,17.180698,17.394917,17.102158,17.357414,17041.288835993,7634
285,2019-01-22,17.288691,17.347596,17.033435,17.033435,15941.724168617,7634
286,2019-01-23,17.111975,17.136519,16.876354,17.033435,9510.252618635,7634
287,2019-01-24,17.082523,17.325507,17.082523,17.239603,17781.531478138,7634
288,2019-01-25,17.396684,17.622389,17.396684,17.603932,9175.474447586,7634
289,2019-01-28,17.357414,17.450091,17.308326,17.377049,7505.510609009,7634
290,2019-01-29,17.357414,17.431045,17.298508,17.372435,8809.280143183,7634
291,2019-01-30,17.377049,17.543947,17.315198,17.543947,4195.035556873,7634
292,2019-01-31,17.485042,17.542573,17.445772,17.445772,15036.546826367,7634
293,2019-02-01,17.543947,17.671575,17.543947,17.583217,12167.861149516,7634
294,2019-02-04,17.563582,17.767787,17.563582,17.720663,13395.053858641,7634
295,2019-02-05,17.799203,17.911516,17.720663,17.867926,9520.070160308,7634
296,2019-02-06,17.877743,18.21154,17.877743,18.162452,12437.843545524,7634
297,2019-02-07,17.956284,18.01028,17.720761,17.848291,40665.239363733,7634
298,2019-02-08,17.671575,17.77947,17.65194,17.755024,15187.736968131,7634
299,2019-02-11,17.858108,18.015189,17.858108,17.956284,15852.384539393,7634
300,2019-02-12,18.064277,18.260628,18.064277,18.260628,24137.407957238,7634
301,2019-02-13,18.29008,18.346138,18.162452,18.299898,19282.633599939,7634
302,2019-02-14,18.270445,18.29008,18.16255,18.29008,48771.583523129,7634
303,2019-02-15,18.407891,18.515785,18.378438,18.511466,44354.671524447,7634
304,2019-02-19,18.417708,18.480737,18.348985,18.378438,18072.130711658,7634
305,2019-02-20,18.466796,18.84968,18.466796,18.741687,28243.103884886,7634
306,2019-02-21,18.741687,18.819344,18.663932,18.672964,22138.556472615,7634
307,2019-02-22,18.869315,18.923312,18.682782,18.780957,178123.585589908,7634
308,2019-02-25,18.947855,19.085301,18.947855,18.962778,27491.080192735,7634
309,2019-02-26,18.996943,18.996943,18.879133,18.918403,11785.958778437,7634
310,2019-02-27,18.869315,18.977308,18.751505,18.879133,16472.853173127,7634
311,2019-02-28,18.800592,18.800592,18.690341,18.702417,16805.667835841,7634
312,2019-03-01,18.77114,18.820227,18.722052,18.751603,15982.957843644,7634
313,2019-03-04,18.88895,18.908585,18.555154,18.731084,14119.588434109,7634
314,2019-03-05,18.73187,18.89867,18.702417,18.84968,13391.126841972,7634
315,2019-03-06,18.77114,18.77114,18.545336,18.607383,20275.18706308,7634
316,2019-03-07,18.407891,18.479264,18.191905,18.191905,12373.047770482,7634
317,2019-03-08,18.270445,18.270445,17.975919,18.116211,13362.65597112,7634
318,2019-03-11,18.17227,18.476613,18.17227,18.430275,16049.71712702,7634
319,2019-03-12,18.427526,18.437343,18.319533,18.393164,60440.713555657,7634
320,2019-03-13,18.417708,18.533555,18.368719,18.506066,11390.311849015,7634
321,2019-03-14,18.447161,18.574789,18.324343,18.361748,9789.070802148,7634
322,2019-03-15,18.407891,18.692501,18.407891,18.64361,21939.260376653,7634
323,2019-03-18,18.702417,18.744927,18.495267,18.614059,34266.165701272,7634
324,2019-03-19,18.702417,18.761322,18.633792,18.668055,13985.088113189,7634
325,2019-03-20,18.614059,18.731771,18.398171,18.545336,22253.421710189,7634
326,2019-03-21,18.506066,18.761322,18.493892,18.739527,18806.482828799,7634
327,2019-03-22,18.623877,18.655685,18.054459,18.054459,27945.632372195,7634
328,2019-03-25,17.956284,17.963156,17.76975,17.848291,22890.580164767,7634
329,2019-03-26,17.956284,18.069185,17.912105,17.912105,10653.014469372,7634
330,2019-03-27,17.995554,17.995554,17.681491,17.765627,17327.961052845,7634
331,2019-03-28,17.789386,17.858108,17.681491,17.838473,11904.75103268,7634
332,2019-03-29,17.926831,17.996437,17.838473,17.974839,13593.368200436,7634
333,2019-04-01,18.17227,18.294793,18.153027,18.25081,32013.039887318,7634
334,2019-04-02,18.260628,18.407891,18.25081,18.334259,16634.842610731,7634
335,2019-04-03,18.486431,18.692501,18.486431,18.595602,71864.40504636,7634
336,2019-04-04,18.555154,18.653329,18.535519,18.584606,14969.78754299,7634
337,2019-04-05,18.712234,18.77114,18.669332,18.767213,18228.229624259,7634
338,2019-04-08,18.73187,18.741687,18.653427,18.741687,8254.589038658,7634
339,2019-04-09,18.751505,18.751505,18.643512,18.64842,13427.451746162,7634
340,2019-04-10,18.584606,18.790775,18.584606,18.790775,21817.522859908,7634
341,2019-04-11,18.81041,18.8271,18.751603,18.781055,16382.531789735,7634
342,2019-04-12,18.869315,18.994489,18.859498,18.984671,29537.055877388,7634
343,2019-04-15,18.987126,18.987126,18.869315,18.914672,52673.07458398,7634
344,2019-04-16,18.947855,19.193294,18.947855,19.144206,40021.208629985,7634
345,2019-04-17,19.37001,19.389547,19.114852,19.242382,24454.514553276,7634
346,2019-04-18,19.301287,19.301287,19.057125,19.252199,68178.899902316,7634
347,2019-04-22,19.232564,19.232564,19.121822,19.201148,25895.729670872,7634
348,2019-04-23,19.212929,19.360192,19.183476,19.340557,43492.691365557,7634
349,2019-04-24,19.399462,19.605631,19.389645,19.428915,30748.540519836,7634
350,2019-04-25,19.438733,19.442365,19.144206,19.262017,19837.324704464,7634
351,2019-04-26,19.154024,19.438733,19.104936,19.438733,17625.432565537,7634
352,2019-04-29,19.320922,19.340557,19.276939,19.33074,33608.390409181,7634
353,2019-04-30,19.389645,19.556543,19.371482,19.478003,33285.393288139,7634
354,2019-05-01,19.595813,19.595813,19.397793,19.433824,11909.659803516,7634
355,2019-05-02,19.311104,19.517273,19.259366,19.37001,30334.240261235,7634
356,2019-05-03,19.44855,19.635083,19.397597,19.635083,14718.458476162,7634
357,2019-05-06,19.203112,19.487722,19.154024,19.487722,29651.921114962,7634
358,2019-05-07,19.291469,19.31886,18.996943,19.104936,49278.168673456,7634
359,2019-05-08,19.163841,19.252199,19.055848,19.055848,26241.307137762,7634
360,2019-05-09,18.751505,18.883256,18.545336,18.883256,41210.112926585,7634
361,2019-05-10,18.81041,18.938038,18.574789,18.938038,26914.79049653,7634
362,2019-05-13,18.535519,18.535519,18.064277,18.064277,38794.997675027,7634
363,2019-05-14,18.132999,18.484762,18.132999,18.388354,20453.866321528,7634
364,2019-05-15,18.358803,18.692599,18.309715,18.653329,24424.080174089,7634
365,2019-05-16,18.584606,18.702417,18.517454,18.545336,21456.237326342,7634
366,2019-05-17,18.427526,18.506066,18.192003,18.192003,25071.05617034,7634
367,2019-05-20,17.877743,17.985736,17.789386,17.789386,24136.426203071,7634
368,2019-05-21,17.985736,18.157543,17.985736,18.093729,27401.74056351,7634
369,2019-05-22,18.034824,18.034824,17.907196,18.005371,17101.175840199,7634
370,2019-05-23,17.750115,17.750115,17.494859,17.61267,36747.058482039,7634
371,2019-05-24,17.720663,17.789287,17.662543,17.759933,12823.672933273,7634
372,2019-05-28,17.759933,17.828656,17.56368,17.5734,14673.297784466,7634
373,2019-05-29,17.563582,18.223321,17.436052,17.593035,14105.843875766,7634
374,2019-05-30,17.642122,17.784673,17.642122,17.76975,8944.76221827,7634
375,2019-05-31,17.701028,17.701028,17.504677,17.632305,12620.449820642,7634
376,2019-06-03,17.799203,17.985736,17.794294,17.887561,13225.210387698,7634
377,2019-06-04,18.083912,18.466796,18.018036,18.466796,22591.14514374,7634
378,2019-06-05,18.486431,18.486431,18.162452,18.309715,12075.57625779,7634
379,2019-06-06,18.240992,18.309715,18.103547,18.231175,16481.688960632,7634
380,2019-06-07,18.348985,18.522952,18.348985,18.522952,44523.533241222,7634
381,2019-06-10,18.653329,19.036115,18.535519,18.898768,45737.963146172,7634
382,2019-06-11,19.055848,19.124571,18.898768,18.987126,34155.227480367,7634
383,2019-06-12,18.92822,18.947855,18.84968,18.91261,18028.933528297,7634
384,2019-06-13,18.987126,19.046031,18.918403,18.987126,15842.56699772,7634
385,2019-06-14,18.938038,18.938038,18.750817,18.81041,40587.680784517,7634
386,2019-06-17,18.820227,18.918403,18.761322,18.820227,22307.418189391,7634
387,2019-06-18,18.938038,19.291371,18.938038,19.095119,24980.734786949,7634
388,2019-06-19,19.271834,19.291469,19.16394,19.252199,28260.775459898,7634
389,2019-06-20,19.536908,19.571269,19.417134,19.502547,50803.81464944,7634
390,2019-06-21,19.44855,19.487918,19.339281,19.340557,19827.507162791,7634
391,2019-06-24,19.399462,19.44855,19.291568,19.33074,29793.293715053,7634
392,2019-06-25,19.340557,19.340557,19.058008,19.095119,17438.89927375,7634
393,2019-06-26,19.144206,19.302171,19.144206,19.266435,9490.617535289,7634
394,2019-06-27,19.292237,19.499158,19.292237,19.385889,21116.965258579,7634
395,2019-06-28,19.509115,19.573192,19.499256,19.518973,19671.772640631,7634
396,2019-07-01,19.903437,19.906493,19.716134,19.834431,43460.274048351,7634
397,2019-07-02,19.834431,19.834431,19.656986,19.656986,88175.48002211,7634
398,2019-07-03,19.666844,19.706177,19.578121,19.691489,10284.921270844,7634
399,2019-07-05,19.666844,19.666844,19.415069,19.538689,26294.422031748,7634
400,2019-07-08,19.538689,19.567573,19.440108,19.499256,14463.755859851,7634
401,2019-07-09,19.38096,19.440108,19.380664,19.420392,17460.608219035,7634
402,2019-07-10,19.587979,19.716134,19.518973,19.578121,30259.336567485,7634
403,2019-07-11,19.607695,19.607695,19.469682,19.538689,13126.016171887,7634
404,2019-07-12,19.568263,19.755566,19.548843,19.755566,38845.712899226,7634
405,2019-07-15,19.73585,19.73585,19.636284,19.666844,18833.836948096,7634
406,2019-07-16,19.68656,19.749849,19.597837,19.716134,22267.401674095,7634
407,2019-07-17,19.73585,19.73585,19.568263,19.568263,18835.80856149,7634
408,2019-07-18,19.597837,19.622482,19.450065,19.606216,20289.873439712,7634
409,2019-07-19,19.676702,19.745708,19.666844,19.696418,16272.71114903,7634
410,2019-07-22,19.745708,19.855527,19.716134,19.799928,23992.56339402,7634
411,2019-07-23,19.952728,20.051308,19.850302,19.99216,19300.123515824,7634
412,2019-07-24,20.071024,20.366766,20.051308,20.327334,37587.823553726,7634
413,2019-07-25,20.307618,20.307618,20.159747,20.179463,17684.386339277,7634
414,2019-07-26,20.24847,20.307618,20.169605,20.307618,12023.884284529,7634
415,2019-07-29,20.278044,20.278044,20.120413,20.278044,25772.930288982,7634
416,2019-07-30,20.149889,20.258328,20.130863,20.218895,13767.776331699,7634
417,2019-07-31,20.376624,20.455489,19.864005,20.031592,26716.347298107,7634
418,2019-08-01,19.952728,20.135102,19.489398,19.489398,40750.291438023,7634
419,2019-08-02,19.47954,19.47954,19.090147,19.17394,18619.916894825,7634
420,2019-08-05,18.986637,18.986637,18.602172,18.641605,41776.516209704,7634
421,2019-08-06,18.789476,18.966921,18.740185,18.907772,30630.985692291,7634
422,2019-08-07,18.759901,18.976779,18.621889,18.95726,24841.342960223,7634
423,2019-08-08,19.104934,19.292237,19.040856,19.272521,23870.323363579,7634
424,2019-08-09,19.272521,19.272521,18.995312,19.134508,16333.83116425,7634
425,2019-08-12,18.957063,18.957063,18.631747,18.631747,25254.395966308,7634
426,2019-08-13,18.671179,19.154224,18.626325,19.134508,18693.852397107,7634
427,2019-08-14,18.759901,18.759901,18.434585,18.552882,36785.376902287,7634
428,2019-08-15,18.51345,18.51345,18.345863,18.365579,14617.541704599,7634
429,2019-08-16,18.602172,18.779519,18.56274,18.759901,59852.267807729,7634
430,2019-08-19,19.095076,19.101779,18.986736,19.040856,19102.962176404,7634
431,2019-08-20,19.006353,19.134409,18.957063,18.976779,10462.366476322,7634
432,2019-08-21,19.07536,19.18784,19.07536,19.12465,19872.877206839,7634
433,2019-08-22,19.17394,19.199867,19.005564,19.111539,10259.29029672,7634
434,2019-08-23,18.907772,18.976779,18.533166,18.592314,29889.659056072,7634
435,2019-08-26,18.750043,18.750043,18.602172,18.671179,14830.475951172,7634
436,2019-08-27,18.81905,18.828908,18.621889,18.621889,14008.313165791,7634
437,2019-08-28,18.523308,18.828908,18.523308,18.828908,14956.659208401,7634
438,2019-08-29,19.07536,19.07536,18.947205,19.035927,11784.333257133,7634
439,2019-08-30,19.164082,19.223231,19.082753,19.114792,10408.147107982,7634
440,2019-09-03,18.927489,19.048053,18.927489,18.966921,14918.212747214,7634
441,2019-09-04,19.154224,19.321811,19.154224,19.282379,42014.095623705,7634
442,2019-09-05,19.558405,19.883721,19.528831,19.794998,43079.75266327,7634
443,2019-09-06,19.824573,19.909253,19.794998,19.814715,32852.993987555,7634
444,2019-09-09,19.883721,19.913295,19.78514,19.854147,17499.054680222,7634
445,2019-09-10,19.745708,19.908761,19.716134,19.883721,21132.738165733,7634
446,2019-09-11,19.982302,20.213966,19.962586,20.213966,26329.911072844,7634
447,2019-09-12,20.356908,20.453222,20.249653,20.376624,17742.548934406,7634
448,2019-09-13,20.386482,20.504681,20.386482,20.460418,21781.398972425,7634
449,2019-09-16,20.29776,20.435773,20.209037,20.34705,12662.68702425,7634
450,2019-09-17,20.287902,20.335221,20.179463,20.307618,26593.12146097,7634
451,2019-09-18,20.366766,20.406199,20.314223,20.366766,20532.381887199,7634
452,2019-09-19,20.396341,20.524495,20.386482,20.406199,31824.797602479,7634
453,2019-09-20,20.396341,20.415958,20.159747,20.169605,31761.705973865,7634
454,2019-09-23,20.149889,20.346952,20.120413,20.258328,17341.325608686,7634
455,2019-09-24,20.327334,20.327334,19.978161,20.002018,21111.050418397,7634
456,2019-09-25,19.962586,20.253891,19.834431,20.179463,10285.907077541,7634
457,2019-09-26,20.169605,20.169605,19.99492,20.051308,11371.280251049,7634
458,2019-09-27,20.061166,20.131849,19.883721,19.962586,32143.213165643,7634
459,2019-09-30,19.99216,20.149889,19.982302,20.110457,9978.335388046,7634
460,2019-10-01,20.209037,20.307618,19.864005,19.952728,18115.18386591,7634
461,2019-10-02,19.73585,19.73585,19.509115,19.548547,19105.919596495,7634
462,2019-10-03,19.558405,19.893579,19.440108,19.893579,16329.887937462,7634
463,2019-10-04,19.913295,20.149889,19.913295,20.09074,30767.027016491,7634
464,2019-10-07,20.002018,20.110457,19.982302,20.100599,110573.008180222,7634
465,2019-10-08,19.893579,19.893579,19.573192,19.573192,43835.866399946,7634
466,2019-10-09,19.637269,19.765424,19.637269,19.731513,5067.046423094,7634
467,2019-10-10,19.666844,19.952728,19.666844,19.952728,14952.715981613,7634
468,2019-10-11,20.24847,20.504779,20.24847,20.34705,20829.109703026,7634
469,2019-10-14,20.356908,20.356908,20.276171,20.337192,19712.190715212,7634
470,2019-10-15,20.356908,20.60336,20.353359,20.519566,13766.790525002,7634
471,2019-10-16,20.514637,20.60336,20.475205,20.60336,22080.098401646,7634
472,2019-10-17,20.55407,20.65265,20.544212,20.65265,18944.247298171,7634
473,2019-10-18,20.632934,20.65265,20.55407,20.65265,11459.01704709,7634
474,2019-10-21,20.701941,20.91872,20.701941,20.800521,42794.854527808,7634
475,2019-10-22,20.810379,20.899102,20.750738,20.849812,31111.073553779,7634
476,2019-10-23,20.810379,20.814323,20.672366,20.70687,23274.896118531,7634
477,2019-10-24,20.879386,20.899102,20.780805,20.839954,13542.026598063,7634
478,2019-10-25,20.918818,21.046973,20.918818,20.918818,19893.579147478,7634
479,2019-10-28,21.046973,21.35346,21.046973,21.234276,46061.817921998,7634
480,2019-10-29,21.322999,21.391907,21.26385,21.362431,34726.026712045,7634
481,2019-10-30,21.42158,21.431438,21.253992,21.382147,79444.190105895,7634
482,2019-10-31,21.382147,21.382147,21.151271,21.224418,46703.57808181,7634
483,2019-11-01,21.559592,21.737038,21.496501,21.72718,44766.467922008,7634
484,2019-11-04,21.944057,22.003205,21.806143,21.983489,62956.573096897,7634
485,2019-11-05,21.993347,22.09183,21.950366,22.062354,34632.37507582,7634
486,2019-11-06,22.052496,22.052496,21.815902,21.875051,36561.598782045,7634
487,2019-11-07,22.180651,22.453029,22.180651,22.279231,54881.830440951,7634
488,2019-11-08,22.220083,22.279231,22.156006,22.279231,34991.208713565,7634
489,2019-11-11,22.220083,22.308806,22.180749,22.279231,26599.036301152,7634
490,2019-11-12,22.38767,22.446818,22.279231,22.356124,40461.450075772,7634
491,2019-11-13,22.259515,22.427102,22.141218,22.348238,37791.885540026,7634
492,2019-11-14,22.210225,22.293723,22.160935,22.190509,48910.799276617,7634
493,2019-11-15,22.318664,22.456677,22.289089,22.417244,59194.734740764,7634
494,2019-11-18,22.367954,22.397528,22.279231,22.358589,69762.582533676,7634
495,2019-11-19,22.446818,22.466535,22.20293,22.407386,101818.058903276,7634
496,2019-11-20,22.328522,22.377812,22.180651,22.279231,31060.797412227,7634
497,2019-11-21,22.190509,22.237236,22.072212,22.190509,49738.876902181,7634
498,2019-11-22,22.239799,22.366968,22.190509,22.328522,265251.007988697,7634
499,2019-11-25,22.407386,22.722844,22.407386,22.653838,204389.274123137,7634
500,2019-11-26,22.791851,22.791851,22.673554,22.752419,40550.172678511,7634
501,2019-11-27,22.791851,22.854745,22.752419,22.781993,46819.903272067,7634
502,2019-11-29,22.762277,22.772135,22.634122,22.654725,23621.90007591,7634
503,2019-12-02,22.703128,22.703128,22.36825,22.383333,33444.478005815,7634
504,2019-12-03,22.279231,22.298947,22.08207,22.279231,76209.75833271,7634
505,2019-12-04,22.466535,22.64398,22.368053,22.525683,84803.03531133,7634
506,2019-12-05,22.604548,22.673554,22.574973,22.614406,49078.386415124,7634
507,2019-12-06,22.69327,22.861843,22.69327,22.811567,39856.164763753,7634
508,2019-12-09,22.811567,22.853957,22.673554,22.673554,138842.986832958,7634
509,2019-12-10,22.673554,22.712986,22.613321,22.663696,46262.922488206,7634
510,2019-12-11,22.653838,22.939722,22.624264,22.90029,49907.449847385,7634
511,2019-12-12,22.910148,23.25518,22.90029,23.146741,74754.70764779,7634
512,2019-12-13,23.176315,23.265038,23.028444,23.146741,87075.319748146,7634
513,2019-12-16,23.30447,23.392404,23.215748,23.235464,73257.267274895,7634
514,2019-12-17,23.294612,23.379786,23.215748,23.363619,68106.427282548,7634
515,2019-12-18,23.314328,23.363619,23.215748,23.363619,41552.738089462,7634
516,2019-12-19,23.30447,23.442483,23.271051,23.373477,42280.263431922,7634
517,2019-12-20,23.432625,23.550922,23.314328,23.367562,55548.235768191,7634
518,2019-12-23,23.363619,23.481916,23.314328,23.452341,74257.861072452,7634
519,2019-12-24,23.491774,23.590354,23.324186,23.363619,231893.280972227,7634
520,2019-12-26,23.412909,23.541064,23.378011,23.521348,231122.380135095,7634
521,2019-12-27,23.600212,23.639645,23.432625,23.550922,34184.818835337,7634
522,2019-12-30,23.525347,23.624694,23.346622,23.37742,50657.980359145,7634
523,2019-12-31,23.346523,23.505378,23.346523,23.435935,45248.541378628,7634
524,2020-01-02,23.654498,23.724041,23.475674,23.633039,82742.063348272,7634
525,2020-01-03,23.426,23.525347,23.366392,23.386261,87890.219968481,7634
526,2020-01-06,23.247176,23.475674,23.118025,23.475674,115484.816317946,7634
527,2020-01-07,23.485608,23.614759,23.366392,23.565086,50664.934642499,7634
528,2020-01-08,23.555151,23.674367,23.44587,23.614759,45972.780316515,7634
529,2020-01-09,23.733976,23.76378,23.584955,23.694237,85050.885421866,7634
530,2020-01-10,23.654498,23.694237,23.44587,23.44587,82142.008041709,7634
531,2020-01-13,23.545216,23.783649,23.529222,23.76378,60158.524890032,7634
532,2020-01-14,23.753845,23.882996,23.654498,23.789113,79545.079943441,7634
533,2020-01-15,23.803518,23.803518,23.575021,23.654498,104823.899935958,7634
534,2020-01-16,23.74391,23.897898,23.733976,23.884784,55256.748594372,7634
535,2020-01-17,24.032016,24.041951,23.924324,24.041951,50900.386807491,7634
536,2020-01-21,23.952539,24.002212,23.858159,23.863127,152308.740147486,7634
537,2020-01-22,23.942604,24.171003,23.942604,24.002212,55142.499653553,7634
538,2020-01-23,24.012147,24.190971,23.882996,24.161167,41461.43735774,7634
539,2020-01-24,24.290318,24.369796,23.892931,24.001616,52470.067907439,7634
540,2020-01-27,23.416066,23.466633,23.198496,23.247176,72877.909144864,7634
541,2020-01-28,23.396196,23.714106,23.346523,23.59489,67862.877377435,7634
542,2020-01-29,23.694237,23.793584,23.455804,23.465739,60238.995883131,7634
543,2020-01-30,23.127959,23.296849,22.956785,23.267045,74121.732396215,7634
544,2020-01-31,23.127959,23.149915,22.601421,22.720637,90477.213376243,7634
545,2020-02-03,22.79018,23.01381,22.766833,22.849788,65691.154032824,7634
546,2020-02-04,23.227306,23.455804,23.227306,23.407522,87995.527687844,7634
547,2020-02-05,23.733976,23.803518,23.574027,23.753845,80174.939321521,7634
548,2020-02-06,23.803518,23.843257,23.604825,23.624694,50453.325734721,7634
549,2020-02-07,23.624694,23.624694,23.336588,23.396196,47589.154461841,7634
550,2020-02-10,23.386261,23.694237,23.381294,23.694237,50996.753305399,7634
551,2020-02-11,23.793584,24.06182,23.773118,23.962474,89844.373591011,7634
552,2020-02-12,24.111494,24.260514,23.992278,24.240645,83941.180492346,7634
553,2020-02-13,24.181037,24.330057,24.072947,24.25058,27929.395419518,7634
554,2020-02-14,24.369796,24.508881,24.260514,24.330057,44253.085389926,7634
555,2020-02-18,24.161167,24.190971,23.941213,24.131363,138276.983276812,7634
556,2020-02-19,24.23071,24.508782,24.23071,24.434371,128747.628143456,7634
557,2020-02-20,24.489012,24.588359,24.101559,24.439339,61811.657390231,7634
558,2020-02-21,24.359861,24.359861,23.873061,23.972408,51743.84203145,7634
559,2020-02-24,23.068351,23.332018,22.849788,23.177633,117379.361797441,7634
560,2020-02-25,23.376327,23.455804,22.462335,22.601421,136890.100482174,7634
561,2020-02-26,22.760376,23.10809,22.402727,22.402727,80811.752982956,7634
562,2020-02-27,21.905993,22.359114,21.637756,21.66756,127561.42609704,7634
563,2020-02-28,21.141021,21.597222,20.892753,21.548344,111463.253601118,7634
564,2020-03-02,21.697364,22.243772,21.428432,22.243772,64387.722638437,7634
565,2020-03-03,22.283511,22.839853,21.59305,21.756972,120528.658687843,7634
566,2020-03-04,22.025209,22.293445,21.826515,22.243772,46823.189823829,7634
567,2020-03-05,21.737103,22.035144,21.170825,21.361075,60591.677396094,7634
568,2020-03-06,20.614483,21.102673,20.525071,20.813177,56430.035543131,7634
569,2020-03-09,19.869381,19.879316,19.074606,19.074606,243419.786778012,7634
570,2020-03-10,20.097879,20.574744,19.650818,20.574744,86668.253036243,7634
571,2020-03-11,19.869381,19.998532,19.087322,19.313038,62951.166391269,7634
572,2020-03-12,17.892378,18.309635,17.256557,17.385708,80975.675376305,7634
573,2020-03-13,18.379177,18.477928,17.547644,18.210288,48253.785256693,7634
574,2020-03-16,16.888974,17.023092,16.129765,16.129765,52155.138218399,7634
575,2020-03-17,16.133937,16.655509,15.696811,16.539273,69785.239990346,7634
576,2020-03-18,15.428574,16.392239,14.712979,15.041121,85007.17278364,7634
577,2020-03-19,15.24975,16.322796,14.852362,15.960279,57341.046662531,7634
578,2020-03-20,16.22335,16.571064,15.587529,15.657072,54993.479295963,7634
579,2020-03-23,15.726615,15.994752,15.239815,15.732178,74939.357424859,7634
580,2020-03-24,16.471717,17.257849,16.471717,17.132374,43695.74925254,7634
581,2020-03-25,17.286361,18.180384,17.067798,17.653945,70466.759759058,7634
582,2020-03-26,17.8129,18.578567,17.758259,18.578567,89468.842289884,7634
583,2020-03-27,17.922182,18.330398,17.728257,17.872508,60510.212933945,7634
584,2020-03-30,17.872508,18.359308,17.723488,18.230157,68916.948040122,7634
585,2020-03-31,18.250026,18.428851,18.007123,18.124055,53640.374449046,7634
586,2020-04-01,17.49499,17.8129,17.137142,17.206884,41211.083156989,7634
587,2020-04-02,17.206884,17.733423,17.157211,17.630797,40833.564917761,7634
588,2020-04-03,17.514859,18.031463,17.097602,17.167145,74212.13807982,7634
589,2020-04-06,17.96192,18.46859,17.96192,18.46859,43884.508372154,7634
590,2020-04-07,19.034867,19.203757,18.311622,18.415936,38581.370580051,7634
591,2020-04-08,18.587806,18.925585,18.379177,18.878495,22553.734386721,7634
592,2020-04-09,19.233561,19.541536,19.138784,19.258398,120983.667513017,7634
593,2020-04-13,19.362712,19.362712,18.940487,19.134214,51148.754070141,7634
594,2020-04-14,19.57134,19.770034,19.462059,19.750165,53722.832380246,7634
595,2020-04-15,19.25343,19.283234,18.998506,19.08454,266752.400900404,7634
596,2020-04-16,19.2733,19.322973,18.995228,19.322973,32841.106405684,7634
597,2020-04-17,19.779969,20.055458,19.710426,19.998532,61958.69080972,7634
598,2020-04-20,19.640883,19.978663,19.516203,19.660753,95776.377292144,7634
599,2020-04-21,19.263365,19.392516,18.875912,18.959661,76130.526816529,7634
600,2020-04-22,19.462059,19.859446,19.350691,19.621014,81143.571645856,7634
601,2020-04-23,19.690557,20.048205,19.690557,19.763875,221567.441541014,7634
602,2020-04-24,19.90912,20.306507,19.80719,20.20716,126451.72116752,7634
603,2020-04-27,20.405854,20.78685,20.405854,20.684026,113579.342678896,7634
604,2020-04-28,21.111217,21.260138,20.77314,20.813177,54957.714410141,7634
605,2020-04-29,21.34965,21.945731,21.34965,21.756972,82837.436377129,7634
606,2020-04-30,21.697364,21.697364,21.081413,21.111217,42021.753902279,7634
607,2020-05-01,20.723764,20.723764,20.415789,20.54494,43065.889874459,7634
608,2020-05-04,20.385985,20.684026,20.273922,20.684026,18944.461325891,7634
609,2020-05-05,20.733699,21.121152,20.733699,20.922458,36664.968781444,7634
610,2020-05-06,21.061544,21.270172,20.982066,20.992001,34749.560451887,7634
611,2020-05-07,21.439062,21.607853,21.359585,21.49867,57145.333259563,7634
612,2020-05-08,21.796711,22.104686,21.686734,22.094752,43679.85374773,7634
613,2020-05-11,21.886123,22.243673,21.776842,22.135782,79852.061880076,7634
614,2020-05-12,22.233837,22.32315,21.647691,21.647691,41468.391641095,7634
615,2020-05-13,21.568213,21.598017,20.912524,21.160891,63653.549010043,7634
616,2020-05-14,20.793307,21.240368,20.528051,21.230434,44897.846803766,7634
617,2020-05-15,21.021805,21.299976,20.86285,21.20063,38251.538855252,7634
618,2020-05-18,21.677495,22.233837,21.677495,22.152373,76465.325886581,7634
619,2020-05-19,22.074882,22.243772,21.935797,21.975337,26676.630946711,7634
620,2020-05-20,22.253707,22.492139,22.199066,22.30338,131072.34572186,7634
621,2020-05-21,22.313315,22.431438,21.950699,22.055013,39770.553033619,7634
622,2020-05-22,21.935797,22.104686,21.727168,22.104686,46079.081504929,7634
623,2020-05-26,22.690833,22.844821,22.452401,22.452401,68976.556183158,7634
624,2020-05-27,22.661029,22.661029,21.955666,22.399945,25199.342468469,7634
625,2020-05-28,22.651094,22.760376,22.263641,22.263641,56833.383977674,7634
626,2020-05-29,22.343119,22.646127,22.263641,22.626854,30174.635473874,7634
627,2020-06-01,22.690833,22.929266,22.631225,22.889527,49454.889338868,7634
628,2020-06-02,23.068351,23.316719,22.909396,23.25711,111416.560555739,7634
629,2020-06-03,23.525347,23.902865,23.525347,23.813453,203779.378190021,7634
630,2020-06-04,23.654498,23.753845,23.416066,23.59489,109634.277078963,7634
631,2020-06-05,24.08169,24.658399,24.08169,24.439339,77911.816824254,7634
632,2020-06-08,24.558555,24.677771,24.339992,24.677771,80627.961208595,7634
633,2020-06-09,24.469143,24.638032,24.432682,24.528751,39944.410117474,7634
634,2020-06-10,24.618163,24.638032,24.249685,24.300253,62417.673511097,7634
635,2020-06-11,23.674367,23.674367,22.800115,22.800115,145561.098355811,7634
636,2020-06-12,23.346523,23.674268,22.839853,23.267045,99654.880465686,7634
637,2020-06-15,22.810049,23.803419,22.730572,23.74391,92418.451901116,7634
638,2020-06-16,24.369796,24.508881,23.783649,24.08169,119214.299133899,7634
639,2020-06-17,24.260514,24.379731,24.116461,24.190971,73323.976748584,7634
640,2020-06-18,24.121429,24.210841,23.932669,24.06182,79846.101065773,7634
641,2020-06-19,24.310188,24.403772,23.863127,23.962474,100617.551975717,7634
642,2020-06-22,24.06182,24.141298,23.892633,24.051886,62641.204047482,7634
643,2020-06-23,24.349926,24.419469,24.240645,24.260514,79358.307761928,7634
644,2020-06-24,24.220775,24.280384,23.59489,23.773714,78283.374249179,7634
645,2020-06-25,23.664433,23.843257,23.391229,23.79716,41070.010551804,7634
646,2020-06-26,23.714106,23.783649,23.267045,23.336588,90980.902184897,7634
647,2020-06-29,23.438454,23.766334,23.249675,23.766334,40365.012587728,7634
648,2020-06-30,23.70672,24.1737,23.70672,24.090538,53949.181644475,7634
649,2020-07-01,24.114086,24.114086,23.865692,23.915371,65871.098299822,7634
650,2020-07-02,24.1737,24.342608,24.044635,24.089247,40060.978376832,7634
651,2020-07-06,24.69036,24.899011,24.69036,24.849332,48255.992009077,7634
652,2020-07-07,24.720167,24.908947,24.511616,24.531388,53391.785591166,7634
653,2020-07-08,24.62081,24.769846,24.491645,24.769846,90482.965744577,7634
654,2020-07-09,24.908947,24.908947,24.43203,24.710231,60222.619577791,7634
655,2020-07-10,24.809589,24.889075,24.687975,24.879139,149979.281374117,7634
656,2020-07-13,25.048047,25.239112,24.521452,24.551259,70501.161772938,7634
657,2020-07-14,24.43203,24.94869,24.302865,24.899011,81845.810857925,7634
658,2020-07-15,25.177212,25.435542,25.125745,25.316313,37569.090138511,7634
659,2020-07-16,25.147405,25.27657,25.048047,25.246762,36437.4072424,7634
660,2020-07-17,25.34612,25.505092,25.246762,25.505092,29142.573332611,7634
661,2020-07-20,25.455413,25.713743,25.41577,25.614385,91092.027742221,7634
662,2020-07-21,25.882651,25.952201,25.654129,25.723679,42517.097884459,7634
663,2020-07-22,25.803165,25.892487,25.733615,25.823036,48484.514455175,7634
664,2020-07-23,25.882651,26.016784,25.584578,25.683936,34590.349732416,7634
665,2020-07-24,25.34612,25.534899,25.246762,25.306377,42363.093627306,7634
666,2020-07-27,25.455413,25.813001,25.408218,25.785579,29295.584013911,7634
667,2020-07-28,25.455413,25.477272,25.197084,25.216955,43869.354619848,7634
668,2020-07-29,25.425606,25.74355,25.365992,25.634257,79475.138873621,7634
669,2020-07-30,25.375927,25.634257,25.187148,25.634257,31581.802050744,7634
670,2020-07-31,25.773358,25.773358,25.266634,25.485221,43134.108488924,7634
671,2020-08-03,25.952201,26.776869,25.952201,26.637769,56921.960595454,7634
672,2020-08-04,26.568218,26.647704,26.501748,26.647704,45509.74835249,7634
673,2020-08-05,26.737126,26.945777,26.72719,26.886163,73534.548850926,7634
674,2020-08-06,26.65764,26.826548,26.548347,26.766933,87443.617211473,7634
675,2020-08-07,26.756998,26.826548,26.56027,26.796741,54943.751072927,7634
676,2020-08-10,26.796741,26.806677,26.598026,26.717255,41294.006009909,7634
677,2020-08-11,26.886163,27.025263,26.698575,26.717255,43703.427452464,7634
678,2020-08-12,26.866291,27.213049,26.84642,27.1743,67325.693348029,7634
679,2020-08-13,27.05507,27.184235,26.941604,27.045135,49278.381561402,7634
680,2020-08-14,27.045135,27.05507,26.737126,26.816612,33095.018074253,7634
681,2020-08-17,27.005392,27.144492,26.965649,27.025263,39900.019088711,7634
682,2020-08-18,27.05507,27.074942,26.826548,26.836484,52247.186208971,7634
683,2020-08-19,26.844432,26.945777,26.617897,26.687447,63942.567569926,7634
684,2020-08-20,26.458925,26.546161,26.379439,26.508604,24452.895308339,7634
685,2020-08-21,26.369503,26.478796,26.319824,26.439053,38933.269784131,7634
686,2020-08-24,26.697383,26.776869,26.598026,26.647704,47449.208416766,7634
687,2020-08-25,26.836484,26.906034,26.697383,26.886163,45635.932485771,7634
688,2020-08-26,26.886163,27.025263,26.826548,26.955713,110958.576914958,7634
689,2020-08-27,27.015327,27.05507,26.53851,26.677512,96472.24098405,7634
690,2020-08-28,26.717255,26.906034,26.627833,26.906034,34328.04570733,7634
691,2020-08-31,26.91597,26.91597,26.637769,26.667576,245635.796583182,7634
692,2020-09-01,26.826548,27.1743,26.756998,27.1743,72375.045830942,7634
693,2020-09-02,27.293529,27.690959,27.154428,27.651216,187160.876930115,7634
694,2020-09-03,27.422694,27.422694,26.250274,26.319824,132950.384836406,7634
695,2020-09-04,26.528475,26.687348,25.733615,26.32976,82279.009929659,7634
696,2020-09-08,25.723679,25.902522,25.515028,25.544835,91628.558702625,7634
697,2020-09-09,25.902522,26.364535,25.882651,26.309889,52353.498825199,7634
698,2020-09-10,26.429118,26.578154,25.982009,25.982009,48336.471653137,7634
699,2020-09-11,26.270146,26.458925,26.031687,26.170788,47966.86143597,7634
700,2020-09-14,26.429118,26.548347,26.379439,26.478796,34700.636652055,7634
701,2020-09-15,26.607961,26.737126,26.568218,26.607961,46912.677456362,7634
702,2020-09-16,26.607961,26.766933,26.533443,26.548347,29848.012187957,7634
703,2020-09-17,26.170788,26.468761,26.07143,26.299953,35782.640755536,7634
704,2020-09-18,26.637769,26.637769,26.005854,26.111173,41512.592697481,7634
705,2020-09-21,25.654129,25.654129,25.147405,25.539867,58548.44426616,7634
706,2020-09-22,25.574642,25.803165,25.306377,25.763422,32324.003212636,7634
707,2020-09-23,25.773358,25.783293,25.137469,25.137469,42793.311971482,7634
708,2020-09-24,24.928818,25.385863,24.749974,25.105078,43867.367468143,7634
709,2020-09-25,24.938754,25.361024,24.849332,25.326248,49291.298047486,7634
710,2020-09-28,25.634257,25.882651,25.594514,25.872715,59404.906651101,7634
711,2020-09-29,25.952201,26.170788,25.862779,26.031687,58380.529947071,7634
712,2020-09-30,26.061495,26.299953,25.982009,26.031687,27540.929058219,7634
713,2020-10-01,26.379439,26.617897,26.379439,26.617897,49076.685663324,7634
714,2020-10-02,26.180724,26.444021,26.10243,26.280081,43283.144866814,7634
715,2020-10-05,26.409246,26.876227,26.409246,26.876227,63097.034519363,7634
716,2020-10-06,26.955713,27.144492,26.611836,26.617897,48613.679316013,7634
717,2020-10-07,26.975584,27.218315,26.975584,27.1743,37647.582630867,7634
718,2020-10-08,27.363079,27.472372,27.263721,27.462437,48480.540151764,7634
719,2020-10-09,27.671087,27.904578,27.671087,27.800252,36910.349348237,7634
720,2020-10-12,28.068518,28.197683,28.009003,28.148004,57260.769961191,7634
721,2020-10-13,28.008903,28.098325,27.750574,27.83006,52591.957029823,7634
722,2020-10-14,27.89961,27.979096,27.651216,27.700895,33195.369235366,7634
723,2020-10-15,27.3134,27.670988,27.164364,27.57173,84971.600490205,7634
724,2020-10-16,27.770445,27.939353,27.730702,27.750574,66612.305885862,7634
725,2020-10-19,27.83006,27.894642,27.402822,27.462437,141077.835310674,7634
726,2020-10-20,27.64128,27.809195,27.546891,27.591601,36922.272258469,7634
727,2020-10-21,27.561794,27.703975,27.363079,27.373015,35722.032628528,7634
728,2020-10-22,27.452501,27.530497,27.19427,27.452501,34876.499577965,7634
729,2020-10-23,27.561794,27.64128,27.422594,27.64128,49853.661980058,7634
730,2020-10-26,27.24385,27.323336,26.798728,27.094814,141517.989413376,7634
731,2020-10-27,27.084878,27.084878,26.522414,26.568218,78186.470992799,7634
732,2020-10-28,25.972073,25.977041,25.534899,25.624321,141849.843748144,7634
733,2020-10-29,25.644193,26.111173,25.534899,25.982009,46559.958028689,7634
734,2020-10-30,25.922394,25.922394,25.614385,25.783293,91136.738655588,7634
735,2020-11-02,25.991944,26.250274,25.912458,26.131045,42803.247730008,7634
736,2020-11-03,26.429118,26.816612,26.429118,26.816612,68132.47694034,7634
737,2020-11-04,26.91597,27.124819,26.64373,26.886163,35146.752209872,7634
738,2020-11-05,27.50218,28.028675,27.45886,27.929417,79834.813332263,7634
739,2020-11-06,27.909546,28.197683,27.874771,28.088389,129619.918578491,7634
740,2020-11-09,29.409845,29.509203,28.515627,28.515627,79096.586473781,7634
741,2020-11-10,28.336783,28.366591,27.989032,28.078454,52321.704397916,7634
742,2020-11-11,28.247361,28.436042,28.207718,28.406334,130541.956969704,7634
743,2020-11-12,28.346719,28.346719,27.849931,27.96916,53077.815621745,7634
744,2020-11-13,28.237426,28.465948,28.237426,28.436141,70715.7741571,7634
745,2020-11-16,28.853443,29.042222,28.8137,29.032286,76995.173545532,7634
746,2020-11-17,28.8137,28.972672,28.64976,28.853443,101774.955309376,7634
747,2020-11-18,28.982608,29.096869,28.714342,28.764021,65760.811380184,7634
748,2020-11-19,28.783892,29.14158,28.704406,29.091901,56651.707963547,7634
749,2020-11-20,29.181323,29.191259,29.052158,29.072029,79786.128115485,7634
750,2020-11-23,29.28068,29.449588,29.21113,29.389974,150120.369145187,7634
751,2020-11-24,29.648303,29.837083,29.409845,29.837083,117328.391705976,7634
752,2020-11-25,29.717854,29.72779,29.509203,29.628432,106871.005857361,7634
753,2020-11-27,29.827147,30.015927,29.807276,29.986119,37206.434952312,7634
754,2020-11-30,29.956312,29.996055,29.573785,29.737725,84670.547006867,7634
755,2020-12-01,30.045734,30.234414,30.029837,30.135156,98518.013664553,7634
756,2020-12-02,29.976183,30.26432,29.906733,30.26432,65339.535218681,7634
757,2020-12-03,30.343807,30.592201,30.333871,30.413357,185478.753011663,7634
758,2020-12-04,30.512714,31.118796,30.512714,31.118796,75515.73910101,7634
759,2020-12-07,31.059181,31.118796,30.840594,30.910145,85621.399097805,7634
760,2020-12-08,30.810787,31.098924,30.631944,31.079053,110909.89169818,7634
761,2020-12-09,31.088988,31.188346,30.279224,30.413357,139950.126717973,7634
762,2020-12-10,30.363678,30.582265,30.115284,30.502779,61741.797056417,7634
763,2020-12-11,30.244449,30.343807,29.93644,30.174899,56356.615935325,7634
764,2020-12-14,30.38355,30.530599,30.271772,30.313999,56672.573056451,7634
765,2020-12-15,30.542522,30.949888,30.513311,30.949888,115530.01941277,7634
766,2020-12-16,30.979695,31.029374,30.741237,30.900209,79957.023162132,7634
767,2020-12-17,30.920081,30.994599,30.85053,30.920081,62762.199457037,7634
768,2020-12-18,31.069117,31.188346,30.969759,31.128731,110090.191619785,7634
769,2020-12-21,30.572329,30.880337,30.353742,30.820723,209722.997390955,7634
770,2020-12-22,30.840594,31.079053,30.820723,31.069117,94361.885873127,7634
771,2020-12-23,31.188346,31.446676,31.188346,31.347318,95923.787113414,7634
772,2020-12-24,31.456611,31.456611,31.208218,31.327447,51077.747430461,7634
773,2020-12-28,31.645391,31.724877,31.516226,31.546033,57754.577159933,7634
774,2020-12-29,31.705005,31.794328,31.208218,31.307575,69501.624465223,7634
775,2020-12-30,31.510859,31.749804,31.510859,31.700024,90029.46258001,7634
776,2020-12-31,31.769716,31.769716,31.510859,31.650244,86669.29983871,7634
777,2021-01-04,32.227694,32.28743,31.461079,31.719936,99894.900388467,7634
778,2021-01-05,31.769716,32.367079,31.769716,32.322277,71682.476210625,7634
779,2021-01-06,32.167958,33.039111,32.068398,32.805144,184055.278713674,7634
780,2021-01-07,32.934573,33.392551,32.894749,33.392551,106411.127097151,7634
781,2021-01-08,33.701188,33.82066,33.253166,33.581715,141363.788833098,7634
782,2021-01-11,33.24321,33.512023,33.133793,33.412463,155759.223818714,7634
783,2021-01-12,33.601627,33.855506,33.531935,33.760924,127258.074546064,7634
784,2021-01-13,33.940133,33.989913,33.641452,33.701188,148744.199618655,7634
785,2021-01-14,33.750968,33.950089,33.661364,33.701188,163882.355020571,7634
786,2021-01-15,33.362683,33.395936,32.785232,33.004265,142866.154929874,7634
787,2021-01-19,33.581715,33.731056,33.502067,33.731056,134948.118105709,7634
788,2021-01-20,33.970001,34.109385,33.840572,33.940133,105224.367397113,7634
789,2021-01-21,34.009825,34.099429,33.731056,33.930177,116029.655169358,7634
790,2021-01-22,33.601627,33.760924,33.452287,33.741012,97636.871026314,7634
791,2021-01-25,33.741012,33.910265,33.253266,33.571759,281684.184909786,7634
792,2021-01-26,33.7211,33.800748,33.273178,33.561803,85907.662950682,7634
793,2021-01-27,32.869859,32.994309,32.367079,32.566199,147476.796012826,7634
794,2021-01-28,33.014221,33.203386,32.804547,32.994309,125255.915354137,7634
795,2021-01-29,33.283034,33.283034,32.357123,32.426815,84122.545381749,7634
796,2021-02-01,32.785232,33.34277,32.685672,33.24321,105804.804398054,7634
797,2021-02-02,33.681276,33.825638,33.526957,33.790792,91780.729620587,7634
798,2021-02-03,33.790792,33.790792,33.372639,33.571759,141019.309926878,7634
799,2021-02-04,33.502067,33.681276,33.332814,33.661364,83196.633870813,7634
800,2021-02-05,33.87044,34.018088,33.711144,33.850528,60469.986494322,7634
801,2021-02-08,34.089473,34.477759,34.089473,34.477759,128555.34626515,7634
802,2021-02-09,34.308506,34.607187,34.308506,34.507627,105791.861548977,7634
803,2021-02-10,34.666923,34.676879,34.089473,34.258726,107712.381231338,7634
804,2021-02-11,34.666923,34.846132,34.507627,34.846132,77588.397805111,7634
805,2021-02-12,34.746572,35.154769,34.587275,35.134857,70649.039491967,7634
806,2021-02-16,35.274242,35.482323,35.095033,35.154769,97072.363685775,7634
807,2021-02-17,35.070143,35.154769,34.647011,34.965605,81685.307340059,7634
808,2021-02-18,34.895912,34.895912,34.427979,34.786396,78272.377598674,7634
809,2021-02-19,35.055209,35.434036,35.055209,35.40367,77535.630805026,7634
810,2021-02-22,34.955649,35.284198,34.846132,34.905868,97604.016101732,7634
811,2021-02-23,34.447891,34.597231,33.661364,34.467803,166981.669572769,7634
812,2021-02-24,34.308506,35.194593,34.308506,35.164725,122371.651217382,7634
813,2021-02-25,35.025341,35.134857,33.850528,33.970001,125396.29548644,7634
814,2021-02-26,33.900309,33.940133,33.163562,33.571759,202368.414554702,7634
815,2021-03-01,33.82066,34.368242,33.82066,34.328418,73020.567684494,7634
816,2021-03-02,34.318462,34.318462,33.502067,33.521979,446627.85355472,7634
817,2021-03-03,33.82066,33.899313,33.044089,33.044089,78049.362353029,7634
818,2021-03-04,32.854925,33.034133,31.550684,31.889189,159817.30480643,7634
819,2021-03-05,32.28743,32.516419,31.271915,32.446727,163155.564264675,7634
820,2021-03-08,32.337211,32.596765,31.906413,31.938969,100075.104671778,7634
821,2021-03-09,32.367079,32.895744,32.367079,32.735452,53486.82161507,7634
822,2021-03-10,32.775276,32.984353,32.476595,32.61598,96837.401194828,7634
823,2021-03-11,33.173518,33.571759,33.153606,33.531935,76482.282010864,7634
824,2021-03-12,33.123738,33.221904,32.864881,33.14365,67220.180090178,7634
825,2021-03-15,33.352726,33.531039,33.14803,33.472199,66511.310202236,7634
826,2021-03-16,33.661364,33.760924,33.423813,33.521979,49511.375740696,7634
827,2021-03-17,33.273078,33.651408,33.053448,33.541891,78659.667467226,7634
828,2021-03-18,33.233254,33.482155,32.706779,32.820078,34654.976207162,7634
829,2021-03-19,32.71554,32.979375,32.506463,32.894749,40596.739537555,7634
830,2021-03-22,33.14365,33.452287,32.934573,33.203386,57224.31818717,7634
831,2021-03-23,33.233254,33.233254,32.277474,32.396947,102458.580109607,7634
832,2021-03-24,32.576156,32.705584,32.08831,32.108222,69830.653188753,7634
833,2021-03-25,31.919057,32.382013,31.650244,32.357123,162441.716357857,7634
834,2021-03-26,32.496507,33.103826,32.450112,33.103826,39509.540215037,7634
835,2021-03-29,33.024177,33.034133,32.616079,32.745408,27650.90364863,7634
836,2021-03-30,32.566199,32.800166,32.56381,32.76532,37594.994155327,7634
837,2021-03-31,32.964441,33.342173,32.954485,33.183474,44081.352750755,7634
838,2021-04-01,33.541891,33.760924,33.467221,33.731056,50133.628100196,7634
839,2021-04-05,34.169122,34.39811,34.049649,34.388154,83992.121287198,7634
840,2021-04-06,34.318462,34.447891,34.179078,34.24877,53351.419501642,7634
841,2021-04-07,34.288594,34.288594,33.930177,34.009825,43692.071674652,7634
842,2021-04-08,34.268682,34.29855,34.069561,34.29855,45213.354243158,7634
843,2021-04-09,34.213924,34.39811,34.094451,34.39811,53872.120276072,7634
844,2021-04-12,34.208946,34.228858,33.890353,34.129297,52522.081556901,7634
845,2021-04-13,34.218902,34.228858,33.950089,34.129297,61205.737684195,7634
846,2021-04-14,34.179078,34.437935,34.089473,34.139253,82168.175171031,7634
847,2021-04-15,34.607187,34.607187,34.19899,34.408066,53151.303142827,7634
848,2021-04-16,34.607187,34.754935,34.557407,34.577319,54644.708805627,7634
849,2021-04-19,34.597231,34.597231,34.029737,34.159166,113153.355862806,7634
850,2021-04-20,33.979957,33.989913,33.372639,33.492111,76718.240105586,7634
851,2021-04-21,33.283034,34.099429,33.263122,34.079517,614886.88277107,7634
852,2021-04-22,34.079517,34.288594,33.850528,33.910265,41252.842425412,7634
853,2021-04-23,34.34833,34.836176,34.268682,34.746572,37377.952532334,7634
854,2021-04-26,34.806308,35.174681,34.806308,35.085077,83852.73675867,7634
855,2021-04-27,35.264286,35.294154,34.876,34.985517,73432.747647426,7634
856,2021-04-28,35.085077,35.085077,34.676879,34.846132,28146.714328679,7634
857,2021-04-29,35.35389,35.383659,34.756528,35.035297,36853.269342803,7634
858,2021-04-30,34.517583,34.525548,33.930177,33.999869,71560.016946275,7634
859,2021-05-03,34.24877,34.25106,33.860484,33.920221,68241.669563534,7634
860,2021-05-04,33.621539,33.780836,33.025173,33.322858,36718.862833151,7634
861,2021-05-05,33.521979,33.67132,33.253166,33.521979,43773.711184218,7634
862,2021-05-06,33.521979,33.800748,33.312902,33.800748,31535.74957946,7634
863,2021-05-07,34.029737,34.418023,34.029737,34.268682,53484.830407519,7634
864,2021-05-10,34.049649,34.099429,33.253166,33.263122,173594.469847647,7634
865,2021-05-11,32.386991,32.984353,32.247606,32.934573,89639.185900132,7634
866,2021-05-12,32.586112,32.586112,31.929013,31.929013,73383.963062442,7634
867,2021-05-13,32.078354,32.506463,31.940662,32.297386,42619.806408762,7634
868,2021-05-14,32.795188,33.352726,32.66576,33.113782,53776.542313653,7634
869,2021-05-17,33.044089,33.044089,32.655804,32.864881,55512.875297602,7634
870,2021-05-18,33.173518,33.332814,32.954485,32.984353,48753.721267769,7634
871,2021-05-19,32.327255,32.844969,32.257562,32.825056,36856.256154129,7634
872,2021-05-20,32.994309,33.551748,32.994309,33.462243,22014.790677222,7634
873,2021-05-21,33.611583,33.681276,33.372639,33.382595,75430.924424253,7634
874,2021-05-24,33.631496,33.930177,33.442331,33.880396,71056.241436024,7634
875,2021-05-25,34.009825,34.149209,33.780836,33.840572,66503.345372034,7634
876,2021-05-26,33.960045,34.099429,33.850528,34.029737,51047.59236583,7634
877,2021-05-27,34.109385,34.447891,34.079517,34.408066,64264.23248161,7634
878,2021-05-28,34.547451,34.627,34.487715,34.507627,44754.38090279,7634
879,2021-06-01,34.816264,34.846132,34.537495,34.686836,44848.963261434,7634
880,2021-06-02,34.656967,34.736616,34.557407,34.597231,21344.749336513,7634
881,2021-06-03,34.328418,34.587275,34.22388,34.408066,27190.934704487,7634
882,2021-06-04,34.587275,35.045253,34.467803,34.995473,112032.30601193,7634
883,2021-06-07,34.995473,35.045253,34.29855,34.975561,114588.020902869,7634
884,2021-06-08,35.343934,35.343934,35.030319,35.154769,37840.908287802,7634
885,2021-06-09,35.314066,35.314066,35.045253,35.065165,37239.563607581,7634
886,2021-06-10,35.324022,35.373802,35.100011,35.294154,42353.980200783,7634
887,2021-06-11,35.234418,35.393714,35.234418,35.393714,23345.912924665,7634
888,2021-06-14,35.523143,35.572923,35.299132,35.523143,70021.809113591,7634
889,2021-06-15,35.543055,35.580888,35.324022,35.40367,51749.493027346,7634
890,2021-06-16,35.324022,35.553011,35.055209,35.234418,45399.53214912,7634
891,2021-06-17,34.935736,35.35379,34.823034,35.035297,28422.49657441,7634
892,2021-06-18,34.716704,34.728153,34.308506,34.408066,40045.175046094,7634
893,2021-06-21,34.637055,34.935736,34.487715,34.935736,64276.179726912,7634
894,2021-06-22,34.746572,35.025341,34.64502,35.025341,42558.078974699,7634
895,2021-06-23,35.005429,35.214506,35.000451,35.015385,82712.770436066,7634
896,2021-06-24,35.274242,35.343934,35.134857,35.333978,484876.959390354,7634
897,2021-06-25,35.463406,35.582879,35.393714,35.483319,26394.451684327,7634
898,2021-06-28,35.503231,35.576408,35.343934,35.483319,38692.149515598,7634
899,2021-06-29,35.395051,35.744017,35.395051,35.694164,26860.357216038,7634
900,2021-06-30,35.58449,35.60443,35.416089,35.60443,42027.38594545,7634
901,2021-07-01,35.59446,35.634342,35.47312,35.564549,50777.441436466,7634
902,2021-07-02,35.654283,35.783898,35.62138,35.724076,23321.849132901,7634
903,2021-07-06,35.734046,35.873632,35.424963,35.634342,42560.80432372,7634
904,2021-07-07,35.893573,35.893573,35.4798,35.714105,46274.792097652,7634
905,2021-07-08,35.185672,35.454874,34.836707,35.295347,39921.629655908,7634
906,2021-07-09,35.37511,35.893573,35.36514,35.83375,40612.580938414,7634
907,2021-07-12,36.04313,36.172745,35.883603,36.083011,40603.607545135,7634
908,2021-07-13,36.033159,36.287405,35.937144,35.953396,36948.445349367,7634
909,2021-07-14,36.102952,36.392095,35.963366,36.023189,24483.405040721,7634
910,2021-07-15,35.773928,35.773928,35.419977,35.624371,42384.327589227,7634
911,2021-07-16,35.753987,35.863662,35.215583,35.225554,17440.288360168,7634
912,2021-07-19,34.637298,34.756345,34.417948,34.647268,61745.919154863,7634
913,2021-07-20,34.667209,35.374113,34.567006,35.235524,27772.652199434,7634
914,2021-07-21,35.305317,35.893573,35.305317,35.893573,21242.015979499,7634
915,2021-07-22,35.83375,35.83375,35.564549,35.638131,63969.326600734,7634
916,2021-07-23,35.883603,36.073041,35.714903,36.04313,39885.736082791,7634
917,2021-07-26,36.102952,36.192686,36.037147,36.132864,51281.945547502,7634
918,2021-07-27,35.993277,35.993277,35.335229,35.614401,50732.574470069,7634
919,2021-07-28,35.474815,36.112923,35.474815,36.033159,84169.431916136,7634
920,2021-07-29,36.402065,36.751031,36.402065,36.671267,38656.381203527,7634
921,2021-07-30,36.481829,36.880646,36.481829,36.880646,27625.089732174,7634
922,2021-08-02,37.149848,37.319346,36.980351,37.000292,21927.982043516,7634
923,2021-08-03,37.119937,37.389139,36.920528,37.329316,60988.165944611,7634
924,2021-08-04,37.598518,37.618459,37.349257,37.488843,74633.705991334,7634
925,2021-08-05,37.41905,37.608488,37.060114,37.169789,40234.701376986,7634
926,2021-08-06,37.169789,37.369198,37.060114,37.229612,33108.830069524,7634
927,2021-08-09,37.060114,37.229612,37.000292,37.099996,32772.826343399,7634
928,2021-08-10,37.109966,37.18973,36.930598,37.050144,25343.853751836,7634
929,2021-08-11,37.129907,37.389139,36.969583,37.209671,28721.837799644,7634
930,2021-08-12,36.96041,37.162112,36.950439,37.109966,67076.114762768,7634
931,2021-08-13,37.099996,37.099996,36.850735,36.96041,63084.948840874,7634
932,2021-08-16,36.810853,36.880646,36.583926,36.880646,32364.038427342,7634
933,2021-08-17,36.461888,36.641356,36.033259,36.172745,45680.554053823,7634
934,2021-08-18,36.441947,36.521711,36.0531,36.112923,17224.926921465,7634
935,2021-08-19,35.684194,36.109234,35.608419,35.913514,122876.662348246,7634
936,2021-08-20,35.873632,36.471858,35.873632,36.471858,128530.897157902,7634
937,2021-08-23,36.601474,36.978456,36.601474,36.940469,34998.227876665,7634
938,2021-08-24,36.880646,37.249353,36.880646,37.1997,44323.577581254,7634
939,2021-08-25,37.1997,37.379168,37.179759,37.309375,54169.384096041,7634
940,2021-08-26,37.249553,37.309375,37.080155,37.179759,28575.272376082,7634
941,2021-08-27,37.18973,37.885367,37.18973,37.817867,40385.254975339,7634
942,2021-08-30,38.136921,38.218679,37.987365,38.136921,63688.160277983,7634
943,2021-08-31,38.186774,38.216685,37.718163,37.957454,68266.584937821,7634
944,2021-09-01,38.186774,38.455975,38.10701,38.306419,67548.713475477,7634
945,2021-09-02,38.655384,38.705236,38.416094,38.535739,80971.912777612,7634
946,2021-09-03,38.485887,38.665355,38.485887,38.505828,29760.757332647,7634
947,2021-09-07,38.695266,38.735148,38.200333,38.396153,48744.469336855,7634
948,2021-09-08,37.977394,38.067128,37.628429,37.857749,78687.685666182,7634
949,2021-09-09,37.708193,38.126951,37.708193,37.897631,33696.088807469,7634
950,2021-09-10,38.166833,38.416094,38.017176,38.027247,64182.693952042,7634
951,2021-09-13,38.116981,38.116981,37.787956,37.927542,67471.941110754,7634
952,2021-09-14,38.296448,38.296448,37.777986,37.847779,52398.634488926,7634
953,2021-09-15,37.787956,37.937513,37.598119,37.887661,49237.008923519,7634
954,2021-09-16,37.827838,38.067128,37.688252,38.007306,58178.496804493,7634
955,2021-09-17,37.887661,37.925548,37.41915,37.578577,45183.029248671,7634
956,2021-09-20,36.751031,36.890617,36.328284,36.681238,93497.772751818,7634
957,2021-09-21,37.010262,37.149848,36.683132,36.800883,64706.141893335,7634
958,2021-09-22,37.090026,37.581568,37.061909,37.528725,54442.574069211,7634
959,2021-09-23,37.777986,38.236526,37.759042,38.092054,52204.210967874,7634
960,2021-09-24,37.837808,37.962439,37.748074,37.87769,46396.431428772,7634
961,2021-09-27,37.728134,37.787956,37.463917,37.628429,74361.513061861,7634
962,2021-09-28,37.060114,37.070085,36.488011,36.50177,70009.417321401,7634
963,2021-09-29,36.641356,36.681238,36.28242,36.362184,43299.613703716,7634
964,2021-09-30,36.362184,36.631385,36.038144,36.192686,113422.694006654,7634
965,2021-10-01,36.122893,36.25899,35.694264,36.142834,109587.066901602,7634
966,2021-10-04,35.923484,35.923484,35.345199,35.534637,49144.283859633,7634
967,2021-10-05,35.534637,35.963266,35.514697,35.773928,45648.648655497,7634
968,2021-10-06,35.285376,35.544608,35.128442,35.454874,55426.656198841,7634
969,2021-10-07,35.913514,36.375245,35.913514,36.073041,33699.079938562,7634
970,2021-10-08,36.122893,36.192686,35.773529,35.83375,44613.717297284,7634
971,2021-10-11,35.704135,35.953396,35.514697,35.534637,20116.353644795,7634
972,2021-10-12,35.734046,35.773928,35.524667,35.60443,39698.291867623,7634
973,2021-10-13,35.654283,35.83375,35.514796,35.734046,26662.942563893,7634
974,2021-10-14,36.04313,36.491799,36.04313,36.451918,23566.124838837,7634
975,2021-10-15,36.691208,36.790912,36.521711,36.521711,42751.239669981,7634
976,2021-10-18,36.27245,36.631385,36.212627,36.541652,62244.441003713,7634
977,2021-10-19,36.840765,37.060114,36.800883,37.040173,41061.250602379,7634
978,2021-10-20,37.060114,37.319346,36.990321,37.249553,87617.209022783,7634
979,2021-10-21,37.040173,37.289434,36.997899,37.259523,59997.104509098,7634
980,2021-10-22,37.379168,37.518754,37.009963,37.109966,42588.721547256,7634
981,2021-10-25,37.060114,37.248954,36.927208,37.159819,55061.738205483,7634
982,2021-10-26,37.41905,37.558736,37.060114,37.099996,63040.081874478,7634
983,2021-10-27,37.309375,37.359227,37.000292,37.060114,69326.442388476,7634
984,2021-10-28,37.339286,37.947483,37.339286,37.937513,30615.223781576,7634
985,2021-10-29,37.548666,37.952468,37.468902,37.947483,32495.648195438,7634
986,2021-11-01,38.017276,38.436035,38.007306,38.416094,63734.024288077,7634
987,2021-11-02,38.346301,38.824882,38.346301,38.785,56325.989614166,7634
988,2021-11-03,38.824882,39.044231,38.715207,38.984409,50891.104418003,7634
989,2021-11-04,39.193788,39.322107,39.084113,39.153906,162910.957941994,7634
990,2021-11-05,39.433078,39.522812,39.283522,39.512842,56538.359921776,7634
991,2021-11-08,39.762103,39.831896,39.662398,39.752132,82483.431023326,7634
992,2021-11-09,39.92163,40.16092,39.693506,39.752132,52678.80376798,7634
993,2021-11-10,39.403167,39.570969,38.751998,38.854793,104087.373865089,7634
994,2021-11-11,39.223699,39.388211,39.062477,39.353315,37594.529665476,7634
995,2021-11-12,39.562694,39.841866,39.47296,39.752132,207488.781666161,7634
996,2021-11-15,40.021334,40.049251,39.742162,39.792014,42278.640957271,7634
997,2021-11-16,39.811955,40.260625,39.792014,40.220743,49400.524089942,7634
998,2021-11-17,40.310477,40.319749,40.061216,40.140979,33590.402175513,7634
999,2021-11-18,40.270595,40.340388,39.836881,40.121038,81817.405833262,7634
1000,2021-11-19,40.021334,40.16092,39.831896,39.851837,77637.798652504,7634
1001,2021-11-22,39.951541,40.200802,39.477945,39.502871,97468.000756059,7634
1002,2021-11-23,39.193788,39.492901,38.678117,38.954497,122194.684459019,7634
1003,2021-11-24,38.376212,38.75449,38.186873,38.735148,103034.495720318,7634
1004,2021-11-26,37.887661,38.010297,37.339286,37.468902,42697.399310305,7634
1005,2021-11-29,38.087069,38.316389,37.837808,38.196744,76682.630790107,7634
1006,2021-11-30,38.09704,38.306419,37.468902,37.698222,75940.830279018,7634
1007,2021-12-01,38.366241,38.814911,37.588547,37.628429,89153.653360939,7634
1008,2021-12-02,37.518754,38.077099,37.399109,37.857749,124612.515425941,7634
1009,2021-12-03,37.997335,38.166833,37.070085,37.279464,26637.019427753,7634
1010,2021-12-06,37.618459,37.847779,37.100794,37.748074,152856.769294387,7634
1011,2021-12-07,38.276508,39.074143,38.276508,38.934556,41015.386592285,7634
1012,2021-12-08,38.984409,39.258596,38.884704,39.223699,32518.580200486,7634
1013,2021-12-09,38.944527,39.213729,38.765059,38.79497,38189.764753003,7634
1014,2021-12-10,38.964468,39.094083,38.505828,38.785,45207.955341113,7634
1015,2021-12-13,38.755089,38.804941,38.206714,38.256567,51612.964055138,7634
1016,2021-12-14,37.86772,38.017176,37.389139,37.64837,32433.831486181,7634
1017,2021-12-15,37.797927,38.615502,37.477576,38.615502,26261.13395372,7634
1018,2021-12-16,38.695266,38.874734,37.41905,37.718163,48644.764967085,7634
1019,2021-12-17,37.389139,37.907502,37.179759,37.688252,76382.520637099,7634
1020,2021-12-20,37.169789,37.319346,36.920329,37.249553,64988.305259784,7634
1021,2021-12-21,37.65834,38.206714,37.575985,38.087069,60985.174813518,7634
1022,2021-12-22,38.057158,38.545709,38.057158,38.545709,44921.803799874,7634
1023,2021-12-23,38.675325,39.074143,38.675325,38.974438,53992.907361548,7634
1024,2021-12-27,39.173847,39.552723,39.173847,39.522812,82036.755446756,7634
1025,2021-12-28,39.562694,39.602576,39.173847,39.263581,58051.872254885,7634
1026,2021-12-29,39.193788,39.383226,39.193788,39.313433,43650.573085306,7634
1027,2021-12-30,39.36,39.5588,39.15,39.23,42061.0,7634
1028,2021-12-31,39.17,39.4199,39.14,39.14,28061.0,7634
0,2021-06-30,15.08,15.19,15.042,15.12,333986.0,2583162
1,2021-07-01,15.13,15.13,14.84,14.89,229209.0,2583162
2,2021-07-02,15.02,15.1,14.93,15.0,367186.0,2583162
3,2021-07-06,15.08,15.09,14.87,15.01,653995.0,2583162
4,2021-07-07,15.06,15.15,14.84,14.89,358545.0,2583162
5,2021-07-08,14.58,14.8,14.49,14.74,201865.0,2583162
6,2021-07-09,14.83,14.94,14.74,14.9,176069.0,2583162
7,2021-07-12,15.0,15.03,14.86,14.94,243131.0,2583162
8,2021-07-13,14.97,15.04,14.86,14.9,249125.0,2583162
9,2021-07-14,15.08,15.09,14.72,14.76,186859.0,2583162
10,2021-07-15,14.78,14.81,14.41,14.54,167068.0,2583162
11,2021-07-16,14.58,14.63,14.33,14.38,97888.0,2583162
12,2021-07-19,14.13,14.34,14.031,14.31,106055.0,2583162
13,2021-07-20,14.41,14.5,14.24,14.46,80031.0,2583162
14,2021-07-21,14.49,14.68,14.485,14.67,75710.0,2583162
15,2021-07-22,14.75,14.78,14.64,14.7088,86272.0,2583162
16,2021-07-23,14.85,14.86,14.71,14.8,164021.0,2583162
17,2021-07-26,14.73,14.73,14.6,14.63,114072.0,2583162
18,2021-07-27,14.56,14.58,14.14,14.36,130861.0,2583162
19,2021-07-28,14.5,14.67,14.38,14.6226,66995.0,2583162
20,2021-07-29,14.75,14.79,14.68,14.7173,92769.0,2583162
21,2021-07-30,14.56,14.68,14.52,14.62,67276.0,2583162
22,2021-08-02,14.72,14.7225,14.55,14.64,87711.0,2583162
23,2021-08-03,14.6,14.62,14.4,14.57,119306.0,2583162
24,2021-08-04,14.61,14.72,14.59,14.72,98578.0,2583162
25,2021-08-05,14.65,14.7499,14.56,14.73,220194.0,2583162
26,2021-08-06,14.7,14.73,14.579,14.65,143659.0,2583162
27,2021-08-09,14.71,14.83,14.63,14.8107,115247.0,2583162
28,2021-08-10,14.89,14.97,14.617,14.67,131568.0,2583162
29,2021-08-11,14.8,14.81,14.59,14.7,260877.0,2583162
30,2021-08-12,14.71,14.75,14.601,14.75,153521.0,2583162
31,2021-08-13,14.77,14.82,14.661,14.74,93899.0,2583162
32,2021-08-16,14.75,14.76,14.42,14.55,194217.0,2583162
33,2021-08-17,14.4,14.4019,14.205,14.31,199607.0,2583162
34,2021-08-18,14.38,14.44,14.26,14.27,222496.0,2583162
35,2021-08-19,14.14,14.3599,14.05,14.23,110171.0,2583162
36,2021-08-20,14.3,14.4699,14.15,14.45,100029.0,2583162
37,2021-08-23,14.6,14.76,14.56,14.7498,161891.0,2583162
38,2021-08-24,14.88,14.94,14.82,14.91,190996.0,2583162
39,2021-08-25,14.98,15.05,14.9,15.02,171461.0,2583162
40,2021-08-26,15.0,15.01,14.7532,14.81,173937.0,2583162
41,2021-08-27,14.87,14.99,14.81,14.96,122997.0,2583162
42,2021-08-30,15.0,15.08,14.95,15.03,221500.0,2583162
43,2021-08-31,15.06,15.13,15.0315,15.11,155281.0,2583162
44,2021-09-01,15.22,15.32,15.16,15.24,1842013.0,2583162
45,2021-09-02,15.31,15.35,15.17,15.23,301698.0,2583162
46,2021-09-03,15.23,15.36,15.23,15.35,283401.0,2583162
47,2021-09-07,15.43,15.46,15.3221,15.41,289620.0,2583162
48,2021-09-08,15.37,15.3725,15.07,15.21,374614.0,2583162
49,2021-09-09,15.14,15.23,15.1,15.18,217892.0,2583162
50,2021-09-10,15.21,15.27,15.09,15.12,158114.0,2583162
51,2021-09-13,15.18,15.18,14.911,15.03,351695.0,2583162
52,2021-09-14,15.07,15.085,14.93,14.99,122784.0,2583162
53,2021-09-15,14.97,15.01,14.82,15.01,165872.0,2583162
54,2021-09-16,14.95,15.0477,14.88,15.03,124712.0,2583162
55,2021-09-17,15.02,15.02,14.855,14.93,98599.0,2583162
56,2021-09-20,14.57,14.63,14.26,14.43,349751.0,2583162
57,2021-09-21,14.52,14.6199,14.43,14.56,140429.0,2583162
58,2021-09-22,14.58,14.75,14.51,14.73,118366.0,2583162
59,2021-09-23,14.81,14.93,14.79,14.93,133193.0,2583162
60,2021-09-24,14.8,14.92,14.77,14.91,143940.0,2583162
61,2021-09-27,14.86,14.86,14.67,14.8,94517.0,2583162
62,2021-09-28,14.58,14.58,14.25,14.27,335011.0,2583162
63,2021-09-29,14.35,14.36,14.11,14.16,383356.0,2583162
64,2021-09-30,14.23,14.26,14.11,14.16,124490.0,2583162
65,2021-10-01,14.24,14.25,14.0,14.25,120143.0,2583162
66,2021-10-04,14.15,14.15,13.75,13.9,211957.0,2583162
67,2021-10-05,13.95,14.1,13.885,14.04,76306.0,2583162
68,2021-10-06,13.89,14.115,13.81,14.1,80926.0,2583162
69,2021-10-07,14.3,14.475,14.27,14.39,154569.0,2583162
70,2021-10-08,14.45,14.45,14.28,14.31,118739.0,2583162
71,2021-10-11,14.22,14.405,14.21,14.23,74377.0,2583162
72,2021-10-12,14.24,14.27,14.17,14.23,80131.0,2583162
73,2021-10-13,14.31,14.44,14.3,14.44,257245.0,2583162
74,2021-10-14,14.6,14.65,14.5324,14.64,103746.0,2583162
75,2021-10-15,14.75,14.78,14.68,14.78,177948.0,2583162
76,2021-10-18,14.73,14.9235,14.73,14.92,145590.0,2583162
77,2021-10-19,15.0,15.16,14.97,15.16,211679.0,2583162
78,2021-10-20,15.17,15.22,15.03,15.12,210689.0,2583162
79,2021-10-21,15.07,15.32,15.06,15.31,277676.0,2583162
80,2021-10-22,15.12,15.16,14.88,14.94,274371.0,2583162
81,2021-10-25,15.03,15.07,14.8301,15.04,410574.0,2583162
82,2021-10-26,15.22,15.24,14.98,15.04,663555.0,2583162
83,2021-10-27,15.06,15.14,14.9,14.93,338916.0,2583162
84,2021-10-28,15.0,15.25,14.92,15.22,2215936.0,2583162
85,2021-10-29,15.18,15.32,15.16,15.32,1734118.0,2583162
86,2021-11-01,15.47,15.5,15.37,15.5,2482332.0,2583162
87,2021-11-02,15.51,15.52,15.36,15.47,1446890.0,2583162
88,2021-11-03,15.5,15.6,15.395,15.6,1428302.0,2583162
89,2021-11-04,15.68,15.875,15.63,15.82,1772318.0,2583162
90,2021-11-05,15.94,16.0,15.7,15.75,2371113.0,2583162
91,2021-11-08,15.91,16.02,15.86,15.99,3610406.0,2583162
92,2021-11-09,16.458,16.55,16.16,16.39,5028837.0,2583162
93,2021-11-10,16.13,16.31,15.7801,15.91,3672017.0,2583162
94,2021-11-11,16.14,16.22,16.0,16.09,2476084.0,2583162
95,2021-11-12,16.19,16.45,16.12,16.45,3764549.0,2583162
96,2021-11-15,16.63,16.6361,16.39,16.53,7582899.0,2583162
97,2021-11-16,16.48,16.8,16.41,16.77,5542536.0,2583162
98,2021-11-17,16.81,16.87,16.65,16.73,6534341.0,2583162
99,2021-11-18,16.97,17.07,16.7,16.84,7976486.0,2583162
100,2021-11-19,16.88,17.06,16.875,16.9,5918489.0,2583162
101,2021-11-22,17.11,17.11,16.27,16.3,7956088.0,2583162
102,2021-11-23,16.22,16.37,15.83,16.1,4578303.0,2583162
103,2021-11-24,15.87,16.28,15.84,16.28,3151818.0,2583162
104,2021-11-26,16.18,16.27,15.865,16.01,4179966.0,2583162
105,2021-11-29,16.28,16.41,16.07,16.38,4274010.0,2583162
106,2021-11-30,16.33,16.5299,15.9,16.1,4992415.0,2583162
107,2021-12-01,16.37,16.4,15.44,15.47,6225015.0,2583162
108,2021-12-02,15.415,15.76,15.32,15.6,2956254.0,2583162
109,2021-12-03,15.67,15.7199,14.9,15.19,4098283.0,2583162
110,2021-12-06,15.125,15.29,14.67,15.26,2918764.0,2583162
111,2021-12-07,15.72,15.88,15.615,15.84,2558783.0,2583162
112,2021-12-08,15.84,16.11,15.675,16.04,2932906.0,2583162
113,2021-12-09,16.03,16.15,15.5387,15.58,2600902.0,2583162
114,2021-12-10,15.77,15.83,15.39,15.52,1848318.0,2583162
115,2021-12-13,15.53,15.55,15.13,15.24,2178533.0,2583162
116,2021-12-14,15.02,15.17,14.85,15.06,2662945.0,2583162
117,2021-12-15,14.95,15.28,14.615,15.28,2356281.0,2583162
118,2021-12-16,15.45,15.46,14.68,14.79,2511073.0,2583162
119,2021-12-17,14.58,15.01,14.525,14.9,2285306.0,2583162
120,2021-12-20,14.53,14.735,14.5,14.65,1757551.0,2583162
121,2021-12-21,14.88,15.17,14.6804,15.17,1606675.0,2583162
122,2021-12-22,15.16,15.31,15.095,15.24,2486958.0,2583162
123,2021-12-23,15.35,15.41,15.14,15.36,1889063.0,2583162
124,2021-12-27,15.43,15.62,15.41,15.6,2088905.0,2583162
125,2021-12-28,15.63,15.65,15.325,15.37,2094794.0,2583162
126,2021-12-29,15.39,15.41,15.1,15.25,1754742.0,2583162
127,2021-12-30,15.29,15.46,15.22,15.31,1481543.0,2583162
128,2021-12-31,15.4,15.41,15.17,15.18,1367278.0,2583162
