date,stock1,stock2,stock3,stock4,lot1,lot2,lot3,lot4,value1,value2,value3,value4,stock_value_total,cash,accrued_fee,nav,is_rebalance,is_payfee
2018-12-31,2573042,2572286,1232815,2572066,15,6,2,8,24666.585,23506.432200000003,16987.884,23886.1096,89047.0108,10952.852213698638,0.0,99999.86301369865,True,True
2019-01-01,2573042,2572286,1232815,2572066,15,6,2,8,24666.585,23506.432200000003,16987.884,23886.1096,89047.0108,10952.852213698638,0.1369861137173954,99999.72602758493,False,False
2019-01-02,2573042,2572286,1232815,2572066,15,6,2,8,24502.71,23524.344,17112.4516,24138.788800000002,89278.29440000001,10952.852213698638,0.27428886663189533,100230.87232483203,False,False
2019-01-03,2573042,2572286,1232815,2572066,15,6,2,8,23891.271,22640.6886,16084.770199999999,23592.685599999997,86209.4154,10952.852213698638,0.4073874876248159,97161.86022621102,False,False
2019-01-04,2573042,2572286,1232815,2572066,15,6,2,8,24877.061999999998,23769.1404,16834.1212,24849.4504,90329.774,10952.852213698638,0.5461302531401735,101282.08008344551,False,False
2019-01-05,2573042,2572286,1232815,2572066,15,6,2,8,24877.061999999998,23769.1404,16834.1212,24849.4504,90329.774,10952.852213698638,0.6848728285969482,101281.94134087005,False,False
2019-01-06,2573042,2572286,1232815,2572066,15,6,2,8,24877.061999999998,23769.1404,16834.1212,24849.4504,90329.774,10952.852213698638,0.8236152139954003,101281.80259848465,False,False
2019-01-07,2573042,2572286,1232815,2572066,15,6,2,8,24877.061999999998,24228.8802,17159.1644,25662.762400000003,91927.869,10952.852213698638,0.9645465805686669,102879.75666711808,False,False
2019-01-08,2573042,2572286,1232815,2572066,15,6,2,8,24877.061999999998,24360.2346,17059.8996,26128.640000000003,92425.8362,10952.852213698638,1.1061599009345822,103377.58225379771,False,False
2019-01-09,2573042,2572286,1232815,2572066,15,6,2,8,24877.061999999998,25130.447999999997,17495.8856,26476.074399999998,93979.46999999999,10952.852213698638,1.2499012927890996,104931.07231240584,False,False
2019-01-10,2573042,2572286,1232815,2572066,15,6,2,8,25690.8105,25237.9194,17676.8978,26333.9424,94939.5701,10952.852213698638,1.394957693354039,105891.02735600529,False,False
2019-01-11,2573042,2572286,1232815,2572066,15,6,2,8,25690.8105,24957.2988,17822.8752,26291.6184,94762.6029,10952.852213698638,1.5397714743896627,105713.91534222425,False,False
2019-01-12,2573042,2572286,1232815,2572066,15,6,2,8,25690.8105,24957.2988,17822.8752,26291.6184,94762.6029,10952.852213698638,1.6845850570502439,105713.77052864159,False,False
2019-01-13,2573042,2572286,1232815,2572066,15,6,2,8,25690.8105,24957.2988,17822.8752,26291.6184,94762.6029,10952.852213698638,1.8293984413360542,105713.62571525731,False,False
2019-01-14,2573042,2572286,1232815,2572066,15,6,2,8,25690.8105,24479.6472,17517.2956,26018.0928,93705.8461,10952.852213698638,1.9727640151925712,104656.72554968344,False,False
2019-01-15,2573042,2572286,1232815,2572066,15,6,2,8,25690.8105,24819.9744,17564.0084,26523.451999999997,94598.24529999998,10952.852213698638,2.117351857315425,105548.9801618413,False,False
2019-01-16,2573042,2572286,1232815,2572066,15,6,2,8,25766.2725,25225.9782,17425.8164,26768.2352,95186.3023,10952.852213698638,2.2627450589069884,106136.89176863973,False,False
2019-01-17,2573042,2572286,1232815,2572066,15,6,2,8,25766.2725,25423.0092,17641.8632,26918.2632,95749.4081,10952.852213698638,2.408909439138002,106699.8514042595,False,False
2019-01-18,2573042,2572286,1232815,2572066,15,6,2,8,25975.201500000003,26055.8976,18077.8492,27199.2904,97308.2387,10952.852213698638,2.5572090035273987,108258.53370469512,False,False
2019-01-19,2573042,2572286,1232815,2572066,15,6,2,8,25975.201500000003,26055.8976,18077.8492,27199.2904,97308.2387,10952.852213698638,2.705508364766707,108258.38540533387,False,False
2019-01-20,2573042,2572286,1232815,2572066,15,6,2,8,25975.201500000003,26055.8976,18077.8492,27199.2904,97308.2387,10952.852213698638,2.8538075228562056,108258.23710617579,False,False
2019-01-21,2573042,2572286,1232815,2572066,15,6,2,8,25975.201500000003,26055.8976,18077.8492,27199.2904,97308.2387,10952.852213698638,3.0021064777961723,108258.08880722085,False,False
2019-01-22,2573042,2572286,1232815,2572066,15,6,2,8,25918.605,25017.0054,17554.2766,26302.3576,94792.2446,10952.852213698638,3.146958662326612,105741.94985503632,False,False
2019-01-23,2573042,2572286,1232815,2572066,15,6,2,8,25918.605,25142.389199999998,17484.2074,26428.6968,94973.8984,10952.852213698638,3.292059489251319,105923.4585542094,False,False
2019-01-24,2573042,2572286,1232815,2572066,15,6,2,8,26590.158,25578.246,18513.8352,26859.3576,97541.5968,10952.852213698638,3.4406775124762636,108491.00833618616,False,False
2019-01-25,2573042,2572286,1232815,2572066,15,6,2,8,26590.158,26342.4888,18858.342,27534.1696,99325.15840000001,10952.852213698638,3.591738567183368,110274.41887513148,False,False
2019-01-26,2573042,2572286,1232815,2572066,15,6,2,8,26590.158,26342.4888,18858.342,27534.1696,99325.15840000001,10952.852213698638,3.742799414957521,110274.2678142837,False,False
2019-01-27,2573042,2572286,1232815,2572066,15,6,2,8,26590.158,26342.4888,18858.342,27534.1696,99325.15840000001,10952.852213698638,3.8938600557990055,110274.11675364285,False,False
2019-01-28,2573042,2572286,1232815,2572066,15,6,2,8,26733.339,26049.927,18506.0498,27478.895999999997,98768.2118,10952.852213698638,4.04415754916016,109717.01985614949,False,False
2019-01-29,2573042,2572286,1232815,2572066,15,6,2,8,26733.339,25846.9254,18260.8076,27060.7904,97901.8624,10952.852213698638,4.193268056634338,108850.521345642,False,False
2019-01-30,2573042,2572286,1232815,2572066,15,6,2,8,26733.339,26288.752800000002,18813.5756,27873.6288,99709.29620000001,10952.852213698638,4.344854296559875,110657.80355940209,False,False
2019-01-31,2573042,2572286,1232815,2572066,15,6,2,8,27640.0065,26808.1992,18799.950999999997,28284.311999999998,101532.4687,10952.852213698638,4.498937825408371,112480.82197587323,False,False
2019-02-01,2573042,2572286,1232815,2572066,15,6,2,8,27640.0065,26646.9918,19039.354,27786.849599999998,101113.2019,10952.852213698638,4.652446805101348,112061.40166689354,False,False
2019-02-02,2573042,2572286,1232815,2572066,15,6,2,8,27640.0065,26646.9918,19039.354,27786.849599999998,101113.2019,10952.852213698638,4.805955574508051,112061.24815812413,False,False
2019-02-03,2573042,2572286,1232815,2572066,15,6,2,8,27640.0065,26646.9918,19039.354,27786.849599999998,101113.2019,10952.852213698638,4.959464133628769,112061.09464956501,False,False
2019-02-04,2573042,2572286,1232815,2572066,15,6,2,8,27886.5255,26772.3756,19132.7796,27968.462399999997,101760.14309999999,10952.852213698638,5.1138587032857075,112707.88145499534,False,False
2019-02-05,2573042,2572286,1232815,2572066,15,6,2,8,28270.029,27351.528000000002,19239.8298,28458.029599999998,103319.4164,10952.852213698638,5.270389052265153,114266.99822464638,False,False
2019-02-06,2573042,2572286,1232815,2572066,15,6,2,8,28270.029,27005.2308,19716.689400000003,28236.934400000002,103228.8836,10952.852213698638,5.426795169285216,114176.30901852935,False,False
2019-02-07,2573042,2572286,1232815,2572066,15,6,2,8,28270.029,26318.6064,19292.3816,27755.264,101636.28099999999,10952.852213698638,5.581019424653065,112583.55219427397,False,False
2019-02-08,2573042,2572286,1232815,2572066,15,6,2,8,28270.029,26664.903599999998,19239.8298,27660.5096,101835.27200000001,10952.852213698638,5.73551605916577,112782.38869763949,False,False
2019-02-09,2573042,2572286,1232815,2572066,15,6,2,8,28270.029,26664.903599999998,19239.8298,27660.5096,101835.27200000001,10952.852213698638,5.890012482039248,112782.23420121662,False,False
2019-02-10,2573042,2572286,1232815,2572066,15,6,2,8,28270.029,26664.903599999998,19239.8298,27660.5096,101835.27200000001,10952.852213698638,6.044508693273792,112782.07970500538,False,False
2019-02-11,2573042,2572286,1232815,2572066,15,6,2,8,27714.2025,26993.289,19323.5236,27826.3304,101857.3455,10952.852213698638,6.199034930540923,112803.9986787681,False,False
2019-02-12,2573042,2572286,1232815,2572066,15,6,2,8,27946.2195,27405.264000000003,19753.6704,28497.5104,103602.6643,10952.852213698638,6.355951803799509,114549.16056189485,False,False
2019-02-13,2573042,2572286,1232815,2572066,15,6,2,8,27946.2195,27566.471400000002,19800.3832,28244.8312,103557.9053,10952.852213698638,6.512807148404844,114504.24470655023,False,False
2019-02-14,2573042,2572286,1232815,2572066,15,6,2,8,28322.4015,27435.117,19858.7742,28213.2456,103829.53829999999,10952.852213698638,6.670034378139845,114775.72047932049,False,False
2019-02-15,2573042,2572286,1232815,2572066,15,6,2,8,28322.4015,26921.641200000002,19959.9852,28094.802399999997,103298.8303,10952.852213698638,6.8265343952348045,114244.85597930341,False,False
2019-02-16,2573042,2572286,1232815,2572066,15,6,2,8,28322.4015,26921.641200000002,19959.9852,28094.802399999997,103298.8303,10952.852213698638,6.983034197946179,114244.6994795007,False,False
2019-02-17,2573042,2572286,1232815,2572066,15,6,2,8,28322.4015,26921.641200000002,19959.9852,28094.802399999997,103298.8303,10952.852213698638,7.139533786274263,114244.54297991237,False,False
2019-02-18,2573042,2572286,1232815,2572066,15,6,2,8,28322.4015,26921.641200000002,19959.9852,28094.802399999997,103298.8303,10952.852213698638,7.2960331602193484,114244.38648053842,False,False
2019-02-19,2573042,2572286,1232815,2572066,15,6,2,8,28322.4015,27357.4986,19936.6288,28473.821600000003,104090.3505,10952.852213698638,7.453616594028305,115035.74909710462,False,False
2019-02-20,2573042,2572286,1232815,2572066,15,6,2,8,28322.4015,27554.5302,20117.641,28456.449600000004,104451.02230000001,10952.852213698638,7.611693882928448,115396.26281981573,False,False
2019-02-21,2573042,2572286,1232815,2572066,15,6,2,8,28322.4015,27536.6178,19993.0734,28185.1352,104037.22790000001,10952.852213698638,7.769204113640525,114982.31090958501,False,False
2019-02-22,2573042,2572286,1232815,2572066,15,6,2,8,28917.6495,28629.246,20277.243000000002,29121.3128,106945.4513,10952.852213698638,7.930697996256395,117890.37281570239,False,False
2019-02-23,2573042,2572286,1232815,2572066,15,6,2,8,28917.6495,28629.246,20277.243000000002,29121.3128,106945.4513,10952.852213698638,8.092191657647769,117890.211322041,False,False
2019-02-24,2573042,2572286,1232815,2572066,15,6,2,8,28917.6495,28629.246,20277.243000000002,29121.3128,106945.4513,10952.852213698638,8.253685097814948,117890.04982860082,False,False
2019-02-25,2573042,2572286,1232815,2572066,15,6,2,8,29368.308,29220.3402,20462.1478,29452.9544,108503.7504,10952.852213698638,8.417312973059607,119448.18530072558,False,False
2019-02-26,2573042,2572286,1232815,2572066,15,6,2,8,29368.308,28838.218800000002,20329.7948,29754.196000000004,108290.51760000002,10952.852213698638,8.580648524430464,119234.78916517424,False,False
2019-02-27,2573042,2572286,1232815,2572066,15,6,2,8,29368.308,28557.598199999997,20121.533600000002,30147.8232,108195.26299999999,10952.852213698638,8.743853366300565,119139.37136033234,False,False
2019-02-28,2573042,2572286,1232815,2572066,15,6,2,8,28307.478000000003,28456.0974,20111.8018,29895.144,106770.5212,10952.852213698638,8.9051062835065,117714.46830741514,False,False
2019-03-01,2573042,2572286,1232815,2572066,15,6,2,8,28621.996499999997,28557.598199999997,20296.706599999998,30277.0056,107753.3069,10952.852213698638,9.06770526159885,118697.09140843705,False,False
2019-03-02,2573042,2572286,1232815,2572066,15,6,2,8,28621.996499999997,28557.598199999997,20296.706599999998,30277.0056,107753.3069,10952.852213698638,9.230304016952873,118696.92880968169,False,False
2019-03-03,2573042,2572286,1232815,2572066,15,6,2,8,28621.996499999997,28557.598199999997,20296.706599999998,30277.0056,107753.3069,10952.852213698638,9.392902549568875,118696.76621114906,False,False
2019-03-04,2573042,2572286,1232815,2572066,15,6,2,8,28807.695,28850.16,20306.4384,30250.474400000003,108214.7678,10952.852213698638,9.55613299766634,119158.06388070098,False,False
2019-03-05,2573042,2572286,1232815,2572066,15,6,2,8,29428.002,29733.8154,20211.066600000002,30408.399200000003,109781.2832,10952.852213698638,9.7215091336673,120724.41390456498,False,False
2019-03-06,2573042,2572286,1232815,2572066,15,6,2,8,29428.002,29500.9602,19870.4524,30045.172000000002,108844.58660000001,10952.852213698638,9.885601897098212,119787.55321180155,False,False
2019-03-07,2573042,2572286,1232815,2572066,15,6,2,8,28326.343500000003,28300.8606,19654.4058,29207.1448,105488.7547,10952.852213698638,10.045097405744515,116431.5618162929,False,False
2019-03-08,2573042,2572286,1232815,2572066,15,6,2,8,27558.913500000002,27936.650999999998,19648.566600000002,29073.9352,104218.0663,10952.852213698638,10.202852026862725,115160.71566167178,False,False
2019-03-09,2573042,2572286,1232815,2572066,15,6,2,8,27558.913500000002,27936.650999999998,19648.566600000002,29073.9352,104218.0663,10952.852213698638,10.360606431878715,115160.55790726678,False,False
2019-03-10,2573042,2572286,1232815,2572066,15,6,2,8,27558.913500000002,27936.650999999998,19648.566600000002,29073.9352,104218.0663,10952.852213698638,10.518360620792778,115160.40015307786,False,False
2019-03-11,2573042,2572286,1232815,2572066,15,6,2,8,28016.612999999998,28885.9842,20067.0354,29950.417599999997,106920.0502,10952.852213698638,10.679815941413434,117862.22259775722,False,False
2019-03-12,2573042,2572286,1232815,2572066,15,6,2,8,28299.734999999997,28915.837199999998,20166.300000000003,30282.059199999996,107663.9314,10952.852213698638,10.842290056204883,118605.94132364244,False,False
2019-03-13,2573042,2572286,1232815,2572066,15,6,2,8,28257.921,28981.5144,20248.0474,30292.3248,107779.8076,10952.852213698638,11.004922682949598,118721.6548910157,False,False
2019-03-14,2573042,2572286,1232815,2572066,15,6,2,8,28257.921,28617.304799999998,20135.1582,30055.990400000002,107066.3744,10952.852213698638,11.16657778115647,118008.06003591749,False,False
2019-03-15,2573042,2572286,1232815,2572066,15,6,2,8,28257.921,29071.074,20674.301600000003,30256.3968,108259.6934,10952.852213698638,11.329867341479645,119201.21574635716,False,False
2019-03-16,2573042,2572286,1232815,2572066,15,6,2,8,28257.921,29071.074,20674.301600000003,30256.3968,108259.6934,10952.852213698638,11.49315667811849,119201.05245702053,False,False
2019-03-17,2573042,2572286,1232815,2572066,15,6,2,8,28257.921,29071.074,20674.301600000003,30256.3968,108259.6934,10952.852213698638,11.656445791073313,119200.88916790758,False,False
2019-03-18,2573042,2572286,1232815,2572066,15,6,2,8,28257.921,29303.929200000002,20617.857,30424.192,108603.8992,10952.852213698638,11.82020619513894,119544.9312075035,False,False
2019-03-19,2573042,2572286,1232815,2572066,15,6,2,8,28636.075500000003,29196.4572,20855.3138,30394.2648,109082.1113,10952.852213698638,11.984621459943739,120022.97889223871,False,False
2019-03-20,2573042,2572286,1232815,2572066,15,6,2,8,28636.075500000003,28802.3946,20676.248,30610.621600000002,108725.3397,10952.852213698638,12.14854777130297,119666.04336592734,False,False
2019-03-21,2573042,2572286,1232815,2572066,15,6,2,8,28636.075500000003,28945.6902,21388.618,30737.514399999996,109707.8981,10952.852213698638,12.31381982851657,120648.43649387013,False,False
2019-03-22,2573042,2572286,1232815,2572066,15,6,2,8,27752.637,28091.8878,20777.459,29624.0664,106246.0502,10952.852213698638,12.47434940193283,117186.4280642967,False,False
2019-03-23,2573042,2572286,1232815,2572066,15,6,2,8,27752.637,28091.8878,20777.459,29624.0664,106246.0502,10952.852213698638,12.634878755445566,117186.2675349432,False,False
2019-03-24,2573042,2572286,1232815,2572066,15,6,2,8,27752.637,28091.8878,20777.459,29624.0664,106246.0502,10952.852213698638,12.795407889055078,117186.10700580958,False,False
2019-03-25,2573042,2572286,1232815,2572066,15,6,2,8,27761.0835,28426.2444,20514.6996,29918.8328,106620.8603,10952.852213698638,12.956450241254817,117560.75606345739,False,False
2019-03-26,2573042,2572286,1232815,2572066,15,6,2,8,27761.0835,28491.921000000002,20705.443600000002,29919.859200000003,106878.30730000001,10952.852213698638,13.117845039971883,117818.04166865868,False,False
2019-03-27,2573042,2572286,1232815,2572066,15,6,2,8,27860.056500000002,28474.0092,20403.7568,29697.7384,106435.56090000001,10952.852213698638,13.278633115682375,117375.13448058297,False,False
2019-03-28,2573042,2572286,1232815,2572066,15,6,2,8,28076.024999999998,28718.805600000003,20364.8294,29863.559199999996,107023.21919999999,10952.852213698638,13.44022598250509,117962.63118771614,False,False
2019-03-29,2573042,2572286,1232815,2572066,15,6,2,8,28507.2555,29321.841,20695.711600000002,30208.466399999998,108733.2745,10952.852213698638,13.604161169474565,119672.52255252916,False,False
2019-03-30,2573042,2572286,1232815,2572066,15,6,2,8,28507.2555,29321.841,20695.711600000002,30208.466399999998,108733.2745,10952.852213698638,13.768096131875291,119672.35861756677,False,False
2019-03-31,2573042,2572286,1232815,2572066,15,6,2,8,28507.2555,29321.841,20695.711600000002,30208.466399999998,108733.2745,10952.852213698638,13.932030869707575,119672.19468282894,False,False
2019-04-01,2573125,3695,2572066,2572067,9,11,7,12,29685.338099999997,29307.617899999997,26697.1691,28941.157199999998,114631.28229999999,6944.549813698661,14.09855402050597,121561.73355967815,True,False
2019-04-02,2573125,3695,2572066,2572067,9,11,7,12,29482.7355,29370.2189,26621.167999999998,29079.9648,114554.0872,6944.549813698661,14.264971196478132,121484.37204250217,False,False
2019-04-03,2573125,3695,2572066,2572067,9,11,7,12,29142.363599999997,29547.588399999997,26759.3515,29415.412800000002,114864.7163,6944.549813698661,14.431813663796628,121794.83430003485,False,False
2019-04-04,2573125,3695,2572066,2572067,9,11,7,12,29109.9474,29318.0514,26752.4425,29299.741199999997,114480.1825,6944.549813698661,14.598129143933662,121410.13418455471,False,False
2019-04-05,2573125,3695,2572066,2572067,9,11,7,12,29417.903100000003,29443.2534,26784.086700000003,29542.652400000003,115187.89560000002,6944.549813698661,14.765413866241271,122117.67999983243,False,False
2019-04-06,2573125,3695,2572066,2572067,9,11,7,12,29417.903100000003,29443.2534,26784.086700000003,29542.652400000003,115187.89560000002,6944.549813698661,14.932698359391727,122117.51271533928,False,False
2019-04-07,2573125,3695,2572066,2572067,9,11,7,12,29417.903100000003,29443.2534,26784.086700000003,29542.652400000003,115187.89560000002,6944.549813698661,15.099982623385342,122117.34543107529,False,False
2019-04-08,2573125,3695,2572066,2572067,9,11,7,12,29069.4267,29568.4554,26759.973800000003,29545.659600000003,114943.51550000001,6944.549813698661,15.266931890962157,121872.79838180769,False,False
2019-04-09,2573125,3695,2572066,2572067,9,11,7,12,28583.180099999998,29370.2189,26510.6205,29426.980799999998,113891.00029999999,6944.549813698661,15.43243912819751,120820.11767457044,False,False
2019-04-10,2573125,3695,2572066,2572067,9,11,7,12,29093.738400000002,29484.9874,26662.6227,29669.892,114911.24049999999,6944.549813698661,15.599343728025689,121840.19096997064,False,False
2019-04-11,2573125,3695,2572066,2572067,9,11,7,12,28356.264900000002,29432.8199,26545.1662,29519.5176,113853.76859999998,6944.549813698661,15.764799507573594,120782.5536141911,False,False
2019-04-12,2573125,3695,2572066,2572067,9,11,7,12,28437.3063,29547.588399999997,26607.3493,29727.7284,114319.9724,6944.549813698661,15.930893695812212,121248.59132000284,False,False
2019-04-13,2573125,3695,2572066,2572067,9,11,7,12,28437.3063,29547.588399999997,26607.3493,29727.7284,114319.9724,6944.549813698661,16.096987656524544,121248.42522604213,False,False
2019-04-14,2573125,3695,2572066,2572067,9,11,7,12,28437.3063,29547.588399999997,26607.3493,29727.7284,114319.9724,6944.549813698661,16.2630813897109,121248.25913230894,False,False
2019-04-15,2573125,3695,2572066,2572067,9,11,7,12,27472.9176,29589.3224,26365.5273,29623.6236,113051.3909,6944.549813698661,16.427437112494886,119979.51327658616,False,False
2019-04-16,2573125,3695,2572066,2572067,9,11,7,12,27667.4166,29432.8199,26531.3482,29785.5636,113417.1483,6944.549813698661,16.592293647668292,120345.10582005099,False,False
2019-04-17,2573125,3695,2572066,2572067,9,11,7,12,27626.8959,29328.4849,26448.4374,29698.8096,113102.62779999999,6944.549813698661,16.756719107010827,120030.42089459163,False,False
2019-04-18,2573125,3695,2572066,2572067,9,11,7,12,27456.7095,29161.55,26310.2532,29580.4776,112508.99029999999,6944.549813698661,16.920331139058213,119436.6197825596,False,False
2019-04-19,2573125,3695,2572066,2572067,9,11,7,12,27456.7095,29161.55,26310.2532,29580.4776,112508.99029999999,6944.549813698661,17.083942946979526,119436.45617075168,False,False
2019-04-20,2573125,3695,2572066,2572067,9,11,7,12,27456.7095,29161.55,26310.2532,29580.4776,112508.99029999999,6944.549813698661,17.247554530775076,119436.2925591679,False,False
2019-04-21,2573125,3695,2572066,2572067,9,11,7,12,27456.7095,29161.55,26310.2532,29580.4776,112508.99029999999,6944.549813698661,17.41116589044517,119436.12894780822,False,False
2019-04-22,2573125,3695,2572066,2572067,9,11,7,12,28291.4325,29422.3864,26317.162900000003,29762.43,113793.4118,6944.549813698661,17.57653650749696,120720.38507719117,False,False
2019-04-23,2573125,3695,2572066,2572067,9,11,7,12,28242.8073,29787.557800000002,26757.417400000002,30074.744400000003,114862.5269,6944.549813698661,17.743371439246538,121789.3333422594,False,False
2019-04-24,2573125,3695,2572066,2572067,9,11,7,12,28315.7442,29839.725300000002,26883.717699999997,29970.6396,115009.8268,6944.549813698661,17.910407923140042,121936.46620577552,False,False
2019-04-25,2573125,3695,2572066,2572067,9,11,7,12,28056.4137,29714.5233,26855.7352,29644.9068,114271.579,6944.549813698661,18.07643287986028,121198.0523808188,False,False
2019-04-26,2573125,3695,2572066,2572067,9,11,7,12,28615.5963,29839.725300000002,27242.996199999998,29635.1904,115333.50820000001,6944.549813698661,18.24391230668332,122259.81410139198,False,False
2019-04-27,2573125,3695,2572066,2572067,9,11,7,12,28615.5963,29839.725300000002,27242.996199999998,29635.1904,115333.50820000001,6944.549813698661,18.411391504082488,122259.64662219459,False,False
2019-04-28,2573125,3695,2572066,2572067,9,11,7,12,28615.5963,29839.725300000002,27242.996199999998,29635.1904,115333.50820000001,6944.549813698661,18.578870472058096,122259.4791432266,False,False
2019-04-29,2573125,3695,2572066,2572067,9,11,7,12,29093.738400000002,29933.626800000002,27288.6663,29808.6984,116124.7299,6944.549813698661,18.747433075952927,123050.5322806227,False,False
2019-04-30,2573125,3695,2572066,2572067,9,11,7,12,28899.2403,30110.9952,27070.266300000003,29806.384799999996,115886.8866,6944.549813698661,18.915669636200356,122812.52074406247,False,False
2019-05-01,2573125,3695,2572066,2572067,9,11,7,12,28753.3665,29651.9234,27070.266300000003,29565.7872,115041.34340000001,6944.549813698661,19.08274768763058,121966.81046601104,False,False
2019-05-02,2573125,3695,2572066,2572067,9,11,7,12,28250.911799999998,29487.5955,27056.7241,29507.9508,114303.18219999998,6944.549813698661,19.248814330460732,121228.48319936817,False,False
2019-05-03,2573125,3695,2572066,2572067,9,11,7,12,28712.8458,29714.5233,27747.9902,29982.2064,116157.56569999999,6944.549813698661,19.417420997172194,123082.69809270148,False,False
2019-05-04,2573125,3695,2572066,2572067,9,11,7,12,28712.8458,29714.5233,27747.9902,29982.2064,116157.56569999999,6944.549813698661,19.58602743291562,123082.52948626573,False,False
2019-05-05,2573125,3695,2572066,2572067,9,11,7,12,28712.8458,29714.5233,27747.9902,29982.2064,116157.56569999999,6944.549813698661,19.754633637691327,123082.36088006095,False,False
2019-05-06,2573125,3695,2572066,2572067,9,11,7,12,28777.6791,29902.3263,27365.0818,29542.652400000003,115587.73960000002,6944.549813698661,19.922459027801,122512.36695467087,False,False
2019-05-07,2573125,3695,2572066,2572067,9,11,7,12,28169.8704,29276.318499999998,26766.2612,28779.2172,112991.66729999999,6944.549813698661,20.08672792458822,119916.13038577407,False,False
2019-05-08,2573125,3695,2572066,2572067,9,11,7,12,28096.9335,29432.8199,26724.805800000002,28640.410799999998,112894.97,6944.549813698661,20.250864134294762,119819.26894956436,False,False
2019-05-09,2573125,3695,2572066,2572067,9,11,7,12,27570.1671,29255.4515,26434.6194,28247.1252,111507.36319999999,6944.549813698661,20.413099287924304,118431.49991441073,False,False
2019-05-10,2573125,3695,2572066,2572067,9,11,7,12,27797.0823,29547.588399999997,25994.502800000002,28254.759599999998,111593.9331,6944.549813698661,20.575452808218017,118517.90746089043,False,False
2019-05-11,2573125,3695,2572066,2572067,9,11,7,12,27797.0823,29547.588399999997,25994.502800000002,28254.759599999998,111593.9331,6944.549813698661,20.737806106109648,118517.74510759255,False,False
2019-05-12,2573125,3695,2572066,2572067,9,11,7,12,27797.0823,29547.588399999997,25994.502800000002,28254.759599999998,111593.9331,6944.549813698661,20.900159181599502,118517.58275451705,False,False
2019-05-13,2573125,3695,2572066,2572067,9,11,7,12,26354.551499999998,28587.708599999998,24969.8673,27136.672799999997,107048.8002,6944.549813698661,21.056285825235825,113972.29372787342,False,False
2019-05-14,2573125,3695,2572066,2572067,9,11,7,12,26978.5674,29036.347999999998,25529.5131,27610.9284,109155.3569,6944.549813698661,21.215297949109626,116078.69141574955,False,False
2019-05-15,2573125,3695,2572066,2572067,9,11,7,12,27432.3969,29401.519399999997,25819.7002,28027.3476,110680.96410000001,6944.549813698661,21.37639972803531,117604.13751397064,False,False
2019-05-16,2573125,3695,2572066,2572067,9,11,7,12,27456.7095,29996.2278,26011.9832,28131.4536,111596.37410000002,6944.549813698661,21.538755272574996,118519.3851584261,False,False
2019-05-17,2573125,3695,2572066,2572067,9,11,7,12,27286.523100000002,29818.858300000004,25660.788299999997,27622.4964,110388.6661,6944.549813698661,21.699456200189278,117311.51645749847,False,False
2019-05-18,2573125,3695,2572066,2572067,9,11,7,12,27286.523100000002,29818.858300000004,25660.788299999997,27622.4964,110388.6661,6944.549813698661,21.860156907665303,117311.35575679099,False,False
2019-05-19,2573125,3695,2572066,2572067,9,11,7,12,27286.523100000002,29818.858300000004,25660.788299999997,27622.4964,110388.6661,6944.549813698661,22.02085739500337,117311.19505630365,False,False
2019-05-20,2573125,3695,2572066,2572067,9,11,7,12,26946.1512,29411.9529,25246.2357,26974.731600000003,108579.0714,6944.549813698661,22.179078765354472,115501.4421349333,False,False
2019-05-21,2573125,3695,2572066,2572067,9,11,7,12,27464.814,29912.7598,25619.332899999998,27437.4204,110434.3271,6944.549813698661,22.339841365128354,117356.53707233352,False,False
2019-05-22,2573125,3695,2572066,2572067,9,11,7,12,27610.6878,30246.630699999998,25345.7281,27194.5092,110397.5558,6944.549813698661,22.50055337303566,117319.60506032563,False,False
2019-05-23,2573125,3695,2572066,2572067,9,11,7,12,26767.8603,29693.656300000002,24933.9398,26444.376,107839.8324,6944.549813698661,22.6577614301046,114761.72445226855,False,False
2019-05-24,2573125,3695,2572066,2572067,9,11,7,12,27108.2331,29871.0258,25039.097999999998,26480.696399999997,108499.0533,6944.549813698661,22.815872314148802,115420.7872413845,False,False
2019-05-25,2573125,3695,2572066,2572067,9,11,7,12,27108.2331,29871.0258,25039.097999999998,26480.696399999997,108499.0533,6944.549813698661,22.973982981602752,115420.62913071705,False,False
2019-05-26,2573125,3695,2572066,2572067,9,11,7,12,27108.2331,29871.0258,25039.097999999998,26480.696399999997,108499.0533,6944.549813698661,23.13209343246675,115420.4710202662,False,False
2019-05-27,2573125,3695,2572066,2572067,9,11,7,12,27108.2331,29871.0258,25039.097999999998,26480.696399999997,108499.0533,6944.549813698661,23.290203666741085,115420.31291003192,False,False
2019-05-28,2573125,3695,2572066,2572067,9,11,7,12,26929.9422,30225.7637,25128.7792,26465.7744,108750.2595,6944.549813698661,23.44865780250825,115671.36065589615,False,False
2019-05-29,2573125,3695,2572066,2572067,9,11,7,12,26289.7182,29631.0564,24727.2851,26257.5648,106905.6245,6944.549813698661,23.604584823954685,113826.5697288747,False,False
2019-05-30,2573125,3695,2572066,2572067,9,11,7,12,25787.2635,29693.656300000002,24700.408600000002,26725.9212,106907.2496,6944.549813698661,23.760513857966842,113828.03889984069,False,False
2019-05-31,2573125,3695,2572066,2572067,9,11,7,12,25098.4152,29265.885000000002,24327.3114,26393.364,105084.9756,6944.549813698661,23.913946412624156,112005.61146728604,False,False
2019-06-01,2573125,3695,2572066,2572067,9,11,7,12,25098.4152,29265.885000000002,24327.3114,26393.364,105084.9756,6944.549813698661,24.067378757099892,112005.45803494156,False,False
2019-06-02,2573125,3695,2572066,2572067,9,11,7,12,25098.4152,29265.885000000002,24327.3114,26393.364,105084.9756,6944.549813698661,24.220810891394333,112005.30460280727,False,False
2019-06-03,2573125,3695,2572066,2572067,9,11,7,12,24409.566,28639.8761,23934.6611,26165.028,103149.1312,6944.549813698661,24.37159097386393,110069.3094227248,False,False
2019-06-04,2573125,3695,2572066,2572067,9,11,7,12,25625.1816,29380.6524,24625.996499999997,26940.03,106571.8605,6944.549813698661,24.527059520059446,113491.8832541786,False,False
2019-06-05,2573125,3695,2572066,2572067,9,11,7,12,25608.9735,29724.9568,24489.9543,27009.4332,106833.3178,6944.549813698661,24.68288601396928,113753.1847276847,False,False
2019-06-06,2573125,3695,2572066,2572067,9,11,7,12,25511.724000000002,29881.4593,24671.804500000002,26940.03,107005.0178,6944.549813698661,24.838947499897618,113924.72866619876,False,False
2019-06-07,2573125,3695,2572066,2572067,9,11,7,12,25997.9706,30309.2317,25190.9623,27414.2856,108912.4502,6944.549813698661,24.997621693138985,115832.00239200552,False,False
2019-06-08,2573125,3695,2572066,2572067,9,11,7,12,25997.9706,30309.2317,25190.9623,27414.2856,108912.4502,6944.549813698661,25.156295669018444,115831.84371802965,False,False
2019-06-09,2573125,3695,2572066,2572067,9,11,7,12,25997.9706,30309.2317,25190.9623,27414.2856,108912.4502,6944.549813698661,25.314969427536294,115831.68504427113,False,False
2019-06-10,2573125,3695,2572066,2572067,9,11,7,12,26694.9234,30538.767600000003,25665.4174,27876.9744,110776.0828,6944.549813698661,25.476195890062694,117695.1564178086,False,False
2019-06-11,2573125,3695,2572066,2572067,9,11,7,12,26378.8632,30424.0002,25997.0592,27900.109200000003,110700.03180000001,6944.549813698661,25.63731795227887,117618.94429574638,False,False
2019-06-12,2573125,3695,2572066,2572067,9,11,7,12,26322.1344,30413.5667,25894.596,27796.004399999998,110426.3015,6944.549813698661,25.798064820766193,117345.0532488779,False,False
2019-06-13,2573125,3695,2572066,2572067,9,11,7,12,25892.6175,30361.399200000003,25980.4083,27784.436400000002,110018.86140000001,6944.549813698661,25.95825333192904,116937.45296036673,False,False
2019-06-14,2573125,3695,2572066,2572067,9,11,7,12,25260.4971,30142.295700000002,25748.5354,27496.066799999997,108647.395,6944.549813698661,26.11656290255968,115565.8282507961,False,False
2019-06-15,2573125,3695,2572066,2572067,9,11,7,12,25260.4971,30142.295700000002,25748.5354,27496.066799999997,108647.395,6944.549813698661,26.274872256327892,115565.66994144233,False,False
2019-06-16,2573125,3695,2572066,2572067,9,11,7,12,25260.4971,30142.295700000002,25748.5354,27496.066799999997,108647.395,6944.549813698661,26.433181393233976,115565.51163230542,False,False
2019-06-17,2573125,3695,2572066,2572067,9,11,7,12,25552.2447,30194.4632,26053.2307,27594.586799999997,109394.52539999998,6944.549813698661,26.5925137795796,116312.48269991906,False,False
2019-06-18,2573125,3695,2572066,2572067,9,11,7,12,25568.4528,30497.0336,26298.853,28164.1476,110528.487,6944.549813698661,26.753399319716475,117446.28341437894,False,False
2019-06-19,2573125,3695,2572066,2572067,9,11,7,12,25916.9292,30663.969599999997,26484.6421,28396.62,111462.16089999999,6944.549813698661,26.915563644804667,118379.79515005385,False,False
2019-06-20,2573125,3695,2572066,2572067,9,11,7,12,26362.6551,31107.3917,26491.2053,28756.953599999997,112718.20569999999,6944.549813698661,27.079448357065015,119635.6760653416,False,False
2019-06-21,2573125,3695,2572066,2572067,9,11,7,12,25916.9292,30778.738100000002,26346.3886,28594.2228,111636.27870000001,6944.549813698661,27.241850753044936,118553.58666294563,False,False
2019-06-22,2573125,3695,2572066,2572067,9,11,7,12,25916.9292,30778.738100000002,26346.3886,28594.2228,111636.27870000001,6944.549813698661,27.40425292655582,118553.42426077211,False,False
2019-06-23,2573125,3695,2572066,2572067,9,11,7,12,25916.9292,30778.738100000002,26346.3886,28594.2228,111636.27870000001,6944.549813698661,27.566654877597973,118553.26185882108,False,False
2019-06-24,2573125,3695,2572066,2572067,9,11,7,12,25681.9104,30778.738100000002,26165.16,28454.7384,111080.5469,6944.549813698661,27.728295329733346,117997.36841836892,False,False
2019-06-25,2573125,3695,2572066,2572067,9,11,7,12,25276.7052,30413.5667,25713.919700000002,28036.2864,109440.478,6944.549813698661,27.887688890717413,116357.14012480795,False,False
2019-06-26,2573125,3695,2572066,2572067,9,11,7,12,25365.8502,30382.266200000002,26040.7945,28303.630800000003,110092.5417,6944.549813698661,28.047975471299342,117009.04353822736,False,False
2019-06-27,2573125,3695,2572066,2572067,9,11,7,12,25690.0149,30653.5361,26288.282300000003,28725.4536,111357.2869,6944.549813698661,28.209994359981845,118273.62671933869,False,False
2019-06-28,2573125,3695,2572066,2572067,9,11,7,12,25820.4204,30783.9543,26292.5656,28931.308800000003,111828.2491,6944.549813698661,28.372658180419297,118744.42625551824,False,False
2019-06-29,2573125,3695,2572066,2572067,9,11,7,12,25820.4204,30783.9543,26292.5656,28931.308800000003,111828.2491,6944.549813698661,28.535321778029594,118744.26359192062,False,False
2019-06-30,2573125,3695,2572066,2572067,9,11,7,12,25820.4204,30783.9543,26292.5656,28931.308800000003,111828.2491,6944.549813698661,28.697985152813047,118744.10092854584,False,False
2019-07-01,3695,8893,2572065,2572067,10,7,4,12,28113.46,26651.835,23985.0144,29326.5132,108076.8226,11723.93361369866,28.86205646545489,119771.8941572332,True,False
2019-07-02,3695,8893,2572065,2572067,10,7,4,12,28037.579999999998,26733.756699999998,24101.126800000002,29268.395999999997,108140.85949999999,11723.93361369866,29.026215275122333,119835.76689842354,False,False
2019-07-03,3695,8893,2572065,2572067,10,7,4,12,28312.645,26822.5055,24298.5184,29291.6424,108725.3113,11723.93361369866,29.1911744788188,120420.05373921985,False,False
2019-07-04,3695,8893,2572065,2572067,10,7,4,12,28312.645,26822.5055,24298.5184,29291.6424,108725.3113,11723.93361369866,29.35613345654376,120419.88878024212,False,False
2019-07-05,3695,8893,2572065,2572067,10,7,4,12,28265.22,26631.3551,24124.349599999998,29198.6532,108219.5779,11723.93361369866,29.520399422818063,119913.99111427585,False,False
2019-07-06,3695,8893,2572065,2572067,10,7,4,12,28265.22,26631.3551,24124.349599999998,29198.6532,108219.5779,11723.93361369866,29.684665164070495,119913.8268485346,False,False
2019-07-07,3695,8893,2572065,2572067,10,7,4,12,28265.22,26631.3551,24124.349599999998,29198.6532,108219.5779,11723.93361369866,29.848930680301365,119913.66258301838,False,False
2019-07-08,3695,8893,2572065,2572067,10,7,4,12,28151.399999999998,26399.2435,23938.5692,28908.0612,107397.2739,11723.93361369866,30.01206952767536,119091.195444171,False,False
2019-07-09,3695,8893,2572065,2572067,10,7,4,12,28246.25,26467.5117,23957.9212,28977.804,107649.4869,11723.93361369866,30.17555364883176,119343.24496004982,False,False
2019-07-10,3695,8893,2572065,2572067,10,7,4,12,28530.799,26597.220999999998,24043.0708,29152.1592,108323.25,11723.93361369866,30.339960509187993,120016.84365318945,False,False
2019-07-11,3695,8893,2572065,2572067,10,7,4,12,28805.862999999998,26515.2993,23950.180399999997,29152.1592,108423.50189999999,11723.93361369866,30.50450447569921,120116.93100922294,False,False
2019-07-12,3695,8893,2572065,2572067,10,7,4,12,28891.228000000003,26549.4334,23679.2508,29256.7716,108376.6838,11723.93361369866,30.668984082424174,120069.94842961624,False,False
2019-07-13,3695,8893,2572065,2572067,10,7,4,12,28891.228000000003,26549.4334,23679.2508,29256.7716,108376.6838,11723.93361369866,30.833463463834608,120069.78395023484,False,False
2019-07-14,3695,8893,2572065,2572067,10,7,4,12,28891.228000000003,26549.4334,23679.2508,29256.7716,108376.6838,11723.93361369866,30.99794261993082,120069.61947107874,False,False
2019-07-15,3695,8893,2572065,2572067,10,7,4,12,28957.623000000003,26651.835,23803.1044,29384.6316,108797.19399999999,11723.93361369866,31.162997592082984,120489.96461610658,False,False
2019-07-16,3695,8893,2572065,2572067,10,7,4,12,28748.953,26515.2993,23675.380400000002,29105.663999999997,108045.2967,11723.93361369866,31.327022341831075,119737.90329135684,False,False
2019-07-17,3695,8893,2572065,2572067,10,7,4,12,28891.228000000003,26494.8187,23729.5664,29140.534799999998,108256.1479,11723.93361369866,31.491335704148003,119948.5901779945,False,False
2019-07-18,3695,8893,2572065,2572067,10,7,4,12,29033.503,26713.276800000003,23907.6056,29001.0516,108655.437,11723.93361369866,31.656195812747995,120347.71441788593,False,False
2019-07-19,3695,8893,2572065,2572067,10,7,4,12,28948.138,26542.6063,23652.158,28966.1796,108109.0819,11723.93361369866,31.820307263868386,119801.19520643479,False,False
2019-07-20,3695,8893,2572065,2572067,10,7,4,12,28948.138,26542.6063,23652.158,28966.1796,108109.0819,11723.93361369866,31.98441849017857,119801.03109520848,False,False
2019-07-21,3695,8893,2572065,2572067,10,7,4,12,28948.138,26542.6063,23652.158,28966.1796,108109.0819,11723.93361369866,32.14852949167886,119800.86698420698,False,False
2019-07-22,3695,8893,2572065,2572067,10,7,4,12,29128.352,26720.1032,23640.5464,29117.287200000002,108606.2888,11723.93361369866,32.313321373712014,120297.90909232496,False,False
2019-07-23,3695,8893,2572065,2572067,10,7,4,12,29156.807,26924.907100000004,23760.5296,29338.1376,109180.38130000001,11723.93361369866,32.47889945808506,120871.83601424059,False,False
2019-07-24,3695,8893,2572065,2572067,10,7,4,12,29222.254,27109.2311,23787.6228,29872.826399999998,109991.9343,11723.93361369866,32.64558903207717,121683.22232466658,False,False
2019-07-25,3695,8893,2572065,2572067,10,7,4,12,28957.623000000003,26747.4109,23613.4536,29547.3636,108865.8511,11723.93361369866,32.81073579800137,120556.97397790066,False,False
2019-07-26,3695,8893,2572065,2572067,10,7,4,12,29621.571,26863.465999999997,23787.6228,29721.7188,109994.3786,11723.93361369866,32.97742826577932,121685.33478543289,False,False
2019-07-27,3695,8893,2572065,2572067,10,7,4,12,29621.571,26863.465999999997,23787.6228,29721.7188,109994.3786,11723.93361369866,33.14412050521142,121685.16809319345,False,False
2019-07-28,3695,8893,2572065,2572067,10,7,4,12,29621.571,26863.465999999997,23787.6228,29721.7188,109994.3786,11723.93361369866,33.310812516297986,121685.00140118237,False,False
2019-07-29,3695,8893,2572065,2572067,10,7,4,12,29488.781,26863.465999999997,23868.9016,29500.868400000003,109722.017,11723.93361369866,33.47713120095714,121412.4734824977,False,False
2019-07-30,3695,8893,2572065,2572067,10,7,4,12,28967.108,26774.7179,23721.8256,29306.521200000003,108770.1727,11723.93361369866,33.64214576148111,120460.46416793719,False,False
2019-07-31,3695,8893,2572065,2572067,10,7,4,12,29005.048,26426.551199999998,23532.1748,29127.748799999998,108091.5228,11723.93361369866,33.806230438560476,119781.6501832601,False,False
2019-08-01,3695,8893,2572065,2572067,10,7,4,12,28720.499,26467.5117,23648.2876,28849.944000000003,107686.2423,11723.93361369866,33.96975971209919,119376.20615398655,False,False
2019-08-02,3695,8893,2572065,2572067,10,7,4,12,28189.34,26132.9985,23570.8788,28251.324,106144.54129999998,11723.93361369866,34.13117684244712,117834.34373685623,False,False
2019-08-03,3695,8893,2572065,2572067,10,7,4,12,28189.34,26132.9985,23570.8788,28251.324,106144.54129999998,11723.93361369866,34.29259375167569,117834.18231994701,False,False
2019-08-04,3695,8893,2572065,2572067,10,7,4,12,28189.34,26132.9985,23570.8788,28251.324,106144.54129999998,11723.93361369866,34.45401043978521,117834.02090325889,False,False
2019-08-05,3695,8893,2572065,2572067,10,7,4,12,27013.203,25327.4357,23001.9268,27199.3824,102541.9479,11723.93361369866,34.61049184732392,114231.27102185134,False,False
2019-08-06,3695,8893,2572065,2572067,10,7,4,12,27202.903,25696.083,23207.0592,27513.222,103619.2672,11723.93361369866,34.76844882036755,115308.4323648783,False,False
2019-08-07,3695,8893,2572065,2572067,10,7,4,12,27421.057,25818.965200000002,23299.9492,27582.9636,104122.93500000001,11723.93361369866,34.92709553292218,115811.94151816574,False,False
2019-08-08,3695,8893,2572065,2572067,10,7,4,12,28009.126,26283.1877,23632.8056,28187.394,106112.51329999999,11723.93361369866,35.088467477878574,117801.35844622078,False,False
2019-08-09,3695,8893,2572065,2572067,10,7,4,12,27563.332,25982.8086,23694.7324,27850.308,105091.181,11723.93361369866,35.24844011643504,116779.86617358224,False,False
2019-08-10,3695,8893,2572065,2572067,10,7,4,12,27563.332,25982.8086,23694.7324,27850.308,105091.181,11723.93361369866,35.40841253585091,116779.70620116283,False,False
2019-08-11,3695,8893,2572065,2572067,10,7,4,12,27563.332,25982.8086,23694.7324,27850.308,105091.181,11723.93361369866,35.568384736126475,116779.54622896256,False,False
2019-08-12,3695,8893,2572065,2572067,10,7,4,12,26889.899,25614.1613,23485.7296,27466.7268,103456.51670000001,11723.93361369866,35.72611745109766,115144.72419624758,False,False
2019-08-13,3695,8893,2572065,2572067,10,7,4,12,27364.147,25982.8086,23795.3636,27954.921599999998,105097.2408,11723.93361369866,35.8860975172569,116785.28831618141,False,False
2019-08-14,3695,8893,2572065,2572067,10,7,4,12,26491.530000000002,25279.6481,23191.5776,27222.629999999997,102185.38570000001,11723.93361369866,36.04208852166263,113873.277225177,False,False
2019-08-15,3695,8893,2572065,2572067,10,7,4,12,26453.59,25204.553499999998,23257.374799999998,27083.1456,101998.6639,11723.93361369866,36.19782352909438,113686.39969016956,False,False
2019-08-16,3695,8893,2572065,2572067,10,7,4,12,27089.083,25620.988400000002,23528.304399999997,27675.9528,103914.3286,11723.93361369866,36.35618252140968,115601.90603117723,False,False
2019-08-17,3695,8893,2572065,2572067,10,7,4,12,27089.083,25620.988400000002,23528.304399999997,27675.9528,103914.3286,11723.93361369866,36.51454129679485,115601.74767240185,False,False
2019-08-18,3695,8893,2572065,2572067,10,7,4,12,27089.083,25620.988400000002,23528.304399999997,27675.9528,103914.3286,11723.93361369866,36.6728998552502,115601.58931384339,False,False
2019-08-19,3695,8893,2572065,2572067,10,7,4,12,27250.328,25928.1946,23671.510000000002,28036.2864,104886.319,11723.93361369866,36.83258969047464,116573.42002400821,False,False
2019-08-20,3695,8893,2572065,2572067,10,7,4,12,27231.358,25771.1776,23559.267600000003,27931.674000000003,104493.47720000001,11723.93361369866,36.99174116749383,116180.41907253116,False,False
2019-08-21,3695,8893,2572065,2572067,10,7,4,12,27591.787,26016.942699999996,23729.5664,28315.2552,105653.55129999999,11723.93361369866,37.15248156910003,117340.33243212957,False,False
2019-08-22,3695,8893,2572065,2572067,10,7,4,12,27525.392,25846.272900000004,23613.4536,28124.394,105109.51250000001,11723.93361369866,37.31247649188377,116796.13363720679,False,False
2019-08-23,3695,8893,2572065,2572067,10,7,4,12,26965.779000000002,25272.821,23176.0956,27443.479199999998,102858.17480000001,11723.93361369866,37.46938717124981,114544.6390265274,False,False
2019-08-24,3695,8893,2572065,2572067,10,7,4,12,26965.779000000002,25272.821,23176.0956,27443.479199999998,102858.17480000001,11723.93361369866,37.62629763566971,114544.48211606298,False,False
2019-08-25,3695,8893,2572065,2572067,10,7,4,12,26965.779000000002,25272.821,23176.0956,27443.479199999998,102858.17480000001,11723.93361369866,37.78320788514377,114544.3252058135,False,False
2019-08-26,3695,8893,2572065,2572067,10,7,4,12,27117.538,25498.1055,23388.9692,27548.092800000002,103552.7055,11723.93361369866,37.941069331590086,115238.69804436709,False,False
2019-08-27,3695,8893,2572065,2572067,10,7,4,12,27089.083,25361.5698,23261.245199999998,27571.340399999997,103283.23839999999,11723.93361369866,38.09856142877415,114969.07345226989,False,False
2019-08-28,3695,8893,2572065,2572067,10,7,4,12,27231.358,25443.4915,23381.228,27594.586799999997,103650.6643,11723.93361369866,38.256556633366294,115336.3413570653,False,False
2019-08-29,3695,8893,2572065,2572067,10,7,4,12,27506.422000000002,25757.524100000002,23532.1748,28001.4156,104797.53650000002,11723.93361369866,38.416122679334876,116483.05399101935,False,False
2019-08-30,3695,8893,2572065,2572067,10,7,4,12,27496.936999999998,25832.6194,23605.7128,28245.5124,105180.78160000002,11723.93361369866,38.576213500007505,116866.13900019864,False,False
2019-08-31,3695,8893,2572065,2572067,10,7,4,12,27496.936999999998,25832.6194,23605.7128,28245.5124,105180.78160000002,11723.93361369866,38.73630410137764,116865.97890959728,False,False
2019-09-01,3695,8893,2572065,2572067,10,7,4,12,27496.936999999998,25832.6194,23605.7128,28245.5124,105180.78160000002,11723.93361369866,38.89639448344558,116865.81881921522,False,False
2019-09-02,3695,8893,2572065,2572067,10,7,4,12,27496.936999999998,25832.6194,23605.7128,28245.5124,105180.78160000002,11723.93361369866,39.05648464621163,116865.65872905245,False,False
2019-09-03,3695,8893,2572065,2572067,10,7,4,12,27383.117,25668.775999999998,23508.951999999997,27978.167999999998,104539.013,11723.93361369866,39.21569545460759,116223.73091824404,False,False
2019-09-04,3695,8893,2572065,2572067,10,7,4,12,27686.636,25989.6357,23590.2312,28361.7492,105628.25209999998,11723.93361369866,39.37639815326272,117312.80931554538,False,False
2019-09-05,3695,8893,2572065,2572067,10,7,4,12,28398.009,26385.59,23686.991599999998,28908.0612,107378.65179999999,11723.93361369866,39.53949843958539,119063.04591525908,False,False
2019-09-06,3695,8893,2572065,2572067,10,7,4,12,28578.224,26419.7241,23806.9748,29059.170000000002,107864.09289999999,11723.93361369866,39.70326349029122,119548.32325020837,False,False
2019-09-07,3695,8893,2572065,2572067,10,7,4,12,28578.224,26419.7241,23806.9748,29059.170000000002,107864.09289999999,11723.93361369866,39.86702831666137,119548.159485382,False,False
2019-09-08,3695,8893,2572065,2572067,10,7,4,12,28578.224,26419.7241,23806.9748,29059.170000000002,107864.09289999999,11723.93361369866,40.030792918696136,119547.99572077996,False,False
2019-09-09,3695,8893,2572065,2572067,10,7,4,12,28028.095,26344.6295,23586.3608,28942.9332,106902.01849999999,11723.93361369866,40.193239386258846,118585.75887431239,False,False
2019-09-10,3695,8893,2572065,2572067,10,7,4,12,27373.632,26310.4954,23547.6564,28966.1796,106197.96340000001,11723.93361369866,40.354721172251054,117881.54229252643,False,False
2019-09-11,3695,8893,2572065,2572067,10,7,4,12,27421.057,26590.3939,23737.3072,29396.256,107145.0141,11723.93361369866,40.517500066761365,118828.4302136319,False,False
2019-09-12,3695,8893,2572065,2572067,10,7,4,12,27648.697,26731.7092,23733.4368,29582.2344,107696.0774,11723.93361369866,40.681033619519766,119379.32998007913,False,False
2019-09-13,3695,8893,2572065,2572067,10,7,4,12,27506.422000000002,26733.756699999998,23690.862,29605.482,107536.52270000002,11723.93361369866,40.84434838017741,119219.61196531849,False,False
2019-09-14,3695,8893,2572065,2572067,10,7,4,12,27506.422000000002,26733.756699999998,23690.862,29605.482,107536.52270000002,11723.93361369866,41.0076629171162,119219.44865078156,False,False
2019-09-15,3695,8893,2572065,2572067,10,7,4,12,27506.422000000002,26733.756699999998,23690.862,29605.482,107536.52270000002,11723.93361369866,41.17097723033645,119219.28533646834,False,False
2019-09-16,3695,8893,2572065,2572067,10,7,4,12,27572.817,26631.3551,23628.9352,29465.997600000002,107299.1049,11723.93361369866,41.33396608997545,118981.7045476087,False,False
2019-09-17,3695,8893,2572065,2572067,10,7,4,12,27914.276,26767.890799999997,23729.5664,29547.3636,107959.0968,11723.93361369866,41.497858824835184,119641.53255487383,False,False
2019-09-18,3695,8893,2572065,2572067,10,7,4,12,27885.821,26692.796199999997,23737.3072,29442.75,107758.67439999999,11723.93361369866,41.66147678395145,119440.94653691471,False,False
2019-09-19,3695,8893,2572065,2572067,10,7,4,12,27895.306,26774.7179,23850.8268,29384.6316,107905.4823,11723.93361369866,41.82529562564585,119587.59061807302,False,False
2019-09-20,3695,8893,2572065,2572067,10,7,4,12,27762.516000000003,26665.4892,24008.2368,29128.9116,107565.15359999999,11723.93361369866,41.98864803923225,119247.09856565943,False,False
2019-09-21,3695,8893,2572065,2572067,10,7,4,12,27762.516000000003,26665.4892,24008.2368,29128.9116,107565.15359999999,11723.93361369866,42.15200022904823,119246.93521346961,False,False
2019-09-22,3695,8893,2572065,2572067,10,7,4,12,27762.516000000003,26665.4892,24008.2368,29128.9116,107565.15359999999,11723.93361369866,42.31535219509408,119246.77186150357,False,False
2019-09-23,3695,8893,2572065,2572067,10,7,4,12,27506.422000000002,26679.1427,23888.4472,29140.534799999998,107214.54669999999,11723.93361369866,42.478223653945456,118896.0020900447,False,False
2019-09-24,3695,8893,2572065,2572067,10,7,4,12,27345.177,26426.551199999998,23756.659200000002,28605.845999999998,106134.2334,11723.93361369866,42.63961500845237,117815.52739869022,False,False
2019-09-25,3695,8893,2572065,2572067,10,7,4,12,27487.452,26522.126399999997,23652.158,28733.7072,106395.4436,11723.93361369866,42.80136396406701,118076.5758497346,False,False
2019-09-26,3695,8893,2572065,2572067,10,7,4,12,27563.332,26481.1652,23613.4536,28671.0552,106329.006,11723.93361369866,42.96302168769678,118009.97659201096,False,False
2019-09-27,3695,8893,2572065,2572067,10,7,4,12,27212.388,26255.880699999998,23470.248,28245.5124,105184.02910000001,11723.93361369866,43.12311072837077,116864.83960297029,False,False
2019-09-28,3695,8893,2572065,2572067,10,7,4,12,27212.388,26255.880699999998,23470.248,28245.5124,105184.02910000001,11723.93361369866,43.2831995497447,116864.67951414891,False,False
2019-09-29,3695,8893,2572065,2572067,10,7,4,12,27212.388,26255.880699999998,23470.248,28245.5124,105184.02910000001,11723.93361369866,43.44328815181888,116864.51942554684,False,False
2019-09-30,2573062,2572286,3695,2572067,15,6,10,12,27559.125,27321.675,27288.268,28419.8676,110588.9356,6879.967513698659,43.60414494610045,117425.29896875256,True,False
2019-10-01,2573062,2572286,3695,2572067,15,6,10,12,27343.4925,27142.7346,27079.598,28059.534,109625.3591,6879.967513698659,43.763681552222025,116461.56293214644,False,False
2019-10-02,2573062,2572286,3695,2572067,15,6,10,12,27343.7535,27172.4088,26188.011,27652.7052,108356.87849999999,6879.967513698659,43.92148029514277,115192.92453340351,False,False
2019-10-03,2573062,2572286,3695,2572067,15,6,10,12,27808.4055,27662.0016,26538.955,28047.9108,110057.2729,6879.967513698659,44.08160812929812,116893.15880556937,False,False
2019-10-04,2573062,2572286,3695,2572067,15,6,10,12,27828.045,27751.5612,27155.478,28464.0372,111199.1214,6879.967513698659,44.24329992012767,118034.84561377853,False,False
2019-10-05,2573062,2572286,3695,2572067,15,6,10,12,27828.045,27751.5612,27155.478,28464.0372,111199.1214,6879.967513698659,44.404991489461615,118034.6839222092,False,False
2019-10-06,2573062,2572286,3695,2572067,15,6,10,12,27828.045,27751.5612,27155.478,28464.0372,111199.1214,6879.967513698659,44.566682837300256,118034.52223086134,False,False
2019-10-07,2573062,2572286,3695,2572067,15,6,10,12,27812.988,27560.5008,27108.053000000004,28419.8676,110901.4094,6879.967513698659,44.72796613898637,117736.64894755968,False,False
2019-10-08,2573062,2572286,3695,2572067,15,6,10,12,27776.198999999997,27097.7754,26557.925,27787.539599999996,109219.43899999998,6879.967513698659,44.886945150695354,116054.51956854796,False,False
2019-10-09,2573062,2572286,3695,2572067,15,6,10,12,27872.428499999998,27423.175799999997,27070.112999999998,27943.2972,110309.01449999999,6879.967513698659,45.04741651380295,117143.93459718485,False,False
2019-10-10,2573062,2572286,3695,2572067,15,6,10,12,28809.849,28011.2844,27117.538,28164.1476,112102.81899999999,6879.967513698659,45.21034492352512,118937.57616877514,False,False
2019-10-11,2573062,2572286,3695,2572067,15,6,10,12,28742.552999999996,28271.0076,27677.150999999998,28582.5996,113273.3112,6879.967513698659,45.37487652403029,120107.90383717463,False,False
2019-10-12,2573062,2572286,3695,2572067,15,6,10,12,28742.552999999996,28271.0076,27677.150999999998,28582.5996,113273.3112,6879.967513698659,45.53940789914971,120107.7393057995,False,False
2019-10-13,2573062,2572286,3695,2572067,15,6,10,12,28742.552999999996,28271.0076,27677.150999999998,28582.5996,113273.3112,6879.967513698659,45.70393904888368,120107.57477464978,False,False
2019-10-14,2573062,2572286,3695,2572067,15,6,10,12,28836.165,28259.722800000003,27667.667,28629.0936,113392.6484,6879.967513698659,45.86863344884895,120226.74728024982,False,False
2019-10-15,2573062,2572286,3695,2572067,15,6,10,12,29131.269,28509.8334,27544.362,28931.308800000003,114116.7732,6879.967513698659,46.034319574986284,120950.70639412367,False,False
2019-10-16,2573062,2572286,3695,2572067,15,6,10,12,29188.0905,28659.0996,27316.722999999998,28826.6964,113990.6095,6879.967513698659,46.19983264717001,120824.37718105149,False,False
2019-10-17,2573062,2572286,3695,2572067,15,6,10,12,29203.408499999998,28635.2166,27193.418,28756.953599999997,113788.99669999999,6879.967513698659,46.3650693107057,120622.59914438795,False,False
2019-10-18,2573062,2572286,3695,2572067,15,6,10,12,29113.5945,28109.800199999998,26690.714,28536.104400000004,112450.2131,6879.967513698659,46.52847179775281,119283.65214190091,False,False
2019-10-19,2573062,2572286,3695,2572067,15,6,10,12,29113.5945,28109.800199999998,26690.714,28536.104400000004,112450.2131,6879.967513698659,46.69187406096089,119283.4887396377,False,False
2019-10-20,2573062,2572286,3695,2572067,15,6,10,12,29113.5945,28109.800199999998,26690.714,28536.104400000004,112450.2131,6879.967513698659,46.85527610033026,119283.32533759832,False,False
2019-10-21,2573062,2572286,3695,2572067,15,6,10,12,28908.1725,28450.1268,26700.199,28791.8256,112850.3239,6879.967513698659,47.01922601284752,119683.27218768581,False,False
2019-10-22,2573062,2572286,3695,2572067,15,6,10,12,29181.282,28127.712,25988.826,28512.8568,111810.67680000002,6879.967513698659,47.18175152666627,118643.46256217202,False,False
2019-10-23,2573062,2572286,3695,2572067,15,6,10,12,28888.534499999998,28056.064199999997,26026.766,28419.8676,111391.23229999999,6879.967513698659,47.34370223634048,118223.85611146232,False,False
2019-10-24,2573062,2572286,3695,2572067,15,6,10,12,28740.1965,28050.093599999997,26472.56,28605.845999999998,111868.6961,6879.967513698659,47.506306784164394,118701.1573069145,False,False
2019-10-25,2573062,2572286,3695,2572067,15,6,10,12,29395.474500000004,28444.1562,26823.504,28881.211199999998,113544.34590000001,6879.967513698659,47.67120651992729,120376.64220717875,False,False
2019-10-26,2573062,2572286,3695,2572067,15,6,10,12,29395.474500000004,28444.1562,26823.504,28881.211199999998,113544.34590000001,6879.967513698659,47.836106029800135,120376.47730766887,False,False
2019-10-27,2573062,2572286,3695,2572067,15,6,10,12,29395.474500000004,28444.1562,26823.504,28881.211199999998,113544.34590000001,6879.967513698659,48.001005313783246,120376.3124083849,False,False
2019-10-28,2573062,2572286,3695,2572067,15,6,10,12,30025.485,29124.81,26861.444,29384.6316,115396.3706,6879.967513698659,48.16844139201391,122228.16967230666,False,False
2019-10-29,2573062,2572286,3695,2572067,15,6,10,12,30164.526,28575.510599999998,26984.748,29163.7824,114888.567,6879.967513698659,48.33518161951022,121720.19933207915,False,False
2019-10-30,2573062,2572286,3695,2572067,15,6,10,12,30238.4985,28605.3636,27079.598,29264.676,115188.1361,6879.967513698659,48.5023319872254,122019.60128171144,False,False
2019-10-31,2573062,2572286,3695,2572067,15,6,10,12,30636.3795,28527.7452,27127.023,29140.534799999998,115431.6825,6879.967513698659,48.669815751172955,122262.98019794749,False,False
2019-11-01,2573062,2572286,3695,2572067,15,6,10,12,30749.2365,28969.573200000003,27440.027000000002,29582.2344,116741.0711,6879.967513698659,48.83909296870439,123572.19952072996,False,False
2019-11-02,2573062,2572286,3695,2572067,15,6,10,12,30749.2365,28969.573200000003,27440.027000000002,29582.2344,116741.0711,6879.967513698659,49.00836995434923,123572.03024374432,False,False
2019-11-03,2573062,2572286,3695,2572067,15,6,10,12,30749.2365,28969.573200000003,27440.027000000002,29582.2344,116741.0711,6879.967513698659,49.17764670810778,123571.86096699056,False,False
2019-11-04,2573062,2572286,3695,2572067,15,6,10,12,31317.318000000003,29889.0522,27392.602,30035.5572,118634.5294,6879.967513698659,49.34951700847352,125465.14739669018,False,False
2019-11-05,2573062,2572286,3695,2572067,15,6,10,12,31113.207000000002,29727.8448,26994.233,30105.3,117940.5848,6879.967513698659,49.5204364643594,124771.03187723432,False,False
2019-11-06,2573062,2572286,3695,2572067,15,6,10,12,31199.355,29494.9896,26776.078999999998,29792.8548,117263.2784,6879.967513698659,49.690427869122736,124093.55548582954,False,False
2019-11-07,2573062,2572286,3695,2572067,15,6,10,12,31762.4625,30259.2324,27217.13,30233.159999999996,119471.98490000001,6879.967513698659,49.8634446663636,126302.08896903228,False,False
2019-11-08,2573062,2572286,3695,2572067,15,6,10,12,31559.529,30098.025,27316.722999999998,29989.0632,118963.3402,6879.967513698659,50.03576445303351,125793.27194924562,False,False
2019-11-09,2573062,2572286,3695,2572067,15,6,10,12,31559.529,30098.025,27316.722999999998,29989.0632,118963.3402,6879.967513698659,50.20808400364891,125793.099629695,False,False
2019-11-10,2573062,2572286,3695,2572067,15,6,10,12,31559.529,30098.025,27316.722999999998,29989.0632,118963.3402,6879.967513698659,50.38040331821014,125792.92731038044,False,False
2019-11-11,2573062,2572286,3695,2572067,15,6,10,12,30937.506,29692.0212,27572.817,29942.568,118144.91219999999,6879.967513698659,50.55160126247094,124974.32811243618,False,False
2019-11-12,2573062,2572286,3695,2572067,15,6,10,12,30813.1275,29584.549199999998,27639.212,29861.202,117898.0907,6879.967513698659,50.722460860570166,124727.33575283809,False,False
2019-11-13,2573062,2572286,3695,2572067,15,6,10,12,30937.506,29286.0174,27705.606,29744.9664,117674.09580000001,6879.967513698659,50.893013382286384,124503.17030031639,False,False
2019-11-14,2573062,2572286,3695,2572067,15,6,10,12,31276.862999999998,28945.6902,28094.49,29663.8332,117980.87640000001,6879.967513698659,51.06398591776627,124809.7799277809,False,False
2019-11-15,2573062,2572286,3695,2572067,15,6,10,12,31225.671,29106.8976,28350.585,29861.202,118544.3556,6879.967513698659,51.23573010835227,125373.08738359032,False,False
2019-11-16,2573062,2572286,3695,2572067,15,6,10,12,31225.671,29106.8976,28350.585,29861.202,118544.3556,6879.967513698659,51.40747406367226,125372.915639635,False,False
2019-11-17,2573062,2572286,3695,2572067,15,6,10,12,31225.671,29106.8976,28350.585,29861.202,118544.3556,6879.967513698659,51.579217783726556,125372.74389591494,False,False
2019-11-18,2573062,2572286,3695,2572067,15,6,10,12,30779.086499999998,28969.573200000003,28350.585,29930.9448,118030.18950000001,6879.967513698659,51.750256931392194,124858.40675676728,False,False
2019-11-19,2573062,2572286,3695,2572067,15,6,10,12,31749.2385,29327.8116,28331.614999999998,29907.6972,119316.3623,6879.967513698659,51.923057725305576,126144.40675597337,False,False
2019-11-20,2573062,2572286,3695,2572067,15,6,10,12,31212.448500000002,29011.367400000003,28217.795,29717.9988,118159.6097,6879.967513698659,52.0942736899028,124987.48294000876,False,False
2019-11-21,2573062,2572286,3695,2572067,15,6,10,12,31291.002,29172.574800000002,28047.065,29617.1052,118127.747,6879.967513698659,52.26544577242336,124955.44906792624,False,False
2019-11-22,2573062,2572286,3695,2572067,15,6,10,12,30230.5125,29228.6988,28289.122,29760.193199999998,117508.52649999999,6879.967513698659,52.435769373201346,124336.05824432545,False,False
2019-11-23,2573062,2572286,3695,2572067,15,6,10,12,30230.5125,29228.6988,28289.122,29760.193199999998,117508.52649999999,6879.967513698659,52.60609274065933,124335.88792095799,False,False
2019-11-24,2573062,2572286,3695,2572067,15,6,10,12,30230.5125,29228.6988,28289.122,29760.193199999998,117508.52649999999,6879.967513698659,52.77641587479763,124335.71759782385,False,False
2019-11-25,2573062,2572286,3695,2572067,15,6,10,12,30119.619,29483.0484,28677.816,30168.648,118449.1314,6879.967513698659,52.94802727547958,125276.1508864232,False,False
2019-11-26,2573062,2572286,3695,2572067,15,6,10,12,30431.482500000002,29584.549199999998,28806.148,30163.418400000002,118985.5981,6879.967513698659,53.12037332696783,125812.44524037169,False,False
2019-11-27,2573062,2572286,3695,2572067,15,6,10,12,30385.1355,29996.524200000003,28995.563000000002,30281.6304,119658.85310000001,6879.967513698659,53.293641409488885,126485.52697228918,False,False
2019-11-28,2573062,2572286,3695,2572067,15,6,10,12,30385.1355,29996.524200000003,28995.563000000002,30281.6304,119658.85310000001,6879.967513698659,53.46690925465641,126485.35370444402,False,False
2019-11-29,2573062,2572286,3695,2572067,15,6,10,12,28881.9885,29811.433800000003,28959.425,30032.07,117684.9173,6879.967513698659,53.63747284082688,124511.24734085784,False,False
2019-11-30,2573062,2572286,3695,2572067,15,6,10,12,28881.9885,29811.433800000003,28959.425,30032.07,117684.9173,6879.967513698659,53.808036193348606,124511.07677750531,False,False
2019-12-01,2573062,2572286,3695,2572067,15,6,10,12,28881.9885,29811.433800000003,28959.425,30032.07,117684.9173,6879.967513698659,53.9785993122219,124510.90621438644,False,False
2019-12-02,2573062,2572286,3695,2572067,15,6,10,12,28668.580499999996,29769.6396,28407.494,29686.847999999998,116532.56209999998,6879.967513698659,54.14758362867997,123358.38203006997,False,False
2019-12-03,2573062,2572286,3695,2572067,15,6,10,12,28595.2635,29560.6668,28340.341,29651.976000000002,116148.24729999999,6879.967513698659,54.316041255022526,122973.89877244364,False,False
2019-12-04,2573062,2572286,3695,2572067,15,6,10,12,28999.689,29611.4172,28464.404,29791.4604,116866.97059999999,6879.967513698659,54.48548320306697,123692.4526304956,False,False
2019-12-05,2573062,2572286,3695,2572067,15,6,10,12,29350.5675,30115.9368,28463.171,29884.449600000004,117814.12490000001,6879.967513698659,54.65622239064299,124639.43619130804,False,False
2019-12-06,2573062,2572286,3695,2572067,15,6,10,12,29703.148499999996,30336.8508,28492.859,30198.289200000003,118731.14749999999,6879.967513698659,54.828217539672174,125556.28679615898,False,False
2019-12-07,2573062,2572286,3695,2572067,15,6,10,12,29703.148499999996,30336.8508,28492.859,30198.289200000003,118731.14749999999,6879.967513698659,55.00021245309157,125556.11480124557,False,False
2019-12-08,2573062,2572286,3695,2572067,15,6,10,12,29703.148499999996,30336.8508,28492.859,30198.289200000003,118731.14749999999,6879.967513698659,55.1722071309015,125555.94280656775,False,False
2019-12-09,2573062,2572286,3695,2572067,15,6,10,12,28961.853,30062.201399999998,28236.765,30058.8048,117319.62419999999,6879.967513698659,55.34226797954063,124144.24944571912,False,False
2019-12-10,2573062,2572286,3695,2572067,15,6,10,12,29183.115,30121.9074,27971.185999999998,30012.3096,117288.51800000001,6879.967513698659,55.51228598398682,124112.97322771467,False,False
2019-12-11,2573062,2572286,3695,2572067,15,6,10,12,29196.207,30414.4692,27923.761,30186.6648,117721.102,6879.967513698659,55.68289633635355,124545.3866173623,False,False
2019-12-12,2573062,2572286,3695,2572067,15,6,10,12,29719.9065,30868.2384,28122.945,30525.7272,119236.81709999999,6879.967513698659,55.85558277706227,126060.9290309216,False,False
2019-12-13,2573062,2572286,3695,2572067,15,6,10,12,29669.7615,30696.4032,28303.16,30674.8596,119344.1843,6879.967513698659,56.028416059570375,126168.12339763908,False,False
2019-12-14,2573062,2572286,3695,2572067,15,6,10,12,29669.7615,30696.4032,28303.16,30674.8596,119344.1843,6879.967513698659,56.201249105320564,126167.95056459334,False,False
2019-12-15,2573062,2572286,3695,2572067,15,6,10,12,29669.7615,30696.4032,28303.16,30674.8596,119344.1843,6879.967513698659,56.37408191431316,126167.77773178434,False,False
2019-12-16,2573062,2572286,3695,2572067,15,6,10,12,30048.528,31441.4202,28521.314,31117.909200000002,121129.17139999999,6879.967513698659,56.5493596743567,127952.5895540243,False,False
2019-12-17,2573062,2572286,3695,2572067,15,6,10,12,30570.916499999996,31762.1634,28454.919,31106.254800000002,121894.2537,6879.967513698659,56.725685252238925,128717.49552844642,False,False
2019-12-18,2573062,2572286,3695,2572067,15,6,10,12,30191.235000000004,31889.218800000002,28568.739,31132.594800000003,121781.78760000001,6879.967513698659,56.90185652542858,128604.85325717325,False,False
2019-12-19,2573062,2572286,3695,2572067,15,6,10,12,30243.6045,31829.5122,28616.164,31269.42,121958.7007,6879.967513698659,57.078269904000045,128781.58994379466,False,False
2019-12-20,2573062,2572286,3695,2572067,15,6,10,12,29917.864500000003,31560.8334,28673.074,31286.901599999997,121438.67349999999,6879.967513698659,57.253970674881955,128261.38704302379,False,False
2019-12-21,2573062,2572286,3695,2572067,15,6,10,12,29917.864500000003,31560.8334,28673.074,31286.901599999997,121438.67349999999,6879.967513698659,57.42967120507788,128261.2113424936,False,False
2019-12-22,2573062,2572286,3695,2572067,15,6,10,12,29917.864500000003,31560.8334,28673.074,31286.901599999997,121438.67349999999,6879.967513698659,57.60537149458815,128261.03564220408,False,False
2019-12-23,2573062,2572286,3695,2572067,15,6,10,12,30021.033,31552.0254,28758.438000000002,31347.39,121678.8864,6879.967513698659,57.781400602180206,128501.07251309647,False,False
2019-12-24,2573062,2572286,3695,2572067,15,6,10,12,29935.931999999997,31617.7092,28805.862999999998,31409.275200000004,121768.7794,6879.967513698659,57.957552609732396,128590.78936108893,False,False
2019-12-25,2573062,2572286,3695,2572067,15,6,10,12,29935.931999999997,31617.7092,28805.862999999998,31409.275200000004,121768.7794,6879.967513698659,58.133704375980464,128590.61320932268,False,False
2019-12-26,2573062,2572286,3695,2572067,15,6,10,12,30212.445,31993.897200000003,28872.257999999998,31630.7136,122709.3138,6879.967513698659,58.31114430421241,129530.97016939445,False,False
2019-12-27,2573062,2572286,3695,2572067,15,6,10,12,30194.201999999997,31653.536399999997,29014.533,31619.0592,122481.3306,6879.967513698659,58.48827168362254,129302.80984201502,False,False
2019-12-28,2573062,2572286,3695,2572067,15,6,10,12,30194.201999999997,31653.536399999997,29014.533,31619.0592,122481.3306,6879.967513698659,58.665398820392426,129302.63271487826,False,False
2019-12-29,2573062,2572286,3695,2572067,15,6,10,12,30194.201999999997,31653.536399999997,29014.533,31619.0592,122481.3306,6879.967513698659,58.842525714522395,129302.45558798412,False,False
2019-12-30,2573062,2572286,3695,2572067,15,6,10,12,29997.3255,31360.945799999998,28706.271,31329.790800000002,121394.3331,6879.967513698659,59.01816332834155,128215.28245037032,False,False
2019-12-31,2572856,2572065,851607,2572765,10,4,19,7,29569.991,26798.2684,30642.553999999996,28401.0909,115411.9043,13325.04079814916,0.0,128736.94509814915,True,True
2020-01-01,2572856,2572065,851607,2572765,10,4,19,7,29569.991,26798.2684,30642.553999999996,28401.0909,115411.9043,13325.04079814916,0.1763519795865057,128736.76874616956,False,False
2020-01-02,2572856,2572065,851607,2572765,10,4,19,7,29316.731,26884.022800000002,31282.0674,28873.074299999997,116355.8955,13325.04079814916,0.35399685622509414,129680.58230129293,False,False
2020-01-03,2572856,2572065,851607,2572765,10,4,19,7,28967.336,26685.2284,31270.087900000002,28934.6379,115857.2902,13325.04079814916,0.5309584685556324,129181.8000396806,False,False
2020-01-04,2572856,2572065,851607,2572765,10,4,19,7,28967.336,26685.2284,31270.087900000002,28934.6379,115857.2902,13325.04079814916,0.7079198384730031,129181.62307831069,False,False
2020-01-05,2572856,2572065,851607,2572765,10,4,19,7,28967.336,26685.2284,31270.087900000002,28934.6379,115857.2902,13325.04079814916,0.8848809659775383,129181.44611718318,False,False
2020-01-06,2572856,2572065,851607,2572765,10,4,19,7,29214.556,26809.9624,31408.0222,29269.814,116702.3546,13325.04079814916,1.0629994735353234,130026.33239867563,False,False
2020-01-07,2572856,2572065,851607,2572765,10,4,19,7,29171.488,26747.5952,31563.924799999997,29420.3021,116903.3101,13325.04079814916,1.2413930186020024,130227.10950513056,False,False
2020-01-08,2572856,2572065,851607,2572765,10,4,19,7,29583.950999999997,26907.410399999997,31910.1637,29563.949099999998,117965.4742,13325.04079814916,1.4212413386090306,131289.09375681056,False,False
2020-01-09,2572856,2572065,851607,2572765,10,4,19,7,29689.591,27014.6036,32175.3638,29570.789500000003,118450.34790000001,13325.04079814916,1.6017536227964424,131773.7869445264,False,False
2020-01-10,2572856,2572065,851607,2572765,10,4,19,7,29528.804,27071.1236,32014.9715,29563.949099999998,118178.8482,13325.04079814916,1.7818937423094923,131502.10710440687,False,False
2020-01-11,2572856,2572065,851607,2572765,10,4,19,7,29528.804,27071.1236,32014.9715,29563.949099999998,118178.8482,13325.04079814916,1.962033615055255,131501.9269645341,False,False
2020-01-12,2572856,2572065,851607,2572765,10,4,19,7,29528.804,27071.1236,32014.9715,29563.949099999998,118178.8482,13325.04079814916,2.142173241034069,131501.74682490813,False,False
2020-01-13,2572856,2572065,851607,2572765,10,4,19,7,29143.766,26993.1648,32649.430899999996,29899.1259,118685.4876,13325.04079814916,2.3230066468216144,132008.20539150233,False,False
2020-01-14,2572856,2572065,851607,2572765,10,4,19,7,29495.241,27176.367599999998,32490.347700000002,29892.2855,119054.2418,13325.04079814916,2.5043449476318917,132376.77825320154,False,False
2020-01-15,2572856,2572065,851607,2572765,10,4,19,7,29672.561999999998,27406.345599999997,32500.2676,30070.133800000003,119649.30900000001,13325.04079814916,2.686498160581483,132971.66329998858,False,False
2020-01-16,2572856,2572065,851607,2572765,10,4,19,7,29849.982,27515.4876,32603.0158,30384.789399999998,120353.2748,13325.04079814916,2.8696154607184536,133675.44598268846,False,False
2020-01-17,2572856,2572065,851607,2572765,10,4,19,7,29575.337,27570.058399999998,32621.358400000005,30165.8987,119932.65250000001,13325.04079814916,3.052156315078301,133254.64114183412,False,False
2020-01-18,2572856,2572065,851607,2572765,10,4,19,7,29575.337,27570.058399999998,32621.358400000005,30165.8987,119932.65250000001,13325.04079814916,3.2346969193821833,133254.4586012298,False,False
2020-01-19,2572856,2572065,851607,2572765,10,4,19,7,29575.337,27570.058399999998,32621.358400000005,30165.8987,119932.65250000001,13325.04079814916,3.4172372736304433,133254.27606087556,False,False
2020-01-20,2572856,2572065,851607,2572765,10,4,19,7,29575.337,27570.058399999998,32621.358400000005,30165.8987,119932.65250000001,13325.04079814916,3.5997773778234237,133254.09352077136,False,False
2020-01-21,2572856,2572065,851607,2572765,10,4,19,7,29189.012000000002,27558.3648,32293.8345,30049.6133,119090.82459999999,13325.04079814916,3.781164043057357,132412.0842341061,False,False
2020-01-22,2572856,2572065,851607,2572765,10,4,19,7,29218.516,27605.14,32331.2645,30063.2934,119218.2139,13325.04079814916,3.9627249657068178,132539.29197318346,False,False
2020-01-23,2572856,2572065,851607,2572765,10,4,19,7,29003.969,27472.6104,32378.053899999995,30145.3775,119000.0108,13325.04079814916,4.143986731286521,132320.9076114179,False,False
2020-01-24,2572856,2572065,851607,2572765,10,4,19,7,28453.688,27075.021600000004,32078.604400000004,29994.8901,117602.20410000002,13325.04079814916,4.323333444863806,130922.92156470432,False,False
2020-01-25,2572856,2572065,851607,2572765,10,4,19,7,28453.688,27075.021600000004,32078.604400000004,29994.8901,117602.20410000002,13325.04079814916,4.502679912760661,130922.74221823641,False,False
2020-01-26,2572856,2572065,851607,2572765,10,4,19,7,28453.688,27075.021600000004,32078.604400000004,29994.8901,117602.20410000002,13325.04079814916,4.6820261349774235,130922.5628720142,False,False
2020-01-27,2572856,2572065,851607,2572765,10,4,19,7,28245.18,26809.9624,31518.2583,29481.865,116055.2657,13325.04079814916,4.859253017815799,129375.44724513135,False,False
2020-01-28,2572856,2572065,851607,2572765,10,4,19,7,28469.925,27036.041999999998,32025.263800000004,29584.4696,117115.7004,13325.04079814916,5.037932308151595,130435.703265841,False,False
2020-01-29,2572856,2572065,851607,2572765,10,4,19,7,28323.791,27016.5524,31966.310599999997,29543.427900000002,116850.08189999999,13325.04079814916,5.216247492762337,130169.90645065639,False,False
2020-01-30,2572856,2572065,851607,2572765,10,4,19,7,28069.443,26876.2272,31797.8699,29577.6299,116321.17,13325.04079814916,5.393837896256387,129640.8169602529,False,False
2020-01-31,2572856,2572065,851607,2572765,10,4,19,7,27677.375,26396.781600000002,31113.8129,29180.890199999998,114368.8597,13325.04079814916,5.568753658804678,127688.33174449035,False,False
2020-02-01,2572856,2572065,851607,2572765,10,4,19,7,27677.375,26396.781600000002,31113.8129,29180.890199999998,114368.8597,13325.04079814916,5.743669181742336,127688.15682896742,False,False
2020-02-02,2572856,2572065,851607,2572765,10,4,19,7,27677.375,26396.781600000002,31113.8129,29180.890199999998,114368.8597,13325.04079814916,5.9185844650696895,127687.9819136841,False,False
2020-02-03,2572856,2572065,851607,2572765,10,4,19,7,28029.543,26591.678,31563.924799999997,29509.225899999998,115694.37169999999,13325.04079814916,6.095315278650078,129013.3171828705,False,False
2020-02-04,2572856,2572065,851607,2572765,10,4,19,7,28648.831000000002,27028.2464,32223.088000000003,30193.2603,118093.42569999999,13325.04079814916,6.275332225475928,131412.19116592366,False,False
2020-02-05,2572856,2572065,851607,2572765,10,4,19,7,28917.536,27484.303999999996,32331.2645,30097.495400000003,118830.5999,13325.04079814916,6.456358753374454,132149.18433939578,False,False
2020-02-06,2572856,2572065,851607,2572765,10,4,19,7,29304.255999999998,27534.977199999998,32784.7451,30193.2603,119817.23859999998,13325.04079814916,6.638736593154448,133135.64066155598,False,False
2020-02-07,2572856,2572065,851607,2572765,10,4,19,7,29208.22,27324.4888,32329.5811,30118.0166,118980.3065,13325.04079814916,6.8199677007730175,132298.52733044839,False,False
2020-02-08,2572856,2572065,851607,2572765,10,4,19,7,29208.22,27324.4888,32329.5811,30118.0166,118980.3065,13325.04079814916,7.001198560129796,132298.34609958905,False,False
2020-02-09,2572856,2572065,851607,2572765,10,4,19,7,29208.22,27324.4888,32329.5811,30118.0166,118980.3065,13325.04079814916,7.182429171225124,132298.16486897794,False,False
2020-02-10,2572856,2572065,851607,2572765,10,4,19,7,29655.335,27449.2228,32608.6303,30398.4702,120111.6583,13325.04079814916,7.365209331045642,133429.33388881813,False,False
2020-02-11,2572856,2572065,851607,2572765,10,4,19,7,29583.258,27624.629599999997,32649.993300000002,30514.7563,120372.6372,13325.04079814916,7.548346745824845,133690.12965140335,False,False
2020-02-12,2572856,2572065,851607,2572765,10,4,19,7,29591.277000000002,27632.4256,32986.3123,30316.3861,120526.40100000001,13325.04079814916,7.731694545073343,133843.7101036041,False,False
2020-02-13,2572856,2572065,851607,2572765,10,4,19,7,29462.271,27495.997999999996,32845.946,30254.8232,120059.0382,13325.04079814916,7.914401870146773,133376.16459627904,False,False
2020-02-14,2572856,2572065,851607,2572765,10,4,19,7,29559.298,27464.8144,33482.2769,30343.7477,120850.13699999999,13325.04079814916,8.098192641922498,134167.07960550723,False,False
2020-02-15,2572856,2572065,851607,2572765,10,4,19,7,29559.298,27464.8144,33482.2769,30343.7477,120850.13699999999,13325.04079814916,8.281983161930043,134166.89581498722,False,False
2020-02-16,2572856,2572065,851607,2572765,10,4,19,7,29559.298,27464.8144,33482.2769,30343.7477,120850.13699999999,13325.04079814916,8.465773430169751,134166.712024719,False,False
2020-02-17,2572856,2572065,851607,2572765,10,4,19,7,29559.298,27464.8144,33482.2769,30343.7477,120850.13699999999,13325.04079814916,8.649563446641968,134166.5282347025,False,False
2020-02-18,2572856,2572065,851607,2572765,10,4,19,7,29588.702999999998,27390.753999999997,33095.2374,30391.629800000002,120466.3242,13325.04079814916,8.832827440388137,133782.5321707088,False,False
2020-02-19,2572856,2572065,851607,2572765,10,4,19,7,29732.164,27566.1608,33688.1495,30603.6808,121590.1551,13325.04079814916,9.017630677471299,134906.1782674717,False,False
2020-02-20,2572856,2572065,851607,2572765,10,4,19,7,29444.747,27382.958000000002,33573.9842,30672.084099999996,121073.77329999999,13325.04079814916,9.201726289070576,134389.6123718601,False,False
2020-02-21,2572856,2572065,851607,2572765,10,4,19,7,29384.749,27382.958000000002,33257.6893,30145.3775,120170.7738,13325.04079814916,9.384584662867645,133486.4300134863,False,False
2020-02-22,2572856,2572065,851607,2572765,10,4,19,7,29384.749,27382.958000000002,33257.6893,30145.3775,120170.7738,13325.04079814916,9.56744278617379,133486.24715536297,False,False
2020-02-23,2572856,2572065,851607,2572765,10,4,19,7,29384.749,27382.958000000002,33257.6893,30145.3775,120170.7738,13325.04079814916,9.750300658989357,133486.06429749017,False,False
2020-02-24,2572856,2572065,851607,2572765,10,4,19,7,28650.811,26439.6588,32239.371,29146.6882,116476.52900000001,13325.04079814916,9.928097671999618,129791.64170047716,False,False
2020-02-25,2572856,2572065,851607,2572765,10,4,19,7,28696.057,25714.644,31816.5849,28120.637300000002,114347.9232,13325.04079814916,10.102978543096162,127662.86101960606,False,False
2020-02-26,2572856,2572065,851607,2572765,10,4,19,7,29384.253999999997,25722.4396,32237.687599999997,28031.7128,115376.09400000001,13325.04079814916,10.279267627780554,128690.8555305214,False,False
2020-02-27,2572856,2572065,851607,2572765,10,4,19,7,28662.494,24958.4456,31067.9602,27101.4268,111790.3266,13325.04079814916,10.450644460836063,125104.91675368832,False,False
2020-02-28,2572856,2572065,851607,2572765,10,4,19,7,28675.266,24572.5504,31348.6947,27149.308899999996,111745.82,13325.04079814916,10.621960091183581,125060.23883805798,False,False
2020-02-29,2572856,2572065,851607,2572765,10,4,19,7,28675.266,24572.5504,31348.6947,27149.308899999996,111745.82,13325.04079814916,10.793275486852155,125060.06752266231,False,False
2020-03-01,2572856,2572065,851607,2572765,10,4,19,7,28675.266,24572.5504,31348.6947,27149.308899999996,111745.82,13325.04079814916,10.964590647842103,125059.89620750133,False,False
2020-03-02,2572856,2572065,851607,2572765,10,4,19,7,30204.922,25628.889600000002,31573.2823,27648.6539,115055.74780000001,13325.04079814916,11.14043972182498,128369.64815842734,False,False
2020-03-03,2572856,2572065,851607,2572765,10,4,19,7,29584.248,25114.3628,31575.5281,27115.1069,113389.24579999999,13325.04079814916,11.314005675466662,126702.97259247368,False,False
2020-03-04,2572856,2572065,851607,2572765,10,4,19,7,30595.108,26466.9444,33126.6805,27949.6287,118138.3616,13325.04079814916,11.494077029428954,131451.90832111973,False,False
2020-03-05,2572856,2572065,851607,2572765,10,4,19,7,30365.412,25874.4592,32721.6727,27135.6281,116097.172,13325.04079814916,11.671351986581174,129410.54144616258,False,False
2020-03-06,2572856,2572065,851607,2572765,10,4,19,7,30296.107,25699.052,32172.183200000003,26608.9222,114776.2644,13325.04079814916,11.846817238425231,128089.45838091073,False,False
2020-03-07,2572856,2572065,851607,2572765,10,4,19,7,30296.107,25699.052,32172.183200000003,26608.9222,114776.2644,13325.04079814916,12.022282249905931,128089.28291589925,False,False
2020-03-08,2572856,2572065,851607,2572765,10,4,19,7,30296.107,25699.052,32172.183200000003,26608.9222,114776.2644,13325.04079814916,12.197747021023602,128089.10745112813,False,False
2020-03-09,2572856,2572065,851607,2572765,10,4,19,7,27741.73,24334.7768,30506.4912,24495.2568,107078.25480000001,13325.04079814916,12.362666333148436,120390.93293181602,False,False
2020-03-10,2572856,2572065,851607,2572765,10,4,19,7,27676.781,25180.6276,31484.9437,25302.417,109644.7693,13325.04079814916,12.531101192644075,122957.27899695652,False,False
2020-03-11,2572856,2572065,851607,2572765,10,4,19,7,26501.668999999998,24163.2676,30244.471700000002,24030.1138,104939.5221,13325.04079814916,12.69309027729744,118251.86980787186,False,False
2020-03-12,2572856,2572065,851607,2572765,10,4,19,7,23672.547000000002,22206.5068,27886.301900000002,22025.8941,95791.2498,13325.04079814916,12.842547260184936,109103.44805088898,False,False
2020-03-13,2572856,2572065,851607,2572765,10,4,19,7,24433.712,23683.8224,29420.983200000002,23168.2311,100706.74870000001,13325.04079814916,12.998737598473825,114018.79076055069,False,False
2020-03-14,2572856,2572065,851607,2572765,10,4,19,7,24433.712,23683.8224,29420.983200000002,23168.2311,100706.74870000001,13325.04079814916,13.154927722803347,114018.63457042637,False,False
2020-03-15,2572856,2572065,851607,2572765,10,4,19,7,24433.712,23683.8224,29420.983200000002,23168.2311,100706.74870000001,13325.04079814916,13.311117633173794,114018.478380516,False,False
2020-03-16,2572856,2572065,851607,2572765,10,4,19,7,22356.943,21473.696,27380.9798,20719.3896,91931.00839999999,13325.04079814916,13.455285767530665,105242.59391238162,False,False
2020-03-17,2572856,2572065,851607,2572765,10,4,19,7,23801.255999999998,22685.9524,28515.707300000002,22218.7728,97221.68849999999,13325.04079814916,13.606701211383243,110533.12259693777,False,False
2020-03-18,2572856,2572065,851607,2572765,10,4,19,7,23841.947,21836.2036,27011.5324,20956.5013,93646.18430000001,13325.04079814916,13.7532184968585,106957.47187965231,False,False
2020-03-19,2572856,2572065,851607,2572765,10,4,19,7,24160.948,21781.632400000002,27416.5383,21542.3068,94901.42550000001,13325.04079814916,13.901455090118297,108212.56484305905,False,False
2020-03-20,2572856,2572065,851607,2572765,10,4,19,7,23633.34,20873.4148,26938.167699999998,21500.4636,92945.38609999999,13325.04079814916,14.047011974286871,106256.37988617487,False,False
2020-03-21,2572856,2572065,851607,2572765,10,4,19,7,23633.34,20873.4148,26938.167699999998,21500.4636,92945.38609999999,13325.04079814916,14.192568659062452,106256.23432949008,False,False
2020-03-22,2572856,2572065,851607,2572765,10,4,19,7,23633.34,20873.4148,26938.167699999998,21500.4636,92945.38609999999,13325.04079814916,14.338125144445316,106256.0887730047,False,False
2020-03-23,2572856,2572065,851607,2572765,10,4,19,7,23676.408,20074.3392,27081.528400000003,21674.8105,92507.08609999999,13325.04079814916,14.48308101947683,105817.64381712966,False,False
2020-03-24,2572856,2572065,851607,2572765,10,4,19,7,25167.551,21462.0024,29093.459300000002,23557.7573,99280.77,13325.04079814916,14.637315714979747,112591.17348243418,False,False
2020-03-25,2572856,2572065,851607,2572765,10,4,19,7,25383.98,21882.9788,28819.8365,23836.712900000002,99923.5082,13325.04079814916,14.79243066248993,113233.75656748666,False,False
2020-03-26,2572856,2572065,851607,2572765,10,4,19,7,26445.532,23196.5812,30066.6735,25154.7751,104863.5618,13325.04079814916,14.954312594226215,118173.64828555493,False,False
2020-03-27,2572856,2572065,851607,2572765,10,4,19,7,26236.033,22814.584,29809.1456,24701.473299999998,103561.2359,13325.04079814916,15.114410296124236,116871.16228785303,False,False
2020-03-28,2572856,2572065,851607,2572765,10,4,19,7,26236.033,22814.584,29809.1456,24701.473299999998,103561.2359,13325.04079814916,15.274507778710335,116871.00219037045,False,False
2020-03-29,2572856,2572065,851607,2572765,10,4,19,7,26236.033,22814.584,29809.1456,24701.473299999998,103561.2359,13325.04079814916,15.434605041984815,116870.84209310717,False,False
2020-03-30,2572856,2572065,851607,2572765,10,4,19,7,26802.748,23870.923199999997,30379.9721,25092.010299999998,106145.65359999999,13325.04079814916,15.598242384167154,119455.09615576499,False,False
2020-03-31,2573062,851607,497280,2572066,14,18,12,9,29130.6344,29025.0,28787.999999999996,29536.8525,116480.48689999999,2715.0102981491764,15.761502519722997,119179.73569562945,True,False
2020-04-01,2573062,851607,497280,2572066,14,18,12,9,28175.1288,28695.2112,27420.0,28204.3629,112494.7029,2715.0102981491764,15.919302453552627,115193.79389569564,False,False
2020-04-02,2573062,851607,497280,2572066,14,18,12,9,29387.8844,29108.511000000002,26964.0,28008.9306,113469.326,2715.0102981491764,16.07843727135495,116168.25786087783,False,False
2020-04-03,2573062,851607,497280,2572066,14,18,12,9,29645.1358,28922.871600000002,26472.0,27769.0824,112809.0898,2715.0102981491764,16.236667438013686,115507.86343071116,False,False
2020-04-04,2573062,851607,497280,2572066,14,18,12,9,29645.1358,28922.871600000002,26472.0,27769.0824,112809.0898,2715.0102981491764,16.39489738791877,115507.70520076127,False,False
2020-04-05,2573062,851607,497280,2572066,14,18,12,9,29645.1358,28922.871600000002,26472.0,27769.0824,112809.0898,2715.0102981491764,16.5531271210705,115507.54697102812,False,False
2020-04-06,2573062,851607,497280,2572066,14,18,12,9,30576.14,30071.106,28428.0,30274.1631,119349.4091,2715.0102981491764,16.720315978976018,122047.6990821702,False,False
2020-04-07,2573062,851607,497280,2572066,14,18,12,9,30625.1414,29974.6512,27912.000000000004,31100.306399999998,119612.099,2715.0102981491764,16.887864457033785,122310.22143369213,False,False
2020-04-08,2573062,851607,497280,2572066,14,18,12,9,30857.891399999997,29778.550199999998,29304.000000000004,31997.5164,121937.95799999998,2715.0102981491764,17.05859881379227,124635.90969933539,False,False
2020-04-09,2573062,851607,497280,2572066,14,18,12,9,31029.392799999998,29949.650999999998,29584.92,32690.4111,123254.3749,2715.0102981491764,17.23113624748999,125952.15406190169,False,False
2020-04-10,2573062,851607,497280,2572066,14,18,12,9,31029.392799999998,29949.650999999998,29584.92,32690.4111,123254.3749,2715.0102981491764,17.40367344483506,125951.98152470434,False,False
2020-04-11,2573062,851607,497280,2572066,14,18,12,9,31029.392799999998,29949.650999999998,29584.92,32690.4111,123254.3749,2715.0102981491764,17.576210405827805,125951.80898774335,False,False
2020-04-12,2573062,851607,497280,2572066,14,18,12,9,31029.392799999998,29949.650999999998,29584.92,32690.4111,123254.3749,2715.0102981491764,17.748747130468548,125951.63645101871,False,False
2020-04-13,2573062,851607,497280,2572066,14,18,12,9,31372.394200000002,30301.603199999998,29982.960000000003,32859.192599999995,124516.15,2715.0102981491764,17.92301207779871,127213.2372860714,False,False
2020-04-14,2573062,851607,497280,2572066,14,18,12,9,31972.647,31205.8638,31266.36,34164.4113,128609.28210000001,2715.0102981491764,18.10288381668374,131306.18951433248,False,False
2020-04-15,2573062,851607,497280,2572066,14,18,12,9,31494.772399999998,31174.8354,31380.0,34138.3833,128187.9911,2715.0102981491764,18.28217819821022,130884.71921995097,False,False
2020-04-16,2573062,851607,497280,2572066,14,18,12,9,32095.146999999997,32251.9698,31620.0,35044.4763,131011.5931,2715.0102981491764,18.465340282073168,133708.1380578671,False,False
2020-04-17,2573062,851607,497280,2572066,14,18,12,9,31409.144200000002,32049.6642,32520.0,35408.6901,131387.49850000002,2715.0102981491764,18.64901705393326,134083.8597810952,False,False
2020-04-18,2573062,851607,497280,2572066,14,18,12,9,31409.144200000002,32049.6642,32520.0,35408.6901,131387.49850000002,2715.0102981491764,18.832693574181334,134083.67610457496,False,False
2020-04-19,2573062,851607,497280,2572066,14,18,12,9,31409.144200000002,32049.6642,32520.0,35408.6901,131387.49850000002,2715.0102981491764,19.01636984281774,134083.49242830634,False,False
2020-04-20,2573062,851607,497280,2572066,14,18,12,9,32536.1498,31960.124999999996,33012.0,35986.1022,133494.377,2715.0102981491764,19.20293199477432,136190.1843661544,False,False
2020-04-21,2573062,851607,497280,2572066,14,18,12,9,31972.647,31285.652400000003,31595.999999999996,34875.6939,129729.9933,2715.0102981491764,19.384337201166314,132425.619260948,False,False
2020-04-22,2573062,851607,497280,2572066,14,18,12,9,32744.399800000003,31612.0734,32427.12,35906.1525,132689.7457,2715.0102981491764,19.569796614400488,135385.18620153476,False,False
2020-04-23,2573062,851607,497280,2572066,14,18,12,9,33013.9012,31471.822799999998,32544.0,35968.3353,132998.0593,2715.0102981491764,19.755678120977933,135693.3139200282,False,False
2020-04-24,2573062,851607,497280,2572066,14,18,12,9,32438.148400000002,31739.733,32954.16,36945.494099999996,134077.5355,2715.0102981491764,19.943038107443726,136772.60276004171,False,False
2020-04-25,2573062,851607,497280,2572066,14,18,12,9,32438.148400000002,31739.733,32954.16,36945.494099999996,134077.5355,2715.0102981491764,20.130397837252,136772.4154003119,False,False
2020-04-26,2573062,851607,497280,2572066,14,18,12,9,32438.148400000002,31739.733,32954.16,36945.494099999996,134077.5355,2715.0102981491764,20.317757310403113,136772.22804083876,False,False
2020-04-27,2573062,851607,497280,2572066,14,18,12,9,32936.8494,32056.9326,33600.0,38002.6026,136596.3846,2715.0102981491764,20.508567005116593,139290.88633114405,False,False
2020-04-28,2573062,851607,497280,2572066,14,18,12,9,32928.1512,31702.321799999998,32925.24,37434.0735,134989.7865,2715.0102981491764,20.69717561913186,137684.09962253002,False,False
2020-04-29,2573062,851607,497280,2572066,14,18,12,9,32627.7798,32234.239799999996,34052.28,38198.0349,137112.3345,2715.0102981491764,20.88869157477916,139806.4561065744,False,False
2020-04-30,2573062,851607,497280,2572066,14,18,12,9,31850.147,31525.0146,33966.72,37896.003899999996,135237.88549999997,2715.0102981491764,21.077639529719672,137931.81815861943,False,False
2020-05-01,2573062,851607,497280,2572066,14,18,12,9,30637.3914,30957.636599999998,32880.0,36394.7319,130869.75989999999,2715.0102981491764,21.26060349212874,133563.50959465705,False,False
2020-05-02,2573062,851607,497280,2572066,14,18,12,9,30637.3914,30957.636599999998,32880.0,36394.7319,130869.75989999999,2715.0102981491764,21.443567203902244,133563.32663094526,False,False
2020-05-03,2573062,851607,497280,2572066,14,18,12,9,30637.3914,30957.636599999998,32880.0,36394.7319,130869.75989999999,2715.0102981491764,21.626530665040526,133563.14366748414,False,False
2020-05-04,2573062,851607,497280,2572066,14,18,12,9,30625.1414,31081.7502,33645.0,36480.2778,131832.1694,2715.0102981491764,21.810812244722012,134525.36888590446,False,False
2020-05-05,2573062,851607,497280,2572066,14,18,12,9,30840.6196,31737.781799999997,34579.56,37913.7699,135071.73129999998,2715.0102981491764,21.999531327990375,137764.74206682117,False,False
2020-05-06,2573062,851607,497280,2572066,14,18,12,9,32033.896999999997,32065.799400000004,35551.68,38580.0147,138231.3911,2715.0102981491764,22.192578453835335,140924.20881969534,False,False
2020-05-07,2573062,851607,497280,2572066,14,18,12,9,32579.0248,32739.561,37812.0,38580.0147,141710.6005,2715.0102981491764,22.39039135550615,144403.22040679367,False,False
2020-05-08,2573062,851607,497280,2572066,14,18,12,9,33209.9026,33184.422,38040.0,40045.753800000006,144480.0784,2715.0102981491764,22.591997791542855,147172.49670035762,False,False
2020-05-09,2573062,851607,497280,2572066,14,18,12,9,33209.9026,33184.422,38040.0,40045.753800000006,144480.0784,2715.0102981491764,22.793603951406357,147172.29509419776,False,False
2020-05-10,2573062,851607,497280,2572066,14,18,12,9,33209.9026,33184.422,38040.0,40045.753800000006,144480.0784,2715.0102981491764,22.99520983509704,147172.09348831407,False,False
2020-05-11,2573062,851607,497280,2572066,14,18,12,9,32617.2448,33404.4594,38844.0,40214.5353,145080.23950000003,2715.0102981491764,23.197637581108427,147772.05216056804,False,False
2020-05-12,2573062,851607,497280,2572066,14,18,12,9,33230.1158,33493.113000000005,38472.0,40223.4183,145418.6471,2715.0102981491764,23.40052862187633,148110.25686952728,False,False
2020-05-13,2573062,851607,497280,2572066,14,18,12,9,33381.404,33320.061,37824.0,39876.9714,144402.4364,2715.0102981491764,23.602027315259242,147093.8446708339,False,False
2020-05-14,2573062,851607,497280,2572066,14,18,12,9,33923.9586,33684.7806,38196.0,39823.6716,145628.4108,2715.0102981491764,23.805205149602852,148319.61589299957,False,False
2020-05-15,2573062,851607,497280,2572066,14,18,12,9,33033.0112,34103.754,39228.0,40481.0334,146845.79859999998,2715.0102981491764,24.010050360141207,149536.798847789,False,False
2020-05-16,2573062,851607,497280,2572066,14,18,12,9,33033.0112,34103.754,39228.0,40481.0334,146845.79859999998,2715.0102981491764,24.214895290069684,149536.59400285908,False,False
2020-05-17,2573062,851607,497280,2572066,14,18,12,9,33033.0112,34103.754,39228.0,40481.0334,146845.79859999998,2715.0102981491764,24.41973993938867,149536.38915820976,False,False
2020-05-18,2573062,851607,497280,2572066,14,18,12,9,34520.658200000005,35124.328799999996,38975.99999999999,41031.795600000005,149652.7826,2715.0102981491764,24.62842949166019,152343.16446865752,False,False
2020-05-19,2573062,851607,497280,2572066,14,18,12,9,34079.6568,35266.172399999996,39420.0,41040.6786,149806.5078,2715.0102981491764,24.837329340521364,152496.68076880864,False,False
2020-05-20,2573062,851607,497280,2572066,14,18,12,9,33724.4054,35576.4582,40236.0,41387.1264,150923.99000000002,2715.0102981491764,25.04775970075261,153613.95253844841,False,False
2020-05-21,2573062,851607,497280,2572066,14,18,12,9,33197.6526,35656.2468,40236.0,40880.780099999996,149970.6795,2715.0102981491764,25.25688386792857,152660.43291428123,False,False
2020-05-22,2573062,851607,497280,2572066,14,18,12,9,32168.648400000002,35726.814,41052.0,41058.4455,150005.9079,2715.0102981491764,25.466056006715256,152695.45214214243,False,False
2020-05-23,2573062,851607,497280,2572066,14,18,12,9,32168.648400000002,35726.814,41052.0,41058.4455,150005.9079,2715.0102981491764,25.675227858964767,152695.2429702902,False,False
2020-05-24,2573062,851607,497280,2572066,14,18,12,9,32168.648400000002,35726.814,41052.0,41058.4455,150005.9079,2715.0102981491764,25.884399424677493,152695.03379872447,False,False
2020-05-25,2573062,851607,497280,2572066,14,18,12,9,32168.648400000002,35726.814,41052.0,41058.4455,150005.9079,2715.0102981491764,26.09357070385383,152694.8246274453,False,False
2020-05-26,2573062,851607,497280,2572066,14,18,12,9,33491.653999999995,35833.5522,40512.0,41040.6786,150877.8848,2715.0102981491764,26.303936185398275,153566.59116196376,False,False
2020-05-27,2573062,851607,497280,2572066,14,18,12,9,32425.898400000002,35354.826,40068.0,40694.2317,148542.9561,2715.0102981491764,26.511102846305075,151231.45529530288,False,False
2020-05-28,2573062,851607,497280,2572066,14,18,12,9,31666.3956,35000.2134,40320.0,40729.7646,147716.3736,2715.0102981491764,26.717136918627407,150404.66676123053,False,False
2020-05-29,2573062,851607,497280,2572066,14,18,12,9,33113.7394,36161.568,42300.0,41937.8886,153513.196,2715.0102981491764,26.931111561314026,156201.27518658785,False,False
2020-05-30,2573062,851607,497280,2572066,14,18,12,9,33113.7394,36161.568,42300.0,41937.8886,153513.196,2715.0102981491764,27.145085910884696,156201.06121223827,False,False
2020-05-31,2573062,851607,497280,2572066,14,18,12,9,33113.7394,36161.568,42300.0,41937.8886,153513.196,2715.0102981491764,27.359059967339817,156200.84723818183,False,False
2020-06-01,2573062,851607,497280,2572066,14,18,12,9,33932.6554,36971.6796,43680.0,42355.4022,156939.7372,2715.0102981491764,27.57772762273459,159627.16977052644,False,False
2020-06-02,2573062,851607,497280,2572066,14,18,12,9,34238.9068,37308.738600000004,43620.0,43181.5455,158349.19090000002,2715.0102981491764,27.798325737077775,161036.40287241212,False,False
2020-06-03,2573062,851607,497280,2572066,14,18,12,9,34765.6596,37252.0008,43812.0,43527.9042,159357.56459999998,2715.0102981491764,28.020304883067382,162044.5545932661,False,False
2020-06-04,2573062,851607,497280,2572066,14,18,12,9,34410.4082,36826.4664,42084.0,43394.743800000004,156715.6184,2715.0102981491764,28.238664620592406,159402.3900335286,False,False
2020-06-05,2573062,851607,497280,2572066,14,18,12,9,34782.8096,37174.518,41832.0,43758.957599999994,157548.28519999998,2715.0102981491764,28.458164698446556,160234.8373334507,False,False
2020-06-06,2573062,851607,497280,2572066,14,18,12,9,34782.8096,37174.518,41832.0,43758.957599999994,157548.28519999998,2715.0102981491764,28.677664475615668,160234.61783367355,False,False
2020-06-07,2573062,851607,497280,2572066,14,18,12,9,34782.8096,37174.518,41832.0,43758.957599999994,157548.28519999998,2715.0102981491764,28.89716395210015,160234.39833419706,False,False
2020-06-08,2573062,851607,497280,2572066,14,18,12,9,34422.6582,37252.0008,42491.99999999999,44220.8871,158387.54609999998,2715.0102981491764,29.117812800366174,161073.4385853488,False,False
2020-06-09,2573062,851607,497280,2572066,14,18,12,9,34851.4096,37322.922600000005,42132.0,44434.0854,158740.41760000002,2715.0102981491764,29.33894473198994,161426.08895341717,False,False
2020-06-10,2573062,851607,497280,2572066,14,18,12,9,35272.9342,38422.2204,43056.0,44593.984800000006,161345.13940000001,2715.0102981491764,29.563644472748045,164030.58605367644,False,False
2020-06-11,2573062,851607,497280,2572066,14,18,12,9,34312.408200000005,37287.4626,41064.0,42728.498999999996,155392.3698,2715.0102981491764,29.780189426794177,158077.59990872236,False,False
2020-06-12,2573062,851607,497280,2572066,14,18,12,9,35341.4124,37837.1106,41652.0,42986.1141,157816.6371,2715.0102981491764,30.000054998312976,160501.64734315083,False,False
2020-06-13,2573062,851607,497280,2572066,14,18,12,9,35341.4124,37837.1106,41652.0,42986.1141,157816.6371,2715.0102981491764,30.21992026864606,160501.42747788053,False,False
2020-06-14,2573062,851607,497280,2572066,14,18,12,9,35341.4124,37837.1106,41652.0,42986.1141,157816.6371,2715.0102981491764,30.439785237793842,160501.20761291136,False,False
2020-06-15,2573062,851607,497280,2572066,14,18,12,9,35757.9138,38564.0658,43068.0,43845.7473,161235.7269,2715.0102981491764,30.66433359041427,163920.07286455875,False,False
2020-06-16,2573062,851607,497280,2572066,14,18,12,9,36284.6666,38971.870200000005,43932.0,44842.716,164031.25280000002,2715.0102981491764,30.89271112296846,166715.37038702623,False,False
2020-06-17,2573062,851607,497280,2572066,14,18,12,9,37019.6708,40124.358,44375.99999999999,45260.2296,166780.2584,2715.0102981491764,31.124854103772606,169464.14384404538,False,False
2020-06-18,2573062,851607,497280,2572066,14,18,12,9,36725.6694,40230.741599999994,45336.0,45091.4472,167383.8582,2715.0102981491764,31.357823615613764,170067.51067453358,False,False
2020-06-19,2573062,851607,497280,2572066,14,18,12,9,37503.5472,40532.1624,45144.0,45437.895000000004,168617.60460000002,2715.0102981491764,31.59248287188025,171301.02241527732,False,False
2020-06-20,2573062,851607,497280,2572066,14,18,12,9,37503.5472,40532.1624,45144.0,45437.895000000004,168617.60460000002,2715.0102981491764,31.8271418066957,171300.7877563425,False,False
2020-06-21,2573062,851607,497280,2572066,14,18,12,9,37503.5472,40532.1624,45144.0,45437.895000000004,168617.60460000002,2715.0102981491764,32.06180042006055,171300.55309772913,False,False
2020-06-22,2573062,851607,497280,2572066,14,18,12,9,37926.1736,40922.235,46775.99999999999,45922.032,171546.4406,2715.0102981491764,32.30047081608484,174229.15042733308,False,False
2020-06-23,2573062,851607,497280,2572066,14,18,12,9,38710.177800000005,41418.693,46620.0,46407.5028,173156.3736,2715.0102981491764,32.54134627283461,175838.84255187633,False,False
2020-06-24,2573062,851607,497280,2572066,14,18,12,9,38220.175,40727.1996,45696.0,45637.7679,170281.14250000002,2715.0102981491764,32.778282726878274,172963.37451542227,False,False
2020-06-25,2573062,851607,497280,2572066,14,18,12,9,38318.1764,41081.8122,46848.0,45855.4077,172103.3963,2715.0102981491764,33.01771509443365,174785.38888305475,False,False
2020-06-26,2573062,851607,497280,2572066,14,18,12,9,38599.9278,40851.313200000004,46656.0,45096.3333,171203.5743,2715.0102981491764,33.25591450112277,173885.32868364805,False,False
2020-06-27,2573062,851607,497280,2572066,14,18,12,9,38599.9278,40851.313200000004,46656.0,45096.3333,171203.5743,2715.0102981491764,33.49411358151133,173885.09048456766,False,False
2020-06-28,2573062,851607,497280,2572066,14,18,12,9,38599.9278,40851.313200000004,46656.0,45096.3333,171203.5743,2715.0102981491764,33.73231233559978,173884.85228581357,False,False
2020-06-29,2573062,851607,497280,2572066,14,18,12,9,38832.6778,40748.817599999995,45708.00000000001,45260.2296,170549.72499999998,2715.0102981491764,33.96961507941596,173230.76568306977,False,False
2020-06-30,851607,2572066,497280,2572067,19,8,11,15,43218.621699999996,40736.6736,42856.0,43135.764,169947.0593,5321.345398149177,34.209662250762634,175234.19503589842,True,False
2020-07-01,851607,2572066,497280,2572067,19,8,11,15,44035.6179,42023.76,44264.0,43179.528,173502.90589999998,5321.345398149177,34.45458011601729,178789.79671803315,False,False
2020-07-02,851607,2572066,497280,2572067,19,8,11,15,44623.039000000004,42813.384000000005,44363.0,43792.2105,175591.6335,5321.345398149177,34.70235891645295,180878.2765392327,False,False
2020-07-03,851607,2572066,497280,2572067,19,8,11,15,44623.039000000004,42813.384000000005,44363.0,43792.2105,175591.6335,5321.345398149177,34.9501373774656,180878.0287607717,False,False
2020-07-04,851607,2572066,497280,2572067,19,8,11,15,44623.039000000004,42813.384000000005,44363.0,43792.2105,175591.6335,5321.345398149177,35.197915499055696,180877.7809826501,False,False
2020-07-05,851607,2572066,497280,2572067,19,8,11,15,44623.039000000004,42813.384000000005,44363.0,43792.2105,175591.6335,5321.345398149177,35.44569328122371,180877.53320486794,False,False
2020-07-06,851607,2572066,497280,2572067,19,8,11,15,45334.6118,44447.904,44517.0,45105.1005,179404.6163,5321.345398149177,35.6986939880797,184690.26300416107,False,False
2020-07-07,851607,2572066,497280,2572067,19,8,11,15,45315.8854,44400.448,44638.0,44622.54,178976.8734,5321.345398149177,35.95110839918129,184262.26768974998,False,False
2020-07-08,851607,2572066,497280,2572067,19,8,11,15,45971.2809,45498.103200000005,46244.0,45221.801999999996,182935.1861,5321.345398149177,36.2089448106741,188220.32255333848,False,False
2020-07-09,851607,2572066,497280,2572067,19,8,11,15,46776.479999999996,46406.1704,46816.0,45498.9675,185497.61789999998,5321.345398149177,36.47029104951429,190782.49300709966,False,False
2020-07-10,851607,2572066,497280,2572067,19,8,11,15,46514.3218,46248.2456,46024.00000000001,45703.195499999994,184489.7629,5321.345398149177,36.73025630705826,189774.37804184214,False,False
2020-07-11,851607,2572066,497280,2572067,19,8,11,15,46514.3218,46248.2456,46024.00000000001,45703.195499999994,184489.7629,5321.345398149177,36.990221208485444,189774.1180769407,False,False
2020-07-12,851607,2572066,497280,2572067,19,8,11,15,46514.3218,46248.2456,46024.00000000001,45703.195499999994,184489.7629,5321.345398149177,37.25018575379632,189773.8581123954,False,False
2020-07-13,851607,2572066,497280,2572067,19,8,11,15,45259.7081,44447.904,43010.0,44682.0585,177399.6706,5321.345398149177,37.50043748778591,182683.51556066138,False,False
2020-07-14,851607,2572066,497280,2572067,19,8,11,15,45240.9836,44376.8384,43197.0,44740.4085,177555.23049999998,5321.345398149177,37.750901974718325,182838.82499617446,False,False
2020-07-15,851607,2572066,497280,2572067,19,8,11,15,44960.099,44653.206399999995,43208.0,45207.2145,178028.5199,5321.345398149177,38.002014460192534,183311.863283689,False,False
2020-07-16,851607,2572066,497280,2572067,19,8,11,15,43817.839900000006,44621.6216,42416.0,44550.7695,175406.231,5321.345398149177,38.2495344251017,180689.3268637241,False,False
2020-07-17,851607,2572066,497280,2572067,19,8,11,15,43836.564399999996,44511.0744,43043.0,44973.8115,176364.4503,5321.345398149177,38.4983666801205,181647.29733146908,False,False
2020-07-18,851607,2572066,497280,2572067,19,8,11,15,43836.564399999996,44511.0744,43043.0,44973.8115,176364.4503,5321.345398149177,38.74719859427319,181647.04849955492,False,False
2020-07-19,851607,2572066,497280,2572067,19,8,11,15,43836.564399999996,44511.0744,43043.0,44973.8115,176364.4503,5321.345398149177,38.99603016756026,181646.79966798163,False,False
2020-07-20,851607,2572066,497280,2572067,19,8,11,15,44978.825399999994,46090.3208,45287.0,45834.4845,182190.63069999998,5321.345398149177,39.25284246902324,187472.72325568018,False,False
2020-07-21,851607,2572066,497280,2572067,19,8,11,15,45166.0818,45849.4856,44638.0,46009.5375,181663.1049,5321.345398149177,39.50893178060637,186944.94136636853,False,False
2020-07-22,851607,2572066,497280,2572067,19,8,11,15,44716.667199999996,45474.4144,44682.0,45776.1345,180649.21610000002,5321.345398149177,39.76363185261509,185930.79786629658,False,False
2020-07-23,851607,2572066,497280,2572067,19,8,11,15,43948.919,44479.4888,43604.0,45148.8645,177181.27229999998,5321.345398149177,40.0135809677744,182462.60411718138,False,False
2020-07-24,851607,2572066,497280,2572067,19,8,11,15,43611.859000000004,44179.432,42922.0,44696.646,175409.937,5321.345398149177,40.26110325382533,180691.02129489538,False,False
2020-07-25,851607,2572066,497280,2572067,19,8,11,15,43611.859000000004,44179.432,42922.0,44696.646,175409.937,5321.345398149177,40.508625200804644,180690.7737729484,False,False
2020-07-26,851607,2572066,497280,2572067,19,8,11,15,43611.859000000004,44179.432,42922.0,44696.646,175409.937,5321.345398149177,40.75614680871279,180690.5262513405,False,False
2020-07-27,851607,2572066,497280,2572067,19,8,11,15,44641.7654,45600.7544,43835.0,45411.4425,179488.9623,5321.345398149177,41.00925578344066,184769.29844236575,False,False
2020-07-28,851607,2572066,497280,2572067,19,8,11,15,44285.979,45150.6688,43549.00000000001,44857.11,177842.75780000002,5321.345398149177,41.260109336786364,183122.8430888124,False,False
2020-07-29,851607,2572066,497280,2572067,19,8,11,15,45016.2763,46556.1984,45144.0,45571.906500000005,182288.3812,5321.345398149177,41.51705244156556,187568.2095457076,False,False
2020-07-30,851607,2572066,497280,2572067,19,8,11,15,45109.904500000004,47630.0864,45573.0,45659.433,183972.4239,5321.345398149177,41.77630210217612,189251.992996047,False,False
2020-07-31,851607,2572066,497280,2572067,19,8,11,15,45746.5736,48617.116,46013.0,45980.361,186357.05060000002,5321.345398149177,42.03881801956796,191636.35718012962,False,False
2020-08-01,851607,2572066,497280,2572067,19,8,11,15,45746.5736,48617.116,46013.0,45980.361,186357.05060000002,5321.345398149177,42.30133357734896,191636.09466457184,False,False
2020-08-02,851607,2572066,497280,2572067,19,8,11,15,45746.5736,48617.116,46013.0,45980.361,186357.05060000002,5321.345398149177,42.56384877551961,191635.83214937366,False,False
2020-08-03,851607,2572066,497280,2572067,19,8,11,15,47525.5037,49983.1648,47465.0,46841.034,191814.7025,5321.345398149177,42.833839849559844,197093.2140582996,False,False
2020-08-04,851607,2572066,497280,2572067,19,8,11,15,48368.1537,50401.6648,47465.0,47176.551,193411.3695,5321.345398149177,43.106017768817786,198689.60888038037,False,False
2020-08-05,851607,2572066,497280,2572067,19,8,11,15,48948.6474,52075.6664,47630.0,47585.0055,196239.3193,5321.345398149177,43.38206921906488,201517.28262893012,False,False
2020-08-06,851607,2572066,497280,2572067,19,8,11,15,49547.8656,51538.72239999999,46409.0,47730.883499999996,195226.47149999999,5321.345398149177,43.65673282841958,200504.16016532073,False,False
2020-08-07,851607,2572066,497280,2572067,19,8,11,15,48686.4892,51862.468,44154.0,46972.323000000004,191675.2802,5321.345398149177,43.92653141590632,196952.6990667333,False,False
2020-08-08,851607,2572066,497280,2572067,19,8,11,15,48686.4892,51862.468,44154.0,46972.323000000004,191675.2802,5321.345398149177,44.19632963380595,196952.4292685154,False,False
2020-08-09,851607,2572066,497280,2572067,19,8,11,15,48686.4892,51862.468,44154.0,46972.323000000004,191675.2802,5321.345398149177,44.466127482118985,196952.15947066707,False,False
2020-08-10,851607,2572066,497280,2572067,19,8,11,15,47974.9164,51025.4672,42966.0,46782.684,188749.0676,5321.345398149177,44.731916450434966,194025.68108169874,False,False
2020-08-11,851607,2572066,497280,2572067,19,8,11,15,46401.9691,49738.3816,42284.0,46359.6405,184783.99120000002,5321.345398149177,44.99227344314962,190060.344324706,False,False
2020-08-12,851607,2572066,497280,2572067,19,8,11,15,47675.3073,50180.5704,42751.5,47118.201,187725.5787,5321.345398149177,45.25665965112867,193001.66743849806,False,False
2020-08-13,851607,2572066,497280,2572067,19,8,11,15,48199.623700000004,51041.26,43912.0,47147.376000000004,190300.2597,5321.345398149177,45.524572457208805,195576.08052569194,False,False
2020-08-14,851607,2572066,497280,2572067,19,8,11,15,48143.4464,50756.9952,43505.0,46972.323000000004,189377.7646,5321.345398149177,45.79122120436729,194653.3187769448,False,False
2020-08-15,851607,2572066,497280,2572067,19,8,11,15,48143.4464,50756.9952,43505.0,46972.323000000004,189377.7646,5321.345398149177,46.05786958625352,194653.0521285629,False,False
2020-08-16,851607,2572066,497280,2572067,19,8,11,15,48143.4464,50756.9952,43505.0,46972.323000000004,189377.7646,5321.345398149177,46.324517602867985,194652.7854805463,False,False
2020-08-17,851607,2572066,497280,2572067,19,8,11,15,49061.0001,52162.5256,44473.0,47424.5415,193121.0672,5321.345398149177,46.59629306599202,198395.81630508316,False,False
2020-08-18,851607,2572066,497280,2572067,19,8,11,15,49866.199199999995,53362.7528,45012.0,47701.707,195942.65899999999,5321.345398149177,46.871933351067476,201217.13246479814,False,False
2020-08-19,851607,2572066,497280,2572067,19,8,11,15,49791.2974,53402.2344,44924.00000000001,47482.893000000004,195600.4248,5321.345398149177,47.1471044445809,200874.6230937046,False,False
2020-08-20,851607,2572066,497280,2572067,19,8,11,15,49697.6692,53244.30959999999,46343.0,47599.5945,196884.5733,5321.345398149177,47.424034268681865,202158.49466388047,False,False
2020-08-21,851607,2572066,497280,2572067,19,8,11,15,49622.767400000004,53275.894400000005,45705.0,47672.532,196276.1938,5321.345398149177,47.70013031685156,201549.8390678323,False,False
2020-08-22,851607,2572066,497280,2572067,19,8,11,15,49622.767400000004,53275.894400000005,45705.0,47672.532,196276.1938,5321.345398149177,47.9762259868075,201549.56297216236,False,False
2020-08-23,851607,2572066,497280,2572067,19,8,11,15,49622.767400000004,53275.894400000005,45705.0,47672.532,196276.1938,5321.345398149177,48.252321278550184,201549.2868768706,False,False
2020-08-24,851607,2572066,497280,2572067,19,8,11,15,50559.0456,53686.498400000004,45298.0,48051.811499999996,197595.3555,5321.345398149177,48.53022326290206,202868.17067488626,False,False
2020-08-25,851607,2572066,497280,2572067,19,8,11,15,50652.673800000004,53804.94240000001,46068.0,48504.03,199029.64620000002,5321.345398149177,48.81008964834711,204302.18150850083,False,False
2020-08-26,851607,2572066,497280,2572067,19,8,11,15,51251.892,54326.0936,48158.0,49277.176499999994,203013.16210000002,5321.345398149177,49.09541252150944,208285.41208562767,False,False
2020-08-27,851607,2572066,497280,2572067,19,8,11,15,50559.0456,52960.0448,48235.0,49014.59850000001,200768.6889,5321.345398149177,49.3776603829966,206040.65663776617,False,False
2020-08-28,851607,2572066,497280,2572067,19,8,11,15,50765.0265,52786.328,48708.0,49542.380999999994,201801.7355,5321.345398149177,49.66132299017163,207073.419575159,False,False
2020-08-29,851607,2572066,497280,2572067,19,8,11,15,50765.0265,52786.328,48708.0,49542.380999999994,201801.7355,5321.345398149177,49.94498520876773,207073.1359129404,False,False
2020-08-30,851607,2572066,497280,2572067,19,8,11,15,50765.0265,52786.328,48708.0,49542.380999999994,201801.7355,5321.345398149177,50.22864703878546,207072.8522511104,False,False
2020-08-31,851607,2572066,497280,2572067,19,8,11,15,50858.6547,52359.931200000006,49203.0,49510.5795,201932.1654,5321.345398149177,50.51248715132123,207202.99831099785,False,False
2020-09-01,851607,2572066,497280,2572067,19,8,11,15,51963.4629,53631.224799999996,51755.0,50575.480500000005,207925.16820000001,5321.345398149177,50.80453646791164,213195.70906168126,False,False
2020-09-02,851607,2572066,497280,2572067,19,8,11,15,52319.249299999996,53544.3664,51348.0,50867.2335,208078.8492,5321.345398149177,51.0967959063523,213349.09780224282,False,False
2020-09-03,851607,2572066,497280,2572067,19,8,11,15,50502.8683,50528.0048,47113.0,48533.204999999994,196677.07809999998,5321.345398149177,51.37343607991701,201947.05006206923,False,False
2020-09-04,851607,2572066,497280,2572067,19,8,11,15,50016.0047,49596.2488,45265.0,47993.4615,192870.715,5321.345398149177,51.64486167849519,198140.41553647068,False,False
2020-09-05,851607,2572066,497280,2572067,19,8,11,15,50016.0047,49596.2488,45265.0,47993.4615,192870.715,5321.345398149177,51.91628690525748,198140.14411124392,False,False
2020-09-06,851607,2572066,497280,2572067,19,8,11,15,50016.0047,49596.2488,45265.0,47993.4615,192870.715,5321.345398149177,52.18771176020439,198139.872686389,False,False
2020-09-07,851607,2572066,497280,2572067,19,8,11,15,50016.0047,49596.2488,45265.0,47993.4615,192870.715,5321.345398149177,52.459136243336424,198139.60126190586,False,False
2020-09-08,851607,2572066,497280,2572067,19,8,11,15,48199.623700000004,48048.587199999994,44132.0,46578.456,186958.6669,5321.345398149177,52.722461658626706,192227.28983649056,False,False
2020-09-09,851607,2572066,497280,2572067,19,8,11,15,49547.8656,49493.5984,45144.0,47453.7165,191639.18050000002,5321.345398149177,52.992198375662994,196907.5336997735,False,False
2020-09-10,851607,2572066,497280,2572067,19,8,11,15,49004.8228,48759.248,44693.0,47016.087,189473.1578,5321.345398149177,53.25896756881337,194741.24423058034,False,False
2020-09-11,851607,2572066,497280,2572067,19,8,11,15,49061.0001,47961.7288,43769.0,46957.7355,187749.4644,5321.345398149177,53.523375172690876,193017.28642297647,False,False
2020-09-12,851607,2572066,497280,2572067,19,8,11,15,49061.0001,47961.7288,43769.0,46957.7355,187749.4644,5321.345398149177,53.787782414366184,193017.02201573478,False,False
2020-09-13,851607,2572066,497280,2572067,19,8,11,15,49061.0001,47961.7288,43769.0,46957.7355,187749.4644,5321.345398149177,54.052189293839795,193016.75760885532,False,False
2020-09-14,851607,2572066,497280,2572067,19,8,11,15,50128.3574,48703.9744,44550.0,47847.585,191229.91679999998,5321.345398149177,54.321363554125895,196496.94083459504,False,False
2020-09-15,851607,2572066,497280,2572067,19,8,11,15,50971.0093,48822.418399999995,44946.0,48328.9785,193068.4062,5321.345398149177,54.59305592431027,198335.15854222488,False,False
2020-09-16,851607,2572066,497280,2572067,19,8,11,15,50765.0265,48656.5968,44550.0,48460.2675,192431.8908,5321.345398149177,54.86387598340921,197698.37232216576,False,False
2020-09-17,851607,2572066,497280,2572067,19,8,11,15,50690.1247,47938.04,43956.0,47920.5225,190504.6872,5321.345398149177,55.132055666590254,195770.90054248256,False,False
2020-09-18,851607,2572066,497280,2572067,19,8,11,15,50671.4002,48182.8232,44330.0,47657.9445,190842.1679,5321.345398149177,55.40069728473064,196108.11260086444,False,False
2020-09-19,851607,2572066,497280,2572067,19,8,11,15,50671.4002,48182.8232,44330.0,47657.9445,190842.1679,5321.345398149177,55.669338534868814,196107.84395961429,False,False
2020-09-20,851607,2572066,497280,2572067,19,8,11,15,50671.4002,48182.8232,44330.0,47657.9445,190842.1679,5321.345398149177,55.93797941700527,196107.57531873215,False,False
2020-09-21,851607,2572066,497280,2572067,19,8,11,15,50858.6547,48364.436799999996,45672.0,47147.376000000004,192042.46749999997,5321.345398149177,56.20826417716792,197307.60463397202,False,False
2020-09-22,851607,2572066,497280,2572067,19,8,11,15,50989.733799999995,49971.2416,46508.0,47417.248499999994,194886.22389999998,5321.345398149177,56.4824441237898,200151.08685402534,False,False
2020-09-23,851607,2572066,497280,2572067,19,8,11,15,50203.2592,48300.240000000005,45397.0,46680.57,190581.06920000003,5321.345398149177,56.75072622263093,195845.66387192655,False,False
2020-09-24,851607,2572066,497280,2572067,19,8,11,15,49903.6501,48006.356,44891.0,46315.878,189116.8841,5321.345398149177,57.01700222094864,194381.21249592825,False,False
2020-09-25,851607,2572066,497280,2572067,19,8,11,15,50465.417400000006,48951.5512,46375.99999999999,46709.745,192502.7136,5321.345398149177,57.287915977107446,197766.77108217208,False,False
2020-09-26,851607,2572066,497280,2572067,19,8,11,15,50465.417400000006,48951.5512,46375.99999999999,46709.745,192502.7136,5321.345398149177,57.55882936215151,197766.50016878702,False,False
2020-09-27,851607,2572066,497280,2572067,19,8,11,15,50465.417400000006,48951.5512,46375.99999999999,46709.745,192502.7136,5321.345398149177,57.829742376081356,197766.2292557731,False,False
2020-09-28,851607,2572066,497280,2572067,19,8,11,15,50877.3811,50150.915199999996,47014.0,47555.830500000004,195598.1268,5321.345398149177,58.10489531095228,200861.36730283825,False,False
2020-09-29,851607,2572066,497280,2572067,19,8,11,15,50671.4002,49682.289600000004,47047.0,47599.5945,195000.2843,5321.345398149177,58.37922890657261,200263.2504692426,False,False
2020-09-30,4572,851607,2572066,1232815,27,18,8,2,49273.3314,48181.8834,49841.145599999996,34414.6522,181711.01260000002,19073.19159814917,58.65419579009212,200725.55000235906,True,False
2020-10-01,4572,851607,2572066,1232815,27,18,8,2,50872.2471,48997.9242,51382.0512,35264.152799999996,186516.3753,19073.19159814917,58.9357449855748,205530.6311531636,False,False
2020-10-02,4572,851607,2572066,1232815,27,18,8,2,50845.60079999999,47933.523,50540.113600000004,34207.216,183526.4534,19073.19159814917,59.213198011949,202540.4318001372,False,False
2020-10-03,4572,851607,2572066,1232815,27,18,8,2,50845.60079999999,47933.523,50540.113600000004,34207.216,183526.4534,19073.19159814917,59.49065065825055,202540.15434749087,False,False
2020-10-04,4572,851607,2572066,1232815,27,18,8,2,50845.60079999999,47933.523,50540.113600000004,34207.216,183526.4534,19073.19159814917,59.76810292447999,202539.87689522465,False,False
2020-10-05,4572,851607,2572066,1232815,27,18,8,2,53164.0314,48518.9442,51596.50719999999,35372.809799999995,188652.2926,19073.19159814917,60.05257650817208,207665.43162164098,False,False
2020-10-06,4572,851607,2572066,1232815,27,18,8,2,53537.112,48075.444,50754.5696,35062.6434,187429.76900000003,19073.19159814917,60.33537501231132,206442.62522313686,False,False
2020-10-07,4572,851607,2572066,1232815,27,18,8,2,56201.976899999994,48572.1648,52271.6464,35813.364799999996,192859.1529,19073.19159814917,60.62561064124712,211871.71888750792,False,False
2020-10-08,4572,851607,2572066,1232815,27,18,8,2,56148.6789,48554.424,52311.3608,36251.944200000005,193266.4079,19073.19159814917,60.916403756161515,212278.683094393,False,False
2020-10-09,4572,851607,2572066,1232815,27,18,8,2,57028.0824,49068.883799999996,53399.5256,36874.2528,196370.74459999998,19073.19159814917,61.21144898875657,215382.72474916044,False,False
2020-10-10,4572,851607,2572066,1232815,27,18,8,2,57028.0824,49068.883799999996,53399.5256,36874.2528,196370.74459999998,19073.19159814917,61.50649381718008,215382.42970433203,False,False
2020-10-11,4572,851607,2572066,1232815,27,18,8,2,57028.0824,49068.883799999996,53399.5256,36874.2528,196370.74459999998,19073.19159814917,61.80153824143259,215382.13465990775,False,False
2020-10-12,4572,851607,2572066,1232815,27,18,8,2,55855.5426,49530.124800000005,54813.3464,37524.2194,197723.23320000002,19073.19159814917,62.098434985624245,216734.32636316356,False,False
2020-10-13,4572,851607,2572066,1232815,27,18,8,2,55669.0023,49547.865600000005,55599.6848,37411.6112,198228.16389999999,19073.19159814917,62.39602300899844,217238.95947514015,False,False
2020-10-14,4572,851607,2572066,1232815,27,18,8,2,56335.21920000001,49086.6246,54718.0328,37214.053,197353.92960000003,19073.19159814917,62.69241304348493,216364.4287851057,False,False
2020-10-15,4572,851607,2572066,1232815,27,18,8,2,55908.840599999996,48430.243800000004,54678.318400000004,37069.835399999996,196087.23819999996,19073.19159814917,62.98706747825905,215097.44273067088,False,False
2020-10-16,4572,851607,2572066,1232815,27,18,8,2,55669.0023,48341.5434,54169.9784,36838.692200000005,195019.21630000003,19073.19159814917,63.280258465698324,214029.12763968346,False,False
2020-10-17,4572,851607,2572066,1232815,27,18,8,2,55669.0023,48341.5434,54169.9784,36838.692200000005,195019.21630000003,19073.19159814917,63.57344905150611,214028.83444909766,False,False
2020-10-18,4572,851607,2572066,1232815,27,18,8,2,55669.0023,48341.5434,54169.9784,36838.692200000005,195019.21630000003,19073.19159814917,63.86663923568295,214028.54125891346,False,False
2020-10-19,4572,851607,2572066,1232815,27,18,8,2,55242.623700000004,48146.4036,54011.1224,36656.9386,194057.0883,19073.19159814917,64.15851103466777,213066.1213871145,False,False
2020-10-20,4572,851607,2572066,1232815,27,18,8,2,56361.868200000004,48341.5434,54090.55039999999,36686.5724,195480.5344,19073.19159814917,64.45233235999258,214489.27366578914,False,False
2020-10-21,4572,851607,2572066,1232815,27,18,8,2,53910.192599999995,48137.5332,53065.928,36451.477999999996,191565.13179999997,19073.19159814917,64.74078971761695,210573.58260843152,False,False
2020-10-22,4572,851607,2572066,1232815,27,18,8,2,53723.6523,48252.843,53113.584800000004,36437.649,191527.72910000003,19073.19159814917,65.02919544351892,210535.89150270564,False,False
2020-10-23,4572,851607,2572066,1232815,27,18,8,2,53883.5436,48306.0636,53526.610400000005,36350.7232,192066.9408,19073.19159814917,65.31833942050892,211074.81405872866,False,False
2020-10-24,4572,851607,2572066,1232815,27,18,8,2,53883.5436,48306.0636,53526.610400000005,36350.7232,192066.9408,19073.19159814917,65.60748300141128,211074.52491514778,False,False
2020-10-25,4572,851607,2572066,1232815,27,18,8,2,53883.5436,48306.0636,53526.610400000005,36350.7232,192066.9408,19073.19159814917,65.89662618622656,211074.23577196294,False,False
2020-10-26,4572,851607,2572066,1232815,27,18,8,2,52764.3018,47738.3832,53042.0992,35572.3436,189117.1278,19073.19159814917,66.18172813522925,208124.13767001394,False,False
2020-10-27,4572,851607,2572066,1232815,27,18,8,2,52364.5722,48820.523400000005,54503.576799999995,35449.8576,191138.52999999997,19073.19159814917,66.46959873779092,210145.25199941138,False,False
2020-10-28,4572,851607,2572066,1232815,27,18,8,2,51565.113,47685.162599999996,53669.581600000005,34305.995,187225.8522,19073.19159814917,66.75210911340655,206232.29168903577,False,False
2020-10-29,4572,851607,2572066,1232815,27,18,8,2,52631.0595,48518.9442,52819.7008,35153.5202,189123.2247,19073.19159814917,67.03721824243263,208129.3790799067,False,False
2020-10-30,4572,851607,2572066,1232815,27,18,8,2,52124.7339,47011.0428,50484.513600000006,34562.820799999994,184183.11109999998,19073.19159814917,67.31555970199415,203188.98713844715,False,False
2020-10-31,4572,851607,2572066,1232815,27,18,8,2,52124.7339,47011.0428,50484.513600000006,34562.820799999994,184183.11109999998,19073.19159814917,67.593900780266,203188.7087973689,False,False
2020-11-01,4572,851607,2572066,1232815,27,18,8,2,52124.7339,47011.0428,50484.513600000006,34562.820799999994,184183.11109999998,19073.19159814917,67.87224147724869,203188.4304566719,False,False
2020-11-02,4572,851607,2572066,1232815,27,18,8,2,53057.435399999995,47011.0428,50857.825600000004,34831.5002,185757.804,19073.19159814917,68.15273890650441,204762.84285924266,False,False
2020-11-03,4572,851607,2572066,1232815,27,18,8,2,53697.0033,48004.4844,51564.736000000004,35556.539,188822.7627,19073.19159814917,68.43743452507871,207827.51686362404,False,False
2020-11-04,4572,851607,2572066,1232815,27,18,8,2,53004.140100000004,49565.6046,53129.470400000006,36860.4236,192559.63870000004,19073.19159814917,68.7272487618782,211564.10304938728,False,False
2020-11-05,4572,851607,2572066,1232815,27,18,8,2,56734.948800000006,50683.2264,55710.884,38324.3304,201453.3896,19073.19159814917,69.02924582208284,220457.55195232708,False,False
2020-11-06,4572,851607,2572066,1232815,27,18,8,2,57161.3274,50913.846,56004.768000000004,38918.980800000005,202998.92220000003,19073.19159814917,69.33335963653809,222002.78043851262,False,False
2020-11-07,4572,851607,2572066,1232815,27,18,8,2,57161.3274,50913.846,56004.768000000004,38918.980800000005,202998.92220000003,19073.19159814917,69.63747303439906,222002.47632511475,False,False
2020-11-08,4572,851607,2572066,1232815,27,18,8,2,57161.3274,50913.846,56004.768000000004,38918.980800000005,202998.92220000003,19073.19159814917,69.94158601566635,222002.1722121335,False,False
2020-11-09,4572,851607,2572066,1232815,27,18,8,2,57267.9207,48572.1648,51985.7048,38494.230599999995,196320.0209,19073.19159814917,70.23654940047749,215322.97594874867,False,False
2020-11-10,4572,851607,2572066,1232815,27,18,8,2,56415.1662,46496.583,49944.4024,37302.9542,190159.1058,19073.19159814917,70.52307277150317,209161.77432537766,False,False
2020-11-11,4572,851607,2572066,1232815,27,18,8,2,58227.2712,46922.3424,51787.1352,38614.7412,195551.49,19073.19159814917,70.81698257770232,214553.86461557145,False,False
2020-11-12,4572,851607,2572066,1232815,27,18,8,2,57561.057,47543.2434,51699.764,38197.8932,195001.9576,19073.19159814917,71.1101391971757,214004.03905895198,False,False
2020-11-13,4572,851607,2572066,1232815,27,18,8,2,57827.541600000004,48270.5838,52382.84559999999,38760.9342,197241.90519999998,19073.19159814917,71.40636383643454,216243.6904343127,False,False
2020-11-14,4572,851607,2572066,1232815,27,18,8,2,57827.541600000004,48270.5838,52382.84559999999,38760.9342,197241.90519999998,19073.19159814917,71.7025880699062,216243.39421007925,False,False
2020-11-15,4572,851607,2572066,1232815,27,18,8,2,57827.541600000004,48270.5838,52382.84559999999,38760.9342,197241.90519999998,19073.19159814917,71.99881189759124,216243.09798625155,False,False
2020-11-16,4572,851607,2572066,1232815,27,18,8,2,58120.6779,47986.7436,52335.1888,39851.456,198294.0663,19073.19159814917,72.29647663606555,217294.96142151312,False,False
2020-11-17,4572,851607,2572066,1232815,27,18,8,2,58227.2712,47756.123999999996,52517.8736,39393.120800000004,197894.3896,19073.19159814917,72.59359346445119,216894.98760468472,False,False
2020-11-18,4572,851607,2572066,1232815,27,18,8,2,57374.5167,47046.5226,52176.332800000004,39197.538,195794.9101,19073.19159814917,72.8878338865124,214795.21386426265,False,False
2020-11-19,4572,851607,2572066,1232815,27,18,8,2,58200.624899999995,48625.3836,53097.6992,39709.214,199632.9217,19073.19159814917,73.18733145564153,218632.92596669352,False,False
2020-11-20,4572,851607,2572066,1232815,27,18,8,2,58866.8391,49175.325,54392.3776,39507.7046,201942.2463,19073.19159814917,73.48999207285618,220941.9479060763,False,False
2020-11-21,4572,851607,2572066,1232815,27,18,8,2,58866.8391,49175.325,54392.3776,39507.7046,201942.2463,19073.19159814917,73.79265227546725,220941.6452458737,False,False
2020-11-22,4572,851607,2572066,1232815,27,18,8,2,58866.8391,49175.325,54392.3776,39507.7046,201942.2463,19073.19159814917,74.09531206347529,220941.3425860857,False,False
2020-11-23,4572,851607,2572066,1232815,27,18,8,2,59986.083600000005,49033.404,55830.026399999995,40116.184,204965.698,19073.19159814917,74.40211315153842,223964.48748499763,False,False
2020-11-24,4572,851607,2572066,1232815,27,18,8,2,60812.1891,48962.4444,56163.624,40242.6214,206180.8789,19073.19159814917,74.71057845069595,225179.35991969847,False,False
2020-11-25,4572,851607,2572066,1232815,27,18,8,2,61851.486600000004,49086.6246,56981.7344,40240.6458,208160.4914,19073.19159814917,75.02175512524349,227158.6612430239,False,False
2020-11-26,4572,851607,2572066,1232815,27,18,8,2,61851.486600000004,49086.6246,56981.7344,40240.6458,208160.4914,19073.19159814917,75.3329313735216,227158.35006677563,False,False
2020-11-27,4572,851607,2572066,1232815,27,18,8,2,62864.1351,50718.7062,58403.4976,40779.9798,212766.3187,19073.19159814917,75.65041654799664,231763.85988160118,False,False
2020-11-28,4572,851607,2572066,1232815,27,18,8,2,62864.1351,50718.7062,58403.4976,40779.9798,212766.3187,19073.19159814917,75.96790128756048,231763.5423968616,False,False
2020-11-29,4572,851607,2572066,1232815,27,18,8,2,62864.1351,50718.7062,58403.4976,40779.9798,212766.3187,19073.19159814917,76.28538559221371,231763.22491255697,False,False
2020-11-30,4572,851607,2572066,1232815,27,18,8,2,62704.243800000004,50807.4066,57696.5872,41212.6326,212420.8702,19073.19159814917,76.60239624483366,231417.45940190434,False,False
2020-12-01,4572,851607,2572066,1232815,27,18,8,2,62117.973900000005,50523.566399999996,57537.731199999995,41961.3784,212140.64989999996,19073.19159814917,76.91902259976777,231136.9224755494,False,False
2020-12-02,4572,851607,2572066,1232815,27,18,8,2,61558.352999999996,50381.645399999994,57235.904,42129.303,211305.20539999998,19073.19159814917,77.23450407644661,230301.1624940727,False,False
2020-12-03,4572,851607,2572066,1232815,27,18,8,2,61131.9744,50576.7852,57339.160800000005,42113.498199999995,211161.4186,19073.19159814917,77.54978815273986,230157.06040999643,False,False
2020-12-04,4572,851607,2572066,1232815,27,18,8,2,61318.51469999999,51587.967599999996,57394.759999999995,43342.3108,213643.5531,19073.19159814917,77.86847198138369,232638.87622616778,False,False
2020-12-05,4572,851607,2572066,1232815,27,18,8,2,61318.51469999999,51587.967599999996,57394.759999999995,43342.3108,213643.5531,19073.19159814917,78.18715537347433,232638.55754277567,False,False
2020-12-06,4572,851607,2572066,1232815,27,18,8,2,61318.51469999999,51587.967599999996,57394.759999999995,43342.3108,213643.5531,19073.19159814917,78.50583832901238,232638.23885982015,False,False
2020-12-07,4572,851607,2572066,1232815,27,18,8,2,61584.9993,52013.727,56878.4776,43589.2586,214066.46250000002,19073.19159814917,78.82510017594363,233060.8289979732,False,False
2020-12-08,4572,851607,2572066,1232815,27,18,8,2,63237.2157,52599.148199999996,58093.727999999996,43646.5506,217576.64250000002,19073.19159814917,79.14917005128332,236570.68492809788,False,False
2020-12-09,4572,851607,2572066,1232815,27,18,8,2,61691.59529999999,52013.727,57442.4168,42295.2518,213442.9909,19073.19159814917,79.46757694625332,232436.7149212029,False,False
2020-12-10,4572,851607,2572066,1232815,27,18,8,2,62624.2968,52279.8282,58260.5264,42326.8612,215491.51260000002,19073.19159814917,79.78878959915907,234484.91540855,False,False
2020-12-11,4572,851607,2572066,1232815,27,18,8,2,62970.7284,52616.887200000005,58562.353599999995,41983.1098,216133.079,19073.19159814917,80.11088067012969,235126.15971747902,False,False
2020-12-12,4572,851607,2572066,1232815,27,18,8,2,62970.7284,52616.887200000005,58562.353599999995,41983.1098,216133.079,19073.19159814917,80.43297129987965,235125.83762684927,False,False
2020-12-13,4572,851607,2572066,1232815,27,18,8,2,62970.7284,52616.887200000005,58562.353599999995,41983.1098,216133.079,19073.19159814917,80.75506148840958,235125.51553666074,False,False
2020-12-14,4572,851607,2572066,1232815,27,18,8,2,63877.8312,52936.2072,58594.1248,42411.8112,217819.97439999998,19073.19159814917,81.07946205133652,236812.08653609784,False,False
2020-12-15,4572,851607,2572066,1232815,27,18,8,2,66866.2695,53149.0878,59880.8608,43077.5826,222973.8007,19073.19159814917,81.41092220590652,241965.58137594323,False,False
2020-12-16,4572,851607,2572066,1232815,27,18,8,2,66866.2695,53894.169,61278.7952,43059.8024,225099.03609999997,19073.19159814917,81.74529318779138,244090.48240496137,False,False
2020-12-17,4572,851607,2572066,1232815,27,18,8,2,68200.3935,55135.9692,62478.16,43049.924600000006,228864.4473,19073.19159814917,82.08482180916803,247855.55407634,False,False
2020-12-18,4572,851607,2572066,1232815,27,18,8,2,69134.2776,55810.0908,62462.2744,42901.7558,230308.39860000001,19073.19159814917,82.42632798091644,249299.16387016827,False,False
2020-12-19,4572,851607,2572066,1232815,27,18,8,2,69134.2776,55810.0908,62462.2744,42901.7558,230308.39860000001,19073.19159814917,82.76783368484817,249298.82236446431,False,False
2020-12-20,4572,851607,2572066,1232815,27,18,8,2,69134.2776,55810.0908,62462.2744,42901.7558,230308.39860000001,19073.19159814917,83.10933892096388,249298.4808592282,False,False
2020-12-21,4572,851607,2572066,1232815,27,18,8,2,70334.9892,55171.4508,62962.6712,42685.354999999996,231154.46619999997,19073.19159814917,83.45200268597652,250144.20579546315,False,False
2020-12-22,4572,851607,2572066,1232815,27,18,8,2,72896.50619999999,54763.4304,63280.384000000005,42609.7598,233550.08039999998,19073.19159814917,83.79794764487441,252539.47405050427,False,False
2020-12-23,4572,851607,2572066,1232815,27,18,8,2,74070.5364,54692.469,62767.99999999999,42291.4648,233822.47019999998,19073.19159814917,84.14426526658742,252811.51753288254,False,False
2020-12-24,4572,851607,2572066,1232815,27,18,8,2,73937.124,54692.469,62143.84,42745.0352,233518.4682,19073.19159814917,84.49016597279686,252507.16963217637,False,False
2020-12-25,4572,851607,2572066,1232815,27,18,8,2,73937.124,54692.469,62143.84,42745.0352,233518.4682,19073.19159814917,84.8360662051697,252506.823731944,False,False
2020-12-26,4572,851607,2572066,1232815,27,18,8,2,73937.124,54692.469,62143.84,42745.0352,233518.4682,19073.19159814917,85.18196596370662,252506.47783218545,False,False
2020-12-27,4572,851607,2572066,1232815,27,18,8,2,73937.124,54692.469,62143.84,42745.0352,233518.4682,19073.19159814917,85.52786524840825,252506.13193290075,False,False
2020-12-28,4572,851607,2572066,1232815,27,18,8,2,74524.1364,54071.5698,61104.0,42659.4934,232359.19960000002,19073.19159814917,85.87217602009716,251346.51902212907,False,False
2020-12-29,4572,851607,2572066,1232815,27,18,8,2,73803.7116,54674.729999999996,61200.0,42552.069,232230.51059999998,19073.19159814917,86.2163100338261,251217.4858881153,False,False
2020-12-30,4572,851607,2572066,1232815,27,18,8,2,75523.1526,55955.0556,61896.0,43337.8598,236712.068,19073.19159814917,86.56658269586462,255698.6930154533,False,False
2020-12-31,4572,2572067,2572765,3695,22,16,11,14,61428.622200000005,62269.5872,63156.5649,62026.032600000006,248880.8069,5081.373121579431,0.0,253962.18002157946,True,True
2021-01-01,4572,2572067,2572765,3695,22,16,11,14,61428.622200000005,62269.5872,63156.5649,62026.032600000006,248880.8069,5081.373121579431,0.3478933972898349,253961.83212818217,False,False
2021-01-02,4572,2572067,2572765,3695,22,16,11,14,61428.622200000005,62269.5872,63156.5649,62026.032600000006,248880.8069,5081.373121579431,0.6957863180133721,253961.48423526145,False,False
2021-01-03,4572,2572067,2572765,3695,22,16,11,14,61428.622200000005,62269.5872,63156.5649,62026.032600000006,248880.8069,5081.373121579431,1.0436787621712647,253961.1363428173,False,False
2021-01-04,4572,2572067,2572765,3695,22,16,11,14,62385.7256,62128.9168,62070.307199999996,61547.990000000005,248132.93959999998,5081.373121579431,1.3905462540107405,253212.92217532542,False,False
2021-01-05,4572,2572067,2572765,3695,22,16,11,14,63712.6182,63410.571200000006,62223.92,61933.081,251280.19040000002,5081.373121579431,1.741724573155022,256359.82179700627,False,False
2021-01-06,4572,2572067,2572765,3695,22,16,11,14,68302.36379999999,63019.8224,61905.723,60817.647800000006,254045.557,5081.373121579431,2.0966905846577704,259124.8334309948,False,False
2021-01-07,4572,2572067,2572765,3695,22,16,11,14,72674.58439999999,65145.491200000004,63606.4297,61335.5274,262762.0327,5081.373121579431,2.4635964875769414,267840.9422250918,False,False
2021-01-08,4572,2572067,2572765,3695,22,16,11,14,72130.7774,65958.24639999999,64561.0196,62265.0546,264915.098,5081.373121579431,2.8334512924058344,269993.637670287,False,False
2021-01-09,4572,2572067,2572765,3695,22,16,11,14,72130.7774,65958.24639999999,64561.0196,62265.0546,264915.098,5081.373121579431,3.2033055905843097,269993.2678159888,False,False
2021-01-10,4572,2572067,2572765,3695,22,16,11,14,72130.7774,65958.24639999999,64561.0196,62265.0546,264915.098,5081.373121579431,3.5731593821130616,269992.8979621973,False,False
2021-01-11,4572,2572067,2572765,3695,22,16,11,14,69694.5128,65770.688,64517.130699999994,60844.205799999996,260826.53729999997,5081.373121579431,3.937411898910592,265903.9730096805,False,False
2021-01-12,4572,2572067,2572765,3695,22,16,11,14,70542.8548,66114.5456,65504.6381,60844.205799999996,263006.24429999996,5081.373121579431,4.304649816732073,268083.3127717627,False,False
2021-01-13,4572,2572067,2572765,3695,22,16,11,14,70890.89259999999,66348.9952,64593.9371,60512.2308,262346.0557,5081.373121579431,4.670982863542706,267422.7578387159,False,False
2021-01-14,4572,2572067,2572765,3695,22,16,11,14,70260.0756,67318.0496,65361.9978,60884.0428,263824.1658,5081.373121579431,5.039340216883413,268900.49958136247,False,False
2021-01-15,4572,2572067,2572765,3695,22,16,11,14,66475.167,66177.0656,65416.8592,60764.5318,258833.6236,5081.373121579431,5.400860706446923,263909.59586087294,False,False
2021-01-16,4572,2572067,2572765,3695,22,16,11,14,66475.167,66177.0656,65416.8592,60764.5318,258833.6236,5081.373121579431,5.762380700776886,263909.2343408786,False,False
2021-01-17,4572,2572067,2572765,3695,22,16,11,14,66475.167,66177.0656,65416.8592,60764.5318,258833.6236,5081.373121579431,6.1239001998739795,263908.8728213795,False,False
2021-01-18,4572,2572067,2572765,3695,22,16,11,14,66475.167,66177.0656,65416.8592,60764.5318,258833.6236,5081.373121579431,6.485419203738883,263908.51130237564,False,False
2021-01-19,4572,2572067,2572765,3695,22,16,11,14,68302.36379999999,67802.57759999999,66656.7297,61959.6376,264721.3087,5081.373121579431,6.855003034427069,269795.826818545,False,False
2021-01-20,4572,2572067,2572765,3695,22,16,11,14,68041.336,68802.8912,67468.6793,62942.28080000001,267255.1873,5081.373121579431,7.228057425411378,272329.33236415405,False,False
2021-01-21,4572,2572067,2572765,3695,22,16,11,14,71043.159,69365.5696,67029.787,63327.3718,270765.8874,5081.373121579431,7.605920483581452,275839.6546010958,False,False
2021-01-22,4572,2572067,2572765,3695,22,16,11,14,71565.2146,70053.2848,67764.9313,62889.1662,272272.5969,5081.373121579431,7.985847009747336,277345.98417456966,False,False
2021-01-23,4572,2572067,2572765,3695,22,16,11,14,71565.2146,70053.2848,67764.9313,62889.1662,272272.5969,5081.373121579431,8.365773015465924,277345.60424856393,False,False
2021-01-24,4572,2572067,2572765,3695,22,16,11,14,71565.2146,70053.2848,67764.9313,62889.1662,272272.5969,5081.373121579431,8.74569850073793,277345.2243230787,False,False
2021-01-25,4572,2572067,2572765,3695,22,16,11,14,70651.61619999999,70522.18239999999,68214.7961,62676.7022,272065.29689999996,5081.373121579431,9.125339492961325,277137.5446820864,False,False
2021-01-26,4572,2572067,2572765,3695,22,16,11,14,69955.5428,70834.7808,68192.8511,62012.7536,270995.9283,5081.373121579431,9.503515076635416,276067.7979065028,False,False
2021-01-27,4572,2572067,2572765,3695,22,16,11,14,65561.5686,70068.9152,68653.6884,59967.79320000001,264251.9654,5081.373121579431,9.872451836918296,269323.46606974246,False,False
2021-01-28,4572,2572067,2572765,3695,22,16,11,14,67040.7276,69865.7264,66744.5075,60764.5318,264415.4933,5081.373121579431,10.241612102630272,269486.6248094768,False,False
2021-01-29,4572,2572067,2572765,3695,22,16,11,14,64821.988,68349.624,65647.2773,59755.330599999994,258574.21989999997,5081.373121579431,10.602770118259693,263644.99025146116,False,False
2021-01-30,4572,2572067,2572765,3695,22,16,11,14,64821.988,68349.624,65647.2773,59755.330599999994,258574.21989999997,5081.373121579431,10.963927639152105,263644.6290939403,False,False
2021-01-31,4572,2572067,2572765,3695,22,16,11,14,64821.988,68349.624,65647.2773,59755.330599999994,258574.21989999997,5081.373121579431,11.325084665308188,263644.2679369141,False,False
2021-02-01,4572,2572067,2572765,3695,22,16,11,14,66279.3956,70428.4032,66557.9783,61614.385,264880.1621,5081.373121579431,11.69487947371492,269949.8403421057,False,False
2021-02-02,4572,2572067,2572765,3695,22,16,11,14,66997.2226,71725.68639999999,67293.1226,63035.2338,269051.2654,5081.373121579431,12.070387615690407,274120.5681339637,False,False
2021-02-03,4572,2572067,2572765,3695,22,16,11,14,68193.6024,72210.2144,66020.3357,62942.28080000001,269366.43330000003,5081.373121579431,12.446326980120494,274435.3600945993,False,False
2021-02-04,4572,2572067,2572765,3695,22,16,11,14,67323.509,72710.3712,67040.7595,64681.825600000004,271756.4653,5081.373121579431,12.825539846003506,276825.0128817334,False,False
2021-02-05,4572,2572067,2572765,3695,22,16,11,14,67823.811,74335.88160000001,67457.7068,66169.06940000001,275786.46880000003,5081.373121579431,13.210272745156566,280854.6316488342,False,False
2021-02-06,4572,2572067,2572765,3695,22,16,11,14,67823.811,74335.88160000001,67457.7068,66169.06940000001,275786.46880000003,5081.373121579431,13.595005117278257,280854.2469164621,False,False
2021-02-07,4572,2572067,2572765,3695,22,16,11,14,67823.811,74335.88160000001,67457.7068,66169.06940000001,275786.46880000003,5081.373121579431,13.979736962369302,280853.862184617,False,False
2021-02-08,4572,2572067,2572765,3695,22,16,11,14,68498.1352,76586.5904,68072.1558,67417.2912,280574.17260000005,5081.373121579431,14.371026778786586,285641.1746948007,False,False
2021-02-09,4572,2572067,2572765,3695,22,16,11,14,67889.0696,78024.54239999999,68949.9404,67350.8976,282214.44999999995,5081.373121579431,14.764563014532888,287281.05855856487,False,False
2021-02-10,4572,2572067,2572765,3695,22,16,11,14,66975.4712,77540.0144,68039.23939999999,68386.6554,280941.3804,5081.373121579431,15.156354780229552,286007.5971667992,False,False
2021-02-11,4572,2572067,2572765,3695,22,16,11,14,67323.509,78759.1488,68467.1592,68811.5834,283361.4004,5081.373121579431,15.551461105115578,288427.2220604743,False,False
2021-02-12,4572,2572067,2572765,3695,22,16,11,14,65953.11140000001,79384.3456,68192.8511,69276.34700000001,282806.6551,5081.373121579431,15.94580696369157,287872.0824146157,False,False
2021-02-13,4572,2572067,2572765,3695,22,16,11,14,65953.11140000001,79384.3456,68192.8511,69276.34700000001,282806.6551,5081.373121579431,16.340152282067756,287871.68806929735,False,False
2021-02-14,4572,2572067,2572765,3695,22,16,11,14,65953.11140000001,79384.3456,68192.8511,69276.34700000001,282806.6551,5081.373121579431,16.734497060244877,287871.2937245192,False,False
2021-02-15,4572,2572067,2572765,3695,22,16,11,14,65953.11140000001,79384.3456,68192.8511,69276.34700000001,282806.6551,5081.373121579431,17.12884129822367,287870.8993802812,False,False
2021-02-16,4572,2572067,2572765,3695,22,16,11,14,65213.53079999999,80509.6992,67139.5109,69754.38960000001,282617.13049999997,5081.373121579431,17.52292537326515,287680.98069620616,False,False
2021-02-17,4572,2572067,2572765,3695,22,16,11,14,64125.9124,79540.6448,66536.0344,68479.6084,278682.19999999995,5081.373121579431,17.911618592712006,283745.6615029867,False,False
2021-02-18,4572,2572067,2572765,3695,22,16,11,14,60797.8052,77977.6528,66327.56019999999,68373.37640000001,273476.3946,5081.373121579431,18.293180039428428,278539.47454153997,False,False
2021-02-19,4572,2572067,2572765,3695,22,16,11,14,61972.4314,78743.5184,66733.535,68904.535,276354.0198,5081.373121579431,18.678682915786702,281416.7142386636,False,False
2021-02-20,4572,2572067,2572765,3695,22,16,11,14,61972.4314,78743.5184,66733.535,68904.535,276354.0198,5081.373121579431,19.064185264058843,281416.32873631536,False,False
2021-02-21,4572,2572067,2572765,3695,22,16,11,14,61972.4314,78743.5184,66733.535,68904.535,276354.0198,5081.373121579431,19.449687084245575,281415.9432344952,False,False
2021-02-22,4572,2572067,2572765,3695,22,16,11,14,57861.238600000004,75726.9456,65175.4686,67072.0386,265835.6914,5081.373121579431,19.820779707306528,270897.24374187214,False,False
2021-02-23,4572,2572067,2572765,3695,22,16,11,14,57056.4016,74367.1424,63869.7653,65969.88440000001,261263.1937,5081.373121579431,20.18560812654197,266324.3812134529,False,False
2021-02-24,4572,2572067,2572765,3695,22,16,11,14,58274.53279999999,75070.488,64341.574,65558.2368,263244.8316,5081.373121579431,20.553150618478206,268305.6515709609,False,False
2021-02-25,4572,2572067,2572765,3695,22,16,11,14,55468.479,72288.3632,62004.4733,63088.3498,252849.66530000002,5081.373121579431,20.90645265309596,257910.13196892635,False,False
2021-02-26,4572,2572067,2572765,3695,22,16,11,14,56229.811,72210.2144,61653.3599,62490.7962,252584.1815,5081.373121579431,21.25939052729997,257644.29523105215,False,False
2021-02-27,4572,2572067,2572765,3695,22,16,11,14,56229.811,72210.2144,61653.3599,62490.7962,252584.1815,5081.373121579431,21.61232791802744,257643.9422936614,False,False
2021-02-28,4572,2572067,2572765,3695,22,16,11,14,56229.811,72210.2144,61653.3599,62490.7962,252584.1815,5081.373121579431,21.965264825279032,257643.58935675418,False,False
2021-03-01,4572,2572067,2572765,3695,22,16,11,14,58361.5428,74179.5824,63573.512200000005,64695.1046,260809.742,5081.373121579431,22.329469140151296,265868.7856524393,False,False
2021-03-02,4572,2572067,2572765,3695,22,16,11,14,56490.841,72194.584,62618.9223,64031.155999999995,255335.50329999998,5081.373121579431,22.686173998990256,260394.19024758044,False,False
2021-03-03,4572,2572067,2572765,3695,22,16,11,14,52792.9424,70240.8448,60797.520300000004,61680.78,245512.0875,5081.373121579431,23.02942163521982,250570.4311999442,False,False
2021-03-04,4572,2572067,2572765,3695,22,16,11,14,50682.9642,67740.0576,59425.9831,59184.335,237033.3399,5081.373121579431,23.361054078507415,242091.3519675009,False,False
2021-03-05,4572,2572067,2572765,3695,22,16,11,14,49965.1372,68162.0656,59777.0965,59370.240999999995,237274.5403,5081.373121579431,23.69301647901084,242332.2204051004,False,False
2021-03-06,4572,2572067,2572765,3695,22,16,11,14,49965.1372,68162.0656,59777.0965,59370.240999999995,237274.5403,5081.373121579431,24.024978424771252,242331.88844315466,False,False
2021-03-07,4572,2572067,2572765,3695,22,16,11,14,49965.1372,68162.0656,59777.0965,59370.240999999995,237274.5403,5081.373121579431,24.356939915789273,242331.55648166363,False,False
2021-03-08,4572,2572067,2572765,3695,22,16,11,14,48442.4732,65411.2,59162.6475,57657.2542,230673.57489999998,5081.373121579431,24.67985853370936,235730.26816304572,False,False
2021-03-09,4572,2572067,2572765,3695,22,16,11,14,52488.4096,68115.17599999999,61796.0002,59888.120599999995,242287.7064,5081.373121579431,25.018686478453258,247344.06083510094,False,False
2021-03-10,4572,2572067,2572765,3695,22,16,11,14,52466.655999999995,68443.4032,61565.5821,59994.3512,242469.9925,5081.373121579431,25.357763666035588,247526.00785791338,False,False
2021-03-11,4572,2572067,2572765,3695,22,16,11,14,55794.7654,70834.7808,63013.9257,62211.9386,251855.41049999997,5081.373121579431,25.70969712611492,256911.07392445332,False,False
2021-03-12,4572,2572067,2572765,3695,22,16,11,14,55359.7176,70428.4032,63013.9257,61840.128000000004,250642.1745,5081.373121579431,26.059968136970337,255697.48765344245,False,False
2021-03-13,4572,2572067,2572765,3695,22,16,11,14,55359.7176,70428.4032,63013.9257,61840.128000000004,250642.1745,5081.373121579431,26.41023866800245,255697.13738291143,False,False
2021-03-14,4572,2572067,2572765,3695,22,16,11,14,55359.7176,70428.4032,63013.9257,61840.128000000004,250642.1745,5081.373121579431,26.760508719211916,255696.7871128602,False,False
2021-03-15,4572,2572067,2572765,3695,22,16,11,14,55055.1848,70787.8912,63397.9555,61893.244,251134.2755,5081.373121579431,27.1114524015583,256188.53716917787,False,False
2021-03-16,4572,2572067,2572765,3695,22,16,11,14,53793.548599999995,70725.3712,62827.396499999995,61574.547999999995,248920.86429999996,5081.373121579431,27.459363533022927,253974.77805804645,False,False
2021-03-17,4572,2572067,2572765,3695,22,16,11,14,52314.389599999995,71053.59999999999,62904.201799999995,61946.3586,248218.55,5081.373121579431,27.8063121135134,253272.11680946592,False,False
2021-03-18,4572,2572067,2572765,3695,22,16,11,14,49464.833,69303.0496,60951.1331,59184.335,238903.35069999998,5081.373121579431,28.140499671745545,243956.5833219077,False,False
2021-03-19,4572,2572067,2572765,3695,22,16,11,14,50769.9742,70162.6944,61390.024300000005,59821.725600000005,242144.4185,5081.373121579431,28.479126591090623,247197.31249498835,False,False
2021-03-20,4572,2572067,2572765,3695,22,16,11,14,50769.9742,70162.6944,61390.024300000005,59821.725600000005,242144.4185,5081.373121579431,28.817753046563208,247196.97386853286,False,False
2021-03-21,4572,2572067,2572765,3695,22,16,11,14,50769.9742,70162.6944,61390.024300000005,59821.725600000005,242144.4185,5081.373121579431,29.156379038163937,247196.63524254126,False,False
2021-03-22,4572,2572067,2572765,3695,22,16,11,14,51988.1054,70318.9936,62201.975,60087.3042,244596.37819999998,5081.373121579431,29.498363414797556,249648.25295816464,False,False
2021-03-23,4572,2572067,2572765,3695,22,16,11,14,51009.248400000004,68427.7744,61302.2465,59343.683000000005,240082.9523,5081.373121579431,29.834164547753947,245134.49125703168,False,False
2021-03-24,4572,2572067,2572765,3695,22,16,11,14,48725.252400000005,66223.9552,59700.2901,58055.622800000005,232705.12050000002,5081.373121579431,30.159858601804675,237756.33376297765,False,False
2021-03-25,4572,2572067,2572765,3695,22,16,11,14,48964.5288,66270.84479999999,59711.2626,57909.5552,232856.1914,5081.373121579431,30.485759156137522,237907.07876242328,False,False
2021-03-26,4572,2572067,2572765,3695,22,16,11,14,49943.3836,67005.45120000001,60369.6005,58560.223399999995,235878.6587,5081.373121579431,30.815799630195638,240929.21602194925,False,False
2021-03-27,4572,2572067,2572765,3695,22,16,11,14,49943.3836,67005.45120000001,60369.6005,58560.223399999995,235878.6587,5081.373121579431,31.145839652143515,240928.8859819273,False,False
2021-03-28,4572,2572067,2572765,3695,22,16,11,14,49943.3836,67005.45120000001,60369.6005,58560.223399999995,235878.6587,5081.373121579431,31.47587922198177,240928.55594235746,False,False
2021-03-29,4572,2572067,2572765,3695,22,16,11,14,48747.006,66255.216,59744.1801,57338.5596,232084.9617,5081.373121579431,31.80072149450555,237134.53410008491,False,False
2021-03-30,4572,2572067,2572765,3695,22,16,11,14,51096.2584,66630.3328,59404.0381,57351.838599999995,234482.4679,5081.373121579431,32.1288475771084,239531.7121740023,False,False
2021-03-31,1232815,2572067,2572065,7634,2,14,8,18,48450.474,58999.0268,60909.547999999995,59730.25319999999,228089.30199999997,16115.72222157946,32.463330995428954,244172.560890584,True,False
2021-04-01,1232815,2572067,2572065,7634,2,14,8,18,50318.468,60175.178,60972.781599999995,60715.9008,232182.3284,16115.72222157946,32.80342084103249,248265.24720073843,False,False
2021-04-02,1232815,2572067,2572065,7634,2,14,8,18,50318.468,60175.178,60972.781599999995,60715.9008,232182.3284,16115.72222157946,33.14351022075953,248264.9071113587,False,False
2021-04-03,1232815,2572067,2572065,7634,2,14,8,18,50318.468,60175.178,60972.781599999995,60715.9008,232182.3284,16115.72222157946,33.48359913461071,248264.56702244485,False,False
2021-04-04,1232815,2572067,2572065,7634,2,14,8,18,50318.468,60175.178,60972.781599999995,60715.9008,232182.3284,16115.72222157946,33.82368758258666,248264.22693399686,False,False
2021-04-05,1232815,2572067,2572065,7634,2,14,8,18,51155.9818,60681.1968,61367.9896,61898.6772,235103.84540000002,16115.72222157946,34.16777764277022,251185.3998439367,False,False
2021-04-06,1232815,2572067,2572065,7634,2,14,8,18,50455.7328,60941.0438,61004.397600000004,61647.786,234048.9602,16115.72222157946,34.51042218337835,250130.1719993961,False,False
2021-04-07,1232815,2572067,2572065,7634,2,14,8,18,50340.3508,60366.644799999995,60783.0808,61217.685,232707.7614,16115.72222157946,34.851228995980264,248788.63239258347,False,False
2021-04-08,1232815,2572067,2572065,7634,2,14,8,18,51062.482599999996,60954.7204,61067.6312,61737.39,234822.2242,16115.72222157946,35.19493186610709,250902.75148971335,False,False
2021-04-09,1232815,2572067,2572065,7634,2,14,8,18,50943.122,60954.7204,61668.348000000005,61916.598000000005,235482.7884,16115.72222157946,35.53953914787382,251562.97108243158,False,False
2021-04-10,1232815,2572067,2572065,7634,2,14,8,18,50943.122,60954.7204,61668.348000000005,61916.598000000005,235482.7884,16115.72222157946,35.884145957575775,251562.6264756219,False,False
2021-04-11,1232815,2572067,2572065,7634,2,14,8,18,50943.122,60954.7204,61668.348000000005,61916.598000000005,235482.7884,16115.72222157946,36.22875229521361,251562.28186928423,False,False
2021-04-12,1232815,2572067,2572065,7634,2,14,8,18,50352.2868,60082.31739999999,61620.923200000005,61432.7346,233488.26200000002,16115.72222157946,36.570625932842766,249567.41359564665,False,False
2021-04-13,1232815,2572067,2572065,7634,2,14,8,18,50252.819599999995,60722.2252,61905.473600000005,61432.7346,234313.253,16115.72222157946,36.913629226809405,250392.06159235263,False,False
2021-04-14,1232815,2572067,2572065,7634,2,14,8,18,49771.3984,60052.0928,61897.569599999995,61450.655399999996,233171.71619999997,16115.72222157946,37.255068301867425,249250.18335327756,False,False
2021-04-15,1232815,2572067,2572065,7634,2,14,8,18,50409.9778,60675.179599999996,62782.8368,61934.5188,235802.51299999998,16115.72222157946,37.60011074043356,251880.635110839,False,False
2021-04-16,1232815,2572067,2572065,7634,2,14,8,18,50213.0328,60749.577000000005,63249.1824,62239.17420000001,236450.9664,16115.72222157946,37.946040998667584,252528.7425805808,False,False
2021-04-17,1232815,2572067,2572065,7634,2,14,8,18,50213.0328,60749.577000000005,63249.1824,62239.17420000001,236450.9664,16115.72222157946,38.291970783024546,252528.39665079644,False,False
2021-04-18,1232815,2572067,2572065,7634,2,14,8,18,50213.0328,60749.577000000005,63249.1824,62239.17420000001,236450.9664,16115.72222157946,38.63790009350509,252528.05072148595,False,False
2021-04-19,1232815,2572067,2572065,7634,2,14,8,18,48969.692800000004,59874.302599999995,63304.512,61486.4988,233635.0062,16115.72222157946,38.979971450383836,249711.7484501291,False,False
2021-04-20,1232815,2572067,2572065,7634,2,14,8,18,48283.369,58807.560000000005,63328.224799999996,60285.7998,230704.9536,16115.72222157946,39.31802856798675,246781.35779301147,False,False
2021-04-21,1232815,2572067,2572065,7634,2,14,8,18,49556.5492,59874.302599999995,64126.5456,61343.130600000004,234900.52800000002,16115.72222157946,39.661832584689506,250976.5883889948,False,False
2021-04-22,1232815,2572067,2572065,7634,2,14,8,18,48460.4206,59819.5976,63913.13280000001,61038.477000000006,233231.62800000003,16115.72222157946,40.0033499660443,249307.34687161344,False,False
2021-04-23,1232815,2572067,2572065,7634,2,14,8,18,49574.4534,61023.100600000005,64253.0128,62543.8296,237394.3964,16115.72222157946,40.35056930203281,253469.76805227742,False,False
2021-04-24,1232815,2572067,2572065,7634,2,14,8,18,49574.4534,61023.100600000005,64253.0128,62543.8296,237394.3964,16115.72222157946,40.697788162378394,253469.42083341707,False,False
2021-04-25,1232815,2572067,2572065,7634,2,14,8,18,49574.4534,61023.100600000005,64253.0128,62543.8296,237394.3964,16115.72222157946,41.045006547081705,253469.07361503236,False,False
2021-04-26,1232815,2572067,2572065,7634,2,14,8,18,50421.914,61460.7392,63881.5168,63153.1386,238917.3086,16115.72222157946,41.394310637239286,254991.63651094222,False,False
2021-04-27,1232815,2572067,2572065,7634,2,14,8,18,50127.490999999995,61282.949,63525.8288,62973.9306,237910.1994,16115.72222157946,41.74223464725428,253984.17938693223,False,False
2021-04-28,1232815,2572067,2572065,7634,2,14,8,18,49325.7854,61023.100600000005,63367.7456,62723.037599999996,236439.6692,16115.72222157946,42.088143755729526,252513.30327782372,False,False
2021-04-29,1232815,2572067,2572065,7634,2,14,8,18,49781.345199999996,60626.491799999996,63185.94960000001,63063.5346,236657.3212,16115.72222157946,42.43435054378134,252730.6090710357,False,False
2021-04-30,1232815,2572067,2572065,7634,2,14,8,18,48341.06,59354.6072,62877.686400000006,61199.7642,231773.1178,16115.72222157946,42.77386616798824,247846.06615541148,False,False
2021-05-01,1232815,2572067,2572065,7634,2,14,8,18,48341.06,59354.6072,62877.686400000006,61199.7642,231773.1178,16115.72222157946,43.11338132710524,247845.72664025237,False,False
2021-05-02,1232815,2572067,2572065,7634,2,14,8,18,48341.06,59354.6072,62877.686400000006,61199.7642,231773.1178,16115.72222157946,43.45289602113298,247845.38712555834,False,False
2021-05-03,1232815,2572067,2572065,7634,2,14,8,18,47780.065,58575.0648,63604.87040000001,61056.3978,231016.39800000002,16115.72222157946,43.79137364760635,247088.32884793187,False,False
2021-05-04,1232815,2572067,2572065,7634,2,14,8,18,47187.240600000005,57180.095,63415.1704,59981.14439999999,227763.65039999998,16115.72222157946,44.1253949917816,243835.24722658767,False,False
2021-05-05,1232815,2572067,2572065,7634,2,14,8,18,47396.1216,57029.657999999996,63628.5832,60339.5622,228393.925,16115.72222157946,44.46027926825637,244465.18694231118,False,False
2021-05-06,1232815,2572067,2572065,7634,2,14,8,18,47786.032999999996,56728.781200000005,63786.6664,60841.346399999995,229142.827,16115.72222157946,44.79618897913625,245213.7530326003,False,False
2021-05-07,1232815,2572067,2572065,7634,2,14,8,18,48460.4206,57453.6186,64268.8208,61683.6276,231866.4876,16115.72222157946,45.13582927178364,247937.07399230768,False,False
2021-05-08,1232815,2572067,2572065,7634,2,14,8,18,48460.4206,57453.6186,64268.8208,61683.6276,231866.4876,16115.72222157946,45.47546909917037,247936.73435248027,False,False
2021-05-09,1232815,2572067,2572065,7634,2,14,8,18,48460.4206,57453.6186,64268.8208,61683.6276,231866.4876,16115.72222157946,45.81510846129705,247936.39471311815,False,False
2021-05-10,1232815,2572067,2572065,7634,2,14,8,18,46311.9292,55703.0684,64284.62960000001,59873.619600000005,226173.24680000002,16115.72222157946,46.146948398164334,242242.8220731813,False,False
2021-05-11,1232815,2572067,2572065,7634,2,14,8,18,46401.4496,55915.8698,63549.5416,59282.231400000004,225149.09240000002,16115.72222157946,46.47738492922348,241218.33723665026,False,False
2021-05-12,1232815,2572067,2572065,7634,2,14,8,18,44487.7006,54417.5072,63075.29120000001,57472.2234,219452.72240000003,16115.72222157946,46.80001776105451,235521.64460381842,False,False
2021-05-13,1232815,2572067,2572065,7634,2,14,8,18,44992.994,53870.46000000001,63628.5832,58135.2948,220627.332,16115.72222157946,47.12425920516933,236695.9299623743,False,False
2021-05-14,1232815,2572067,2572065,7634,2,14,8,18,46419.3538,55744.0968,64063.31280000001,59604.8076,225831.571,16115.72222157946,47.45562929963834,241899.83759227983,False,False
2021-05-15,1232815,2572067,2572065,7634,2,14,8,18,46419.3538,55744.0968,64063.31280000001,59604.8076,225831.571,16115.72222157946,47.78699894017571,241899.5062226393,False,False
2021-05-16,1232815,2572067,2572065,7634,2,14,8,18,46419.3538,55744.0968,64063.31280000001,59604.8076,225831.571,16115.72222157946,48.11836812678206,241899.17485345269,False,False
2021-05-17,1232815,2572067,2572065,7634,2,14,8,18,45902.1242,55265.4312,64063.31280000001,59156.7858,224387.65399999998,16115.72222157946,48.44775889096487,240454.9284626885,False,False
2021-05-18,1232815,2572067,2572065,7634,2,14,8,18,45649.4776,55853.506799999996,64118.6416,59371.835399999996,224993.46139999997,16115.72222157946,48.77797907707814,241060.40564250236,False,False
2021-05-19,1232815,2572067,2572065,7634,2,14,8,18,46467.098,55511.6016,63928.9416,59085.10079999999,224992.74199999997,16115.72222157946,49.108197825355546,241059.35602375408,False,False
2021-05-20,1232815,2572067,2572065,7634,2,14,8,18,47620.9176,56646.7244,64703.55039999999,60232.0374,229203.2298,16115.72222157946,49.44418391278535,245269.50783766666,False,False
2021-05-21,1232815,2572067,2572065,7634,2,14,8,18,47380.2068,56646.7244,64758.8792,60088.671,228874.4814,16115.72222157946,49.77971919968626,244940.42390237976,False,False
2021-05-22,1232815,2572067,2572065,7634,2,14,8,18,47380.2068,56646.7244,64758.8792,60088.671,228874.4814,16115.72222157946,50.1152540269498,244940.0883675525,False,False
2021-05-23,1232815,2572067,2572065,7634,2,14,8,18,47380.2068,56646.7244,64758.8792,60088.671,228874.4814,16115.72222157946,50.450788394576584,244939.75283318487,False,False
2021-05-24,1232815,2572067,2572065,7634,2,14,8,18,48420.6338,57576.703799999996,64869.5376,60984.712799999994,231851.588,16115.72222157946,50.79040053078643,247916.51982104866,False,False
2021-05-25,1232815,2572067,2572065,7634,2,14,8,18,48738.9288,57795.523799999995,64743.0712,60913.0296,232190.5534,16115.72222157946,51.13047653793855,248255.14514504152,False,False
2021-05-26,1232815,2572067,2572065,7634,2,14,8,18,48788.6624,58588.7414,64482.23359999999,61253.5266,233113.164,16115.72222157946,51.47181592937011,249177.41440565008,False,False
2021-05-27,1232815,2572067,2572065,7634,2,14,8,18,49023.405,58903.293399999995,64308.34160000001,61934.5188,234169.5588,16115.72222157946,51.81460196937785,250233.46641961008,False,False
2021-05-28,1232815,2572067,2572065,7634,2,14,8,18,49572.464,58711.8266,64505.94640000001,62113.7286,234903.96560000003,16115.72222157946,52.158393576528,250967.52942800295,False,False
2021-05-29,1232815,2572067,2572065,7634,2,14,8,18,49572.464,58711.8266,64505.94640000001,62113.7286,234903.96560000003,16115.72222157946,52.502184712730745,250967.18563686675,False,False
2021-05-30,1232815,2572067,2572065,7634,2,14,8,18,49572.464,58711.8266,64505.94640000001,62113.7286,234903.96560000003,16115.72222157946,52.845975377986726,250966.8418462015,False,False
2021-05-31,1232815,2572067,2572065,7634,2,14,8,18,49572.464,58711.8266,64505.94640000001,62113.7286,234903.96560000003,16115.72222157946,53.189765572296594,250966.4980560072,False,False
2021-06-01,1232815,2572067,2572065,7634,2,14,8,18,49498.8582,59067.4084,63668.10400000001,62436.3048,234670.6754,16115.72222157946,53.53323572004455,250732.86438585943,False,False
2021-06-02,1232815,2572067,2572065,7634,2,14,8,18,49789.3024,59122.112,63486.308,62275.0158,234672.7382,16115.72222157946,53.87670822303888,250734.5837133564,False,False
2021-06-03,1232815,2572067,2572065,7634,2,14,8,18,48937.8632,58479.332800000004,63683.912,61934.5188,233035.6268,16115.72222157946,54.21793763716677,249097.13108394228,False,False
2021-06-04,1232815,2572067,2572065,7634,2,14,8,18,50028.0238,59094.760200000004,64023.79120000001,62991.85139999999,236138.4266,16115.72222157946,54.56341699454203,252199.5854045849,False,False
2021-06-05,1232815,2572067,2572065,7634,2,14,8,18,50028.0238,59094.760200000004,64023.79120000001,62991.85139999999,236138.4266,16115.72222157946,54.9088958786579,252199.23992570082,False,False
2021-06-06,1232815,2572067,2572065,7634,2,14,8,18,50028.0238,59094.760200000004,64023.79120000001,62991.85139999999,236138.4266,16115.72222157946,55.25437428951503,252198.89444728996,False,False
2021-06-07,1232815,2572067,2572065,7634,2,14,8,18,49773.3878,59286.227,64403.192,62956.0098,236418.8166,16115.72222157946,55.60023632300447,252478.93858525646,False,False
2021-06-08,1232815,2572067,2572065,7634,2,14,8,18,49363.582800000004,59340.9306,64221.39600000001,63278.584200000005,236204.49360000002,16115.72222157946,55.94580428955961,252264.2700172899,False,False
2021-06-09,1232815,2572067,2572065,7634,2,14,8,18,49210.4034,59012.7034,65027.6216,63117.297,236368.0254,16115.72222157946,56.29159579889836,252427.4560257806,False,False
2021-06-10,1232815,2572067,2572065,7634,2,14,8,18,49852.961599999995,59323.639200000005,66000.2336,63529.4772,238706.3116,16115.72222157946,56.64058996633094,254765.39323161312,False,False
2021-06-11,1232815,2572067,2572065,7634,2,14,8,18,50028.0238,59515.4924,65666.096,63708.68520000001,238918.29740000004,16115.72222157946,56.98987404719617,254977.0297475323,False,False
2021-06-12,1232815,2572067,2572065,7634,2,14,8,18,50028.0238,59515.4924,65666.096,63708.68520000001,238918.29740000004,16115.72222157946,57.33915764959005,254976.68046392992,False,False
2021-06-13,1232815,2572067,2572065,7634,2,14,8,18,50028.0238,59515.4924,65666.096,63708.68520000001,238918.29740000004,16115.72222157946,57.68844077351324,254976.33118080598,False,False
2021-06-14,1232815,2572067,2572065,7634,2,14,8,18,50704.4008,60077.346000000005,65761.564,63941.6574,240484.9682,16115.72222157946,58.039869543349965,256542.65055203612,False,False
2021-06-15,1232815,2572067,2572065,7634,2,14,8,18,50266.744999999995,59679.9364,65825.2088,63726.606,239498.4962,16115.72222157946,58.38994650027056,255555.82847507918,False,False
2021-06-16,1232815,2572067,2572065,7634,2,14,8,18,49843.0148,59364.7502,65578.58320000001,63421.952399999995,238208.30060000002,16115.72222157946,58.738255586400804,254265.2845659931,False,False
2021-06-17,1232815,2572067,2572065,7634,2,14,8,18,50405.999200000006,59926.6052,65857.032,63063.5346,239253.17100000003,16115.72222157946,59.08799552471039,255309.80522605477,False,False
2021-06-18,1232815,2572067,2572065,7634,2,14,8,18,49122.8722,59399.0096,65141.0216,61934.5188,235597.4222,16115.72222157946,59.432727108855666,251653.7116944706,False,False
2021-06-19,1232815,2572067,2572065,7634,2,14,8,18,49122.8722,59399.0096,65141.0216,61934.5188,235597.4222,16115.72222157946,59.7774582207659,251653.36696335868,False,False
2021-06-20,1232815,2572067,2572065,7634,2,14,8,18,49122.8722,59399.0096,65141.0216,61934.5188,235597.4222,16115.72222157946,60.12218886044173,251653.02223271903,False,False
2021-06-21,1232815,2572067,2572065,7634,2,14,8,18,49252.1796,59734.75199999999,65904.7656,62884.324799999995,237776.022,16115.72222157946,60.46990341117149,253831.2743181683,False,False
2021-06-22,1232815,2572067,2572065,7634,2,14,8,18,49574.4534,59995.123999999996,65880.8984,63045.61379999999,238496.0896,16115.72222157946,60.81860387955254,254550.99321769993,False,False
2021-06-23,1232815,2572067,2572065,7634,2,14,8,18,49825.1106,60406.2368,65546.7608,63027.69300000001,238805.80120000002,16115.72222157946,61.167728132727476,254860.35569344676,False,False
2021-06-24,1232815,2572067,2572065,7634,2,14,8,18,50638.7524,61255.8716,65944.544,63601.1604,241440.3284,16115.72222157946,61.52046084901987,257494.53016073044,False,False
2021-06-25,1232815,2572067,2572065,7634,2,14,8,18,50439.818,61529.9468,66230.948,63869.974200000004,242070.687,16115.72222157946,61.874056587048265,258124.5351649924,False,False
2021-06-26,1232815,2572067,2572065,7634,2,14,8,18,50439.818,61529.9468,66230.948,63869.974200000004,242070.687,16115.72222157946,62.22765184069894,258124.18156973878,False,False
2021-06-27,1232815,2572067,2572065,7634,2,14,8,18,50439.818,61529.9468,66230.948,63869.974200000004,242070.687,16115.72222157946,62.58124660997255,258123.8279749695,False,False
2021-06-28,1232815,2572067,2572065,7634,2,14,8,18,51663.2646,61804.022,66358.2392,63869.974200000004,243695.5,16115.72222157946,62.937066666102645,259748.28515491335,False,False
2021-06-29,1232815,2572067,2572065,7634,2,14,8,18,52112.8564,61817.7252,66366.1944,64249.495200000005,244546.27120000002,16115.72222157946,63.294051674808,260598.69936990467,False,False
2021-06-30,2573085,2572065,2573062,497280,8,7,16,11,57866.6968,57861.584200000005,63784.4784,61479.0,240991.7594,19024.26182157948,63.65015130106815,259952.37107027843,True,False
2021-07-01,2573085,2572065,2573062,497280,8,7,16,11,57539.2696,58279.2567,64162.4816,61391.0,241372.0079,19024.26182157948,64.00677132787675,260332.2629502516,False,False
2021-07-02,2573085,2572065,2573062,497280,8,7,16,11,57547.256,58731.7353,62454.468799999995,62007.0,240740.4601,19024.26182157948,64.36252573219217,259700.35939584728,False,False
2021-07-03,2573085,2572065,2573062,497280,8,7,16,11,57547.256,58731.7353,62454.468799999995,62007.0,240740.4601,19024.26182157948,64.71827964917279,259700.0036419303,False,False
2021-07-04,2573085,2572065,2573062,497280,8,7,16,11,57547.256,58731.7353,62454.468799999995,62007.0,240740.4601,19024.26182157948,65.07403307881927,259699.64788850065,False,False
2021-07-05,2573085,2572065,2573062,497280,8,7,16,11,57547.256,58731.7353,62454.468799999995,62007.0,240740.4601,19024.26182157948,65.42978602113229,259699.29213555835,False,False
2021-07-06,2573085,2572065,2573062,497280,8,7,16,11,58146.207200000004,58557.7048,58800.4416,63228.0,238732.3536,19024.26182157948,65.78278764529058,257690.8326339342,False,False
2021-07-07,2573085,2572065,2573062,497280,8,7,16,11,60214.58639999999,58926.6489,60788.456,63096.0,243025.6913,19024.26182157948,66.14167007040557,261983.81145150907,False,False
2021-07-08,2573085,2572065,2573062,497280,8,7,16,11,60526.040799999995,58564.6663,58702.44,62491.0,240284.1471,19024.26182157948,66.49679646390078,259241.91212511554,False,False
2021-07-09,2573085,2572065,2573062,497280,8,7,16,11,62442.685600000004,58898.804299999996,60032.4512,63129.0,244502.9411,19024.26182157948,66.8577015407845,263460.34522003867,False,False
2021-07-10,2573085,2572065,2573062,497280,8,7,16,11,62442.685600000004,58898.804299999996,60032.4512,63129.0,244502.9411,19024.26182157948,67.21860612327771,263459.9843154562,False,False
2021-07-11,2573085,2572065,2573062,497280,8,7,16,11,62442.685600000004,58898.804299999996,60032.4512,63129.0,244502.9411,19024.26182157948,67.57951021138108,263459.6234113681,False,False
2021-07-12,2573085,2572065,2573062,497280,8,7,16,11,65141.95999999999,59065.8733,61180.4592,62403.0,247791.29249999998,19024.26182157948,67.94491839605418,266747.6094031834,False,False
2021-07-13,2573085,2572065,2573062,497280,8,7,16,11,64311.4144,58940.5719,60606.454399999995,62040.0,245898.4407,19024.26182157948,68.30773313249689,264854.39478844695,False,False
2021-07-14,2573085,2572065,2573062,497280,8,7,16,11,62778.0984,58975.378,61642.4624,60687.0,244082.9388,19024.26182157948,68.66806038302902,263038.5325611965,False,False
2021-07-15,2573085,2572065,2573062,497280,8,7,16,11,63728.4352,58620.356199999995,61950.465599999996,59686.0,243985.25699999998,19024.26182157948,69.02825332927723,262940.4905682502,False,False
2021-07-16,2573085,2572065,2573062,497280,8,7,16,11,61652.0696,58620.356199999995,60424.45279999999,59939.0,240635.8786,19024.26182157948,69.38385759252141,259590.75656398694,False,False
2021-07-17,2573085,2572065,2573062,497280,8,7,16,11,61652.0696,58620.356199999995,60424.45279999999,59939.0,240635.8786,19024.26182157948,69.73946136863646,259590.40096021083,False,False
2021-07-18,2573085,2572065,2573062,497280,8,7,16,11,61652.0696,58620.356199999995,60424.45279999999,59939.0,240635.8786,19024.26182157948,70.09506465762304,259590.04535692185,False,False
2021-07-19,2573085,2572065,2573062,497280,8,7,16,11,60374.3064,58084.3424,60900.4576,60467.0,239826.1064,19024.26182157948,70.44955818249554,258779.91866339697,False,False
2021-07-20,2573085,2572065,2573062,497280,8,7,16,11,62274.979199999994,58710.851500000004,61166.4592,62007.0,244159.28989999997,19024.26182157948,70.80998708956868,263112.7417344899,False,False
2021-07-21,2573085,2572065,2573062,497280,8,7,16,11,65133.9744,58905.7658,61782.46400000001,62722.0,248544.2042,19024.26182157948,71.1764222348214,267497.28959934466,False,False
2021-07-22,2573085,2572065,2573062,497280,8,7,16,11,65293.69440000001,59114.6017,60396.4528,63525.0,248329.7489,19024.26182157948,71.54256310372462,267282.46815847576,False,False
2021-07-23,2573085,2572065,2573062,497280,8,7,16,11,64159.68,59761.994600000005,58030.4352,64020.0,245972.1098,19024.26182157948,71.90547382846225,264924.466147751,False,False
2021-07-24,2573085,2572065,2573062,497280,8,7,16,11,64159.68,59761.994600000005,58030.4352,64020.0,245972.1098,19024.26182157948,72.2683840560619,264924.10323752346,False,False
2021-07-25,2573085,2572065,2573062,497280,8,7,16,11,64159.68,59761.994600000005,58030.4352,64020.0,245972.1098,19024.26182157948,72.63129378652427,264923.740327793,False,False
2021-07-26,2573085,2572065,2573062,497280,8,7,16,11,64255.512,59281.6707,53844.4048,63690.0,241071.5875,19024.26182157948,72.98748997560344,260022.8618316039,False,False
2021-07-27,2573085,2572065,2573062,497280,8,7,16,11,61364.5736,59469.623499999994,51044.3824,62491.0,234369.5795,19024.26182157948,73.33450484386591,253320.5068167356,False,False
2021-07-28,2573085,2572065,2573062,497280,8,7,16,11,63991.9736,59789.8392,56042.4208,63700.99999999999,243525.2336,19024.26182157948,73.69406122868337,262475.8013603508,False,False
2021-07-29,2573085,2572065,2573062,497280,8,7,16,11,66036.39439999999,59977.791999999994,56252.4224,63745.0,246011.6088,19024.26182157948,74.05702311438247,264961.81359846506,False,False
2021-07-30,2573085,2572065,2573062,497280,8,7,16,11,66507.5696,59942.9859,55678.4176,63096.0,245224.9731,19024.26182157948,74.41890691972284,264174.81601465977,False,False
2021-07-31,2573085,2572065,2573062,497280,8,7,16,11,66507.5696,59942.9859,55678.4176,63096.0,245224.9731,19024.26182157948,74.78079022933197,264174.45413135015,False,False
2021-08-01,2573085,2572065,2573062,497280,8,7,16,11,66507.5696,59942.9859,55678.4176,63096.0,245224.9731,19024.26182157948,75.14267304321054,264174.0922485363,False,False
2021-08-02,2573085,2572065,2573062,497280,8,7,16,11,66587.4296,60047.4042,55790.4192,63425.99999999999,245851.253,19024.26182157948,75.50541327903045,264800.0094083004,False,False
2021-08-03,2573085,2572065,2573062,497280,8,7,16,11,65349.59679999999,60806.1762,57638.432,63294.0,247088.205,19024.26182157948,75.86984747274045,266036.59697410674,False,False
2021-08-04,2573085,2572065,2573062,497280,8,7,16,11,68272.48,60576.4565,58002.4352,64504.0,251355.3717,19024.26182157948,76.24012660106114,270303.3933949784,False,False
2021-08-05,2573085,2572065,2573062,497280,8,7,16,11,68400.25600000001,60583.41730000001,57610.432,65406.0,252000.10530000002,19024.26182157948,76.61128841886247,270947.7558331606,False,False
2021-08-06,2573085,2572065,2573062,497280,8,7,16,11,69039.1376,60311.92999999999,55510.416,64570.0,249431.48359999998,19024.26182157948,76.97893106835996,268378.7664905111,False,False
2021-08-07,2573085,2572065,2573062,497280,8,7,16,11,69039.1376,60311.92999999999,55510.416,64570.0,249431.48359999998,19024.26182157948,77.34657321423737,268378.39884836524,False,False
2021-08-08,2573085,2572065,2573062,497280,8,7,16,11,69039.1376,60311.92999999999,55510.416,64570.0,249431.48359999998,19024.26182157948,77.7142148564954,268378.03120672295,False,False
2021-08-09,2573085,2572065,2573062,497280,8,7,16,11,68456.1584,60527.727399999996,55832.419200000004,64790.0,249606.305,19024.26182157948,78.0820954765046,268552.48472610296,False,False
2021-08-10,2573085,2572065,2573062,497280,8,7,16,11,68368.312,60478.999,56322.4224,63536.0,248705.73340000003,19024.26182157948,78.44874193284173,267651.5464796466,False,False
2021-08-11,2573085,2572065,2573062,497280,8,7,16,11,69071.0816,60130.9387,54866.4112,63184.0,247252.4315,19024.26182157948,78.81339706240288,266197.87992451707,False,False
2021-08-12,2573085,2572065,2573062,497280,8,7,16,11,69366.56480000001,60513.805100000005,53718.4032,64086.0,247684.77310000002,19024.26182157948,79.17864394120359,266629.8562776383,False,False
2021-08-13,2573085,2572065,2573062,497280,8,7,16,11,68727.6832,60931.4776,54040.40639999999,63866.0,247565.5672,19024.26182157948,79.54372702391268,266510.28529455554,False,False
2021-08-14,2573085,2572065,2573062,497280,8,7,16,11,68727.6832,60931.4776,54040.40639999999,63866.0,247565.5672,19024.26182157948,79.90880960650796,266509.92021197296,False,False
2021-08-15,2573085,2572065,2573062,497280,8,7,16,11,68727.6832,60931.4776,54040.40639999999,63866.0,247565.5672,19024.26182157948,80.27389168899012,266509.5551298905,False,False
2021-08-16,2573085,2572065,2573062,497280,8,7,16,11,65493.3456,61502.29750000001,53760.40319999999,62865.0,243621.04630000002,19024.26182157948,80.63356981807216,262564.6745517614,False,False
2021-08-17,2573085,2572065,2573062,497280,8,7,16,11,63680.5192,61989.5822,51814.38879999999,62348.0,239832.4902,19024.26182157948,80.98805765156773,258775.76396392792,False,False
2021-08-18,2573085,2572065,2573062,497280,8,7,16,11,64519.0512,61363.0731,51506.3872,62271.0,239659.5115,19024.26182157948,81.34230804234024,258602.43101353716,False,False
2021-08-19,2573085,2572065,2573062,497280,8,7,16,11,65205.8488,61578.8705,51688.3872,62062.0,240535.1065,19024.26182157948,81.69775739304372,259477.67056418644,False,False
2021-08-20,2573085,2572065,2573062,497280,8,7,16,11,65389.5272,61871.2416,48328.3632,62755.0,238344.13199999998,19024.26182157948,82.05020492189877,257286.34361665757,False,False
2021-08-21,2573085,2572065,2573062,497280,8,7,16,11,65389.5272,61871.2416,48328.3632,62755.0,238344.13199999998,19024.26182157948,82.40265196794898,257285.99116961152,False,False
2021-08-22,2573085,2572065,2573062,497280,8,7,16,11,65389.5272,61871.2416,48328.3632,62755.0,238344.13199999998,19024.26182157948,82.75509853119503,257285.63872304827,False,False
2021-08-23,2573085,2572065,2573062,497280,8,7,16,11,67338.11600000001,61996.543,50323.2384,64273.0,243930.89740000002,19024.26182157948,83.11519771492523,262872.04402386455,False,False
2021-08-24,2573085,2572065,2573062,497280,8,7,16,11,67833.2488,61794.6679,51786.3888,65395.0,246809.30550000002,19024.26182157948,83.4792394301634,265750.08808214933,False,False
2021-08-25,2573085,2572065,2573062,497280,8,7,16,11,68064.8432,61634.5604,51464.3856,65681.0,246844.7892,19024.26182157948,83.84332925452252,265785.20769232494,False,False
2021-08-26,2573085,2572065,2573062,497280,8,7,16,11,66603.4016,61349.1508,49840.3744,65417.0,243209.92680000002,19024.26182157948,84.2024393165668,262149.98618226295,False,False
2021-08-27,2573085,2572065,2573062,497280,8,7,16,11,67913.1088,61321.3055,49728.3728,66935.0,245897.78710000002,19024.26182157948,84.56523088709045,264837.4836906924,False,False
2021-08-28,2573085,2572065,2573062,497280,8,7,16,11,67913.1088,61321.3055,49728.3728,66935.0,245897.78710000002,19024.26182157948,84.92802196063934,264837.12089961884,False,False
2021-08-29,2573085,2572065,2573062,497280,8,7,16,11,67913.1088,61321.3055,49728.3728,66935.0,245897.78710000002,19024.26182157948,85.29081253721417,264836.7581090423,False,False
2021-08-30,2573085,2572065,2573062,497280,8,7,16,11,68376.2984,61571.909,50232.3776,67463.0,247643.585,19024.26182157948,85.6559941207882,266582.1908274587,False,False
2021-08-31,2573085,2572065,2573062,497280,8,7,16,11,68336.368,61509.258299999994,50176.376,67012.0,247034.0023,19024.26182157948,86.02034015931896,265972.24378142017,False,False
2021-09-01,2573085,2572065,2573062,497280,8,7,16,11,67218.3256,61718.0949,50834.3808,67793.0,247563.8013,19024.26182157948,86.38541145080036,266501.67771012866,False,False
2021-09-02,2573085,2572065,2573062,497280,8,7,16,11,66779.0944,62268.0303,49966.3744,68288.0,247301.49910000002,19024.26182157948,86.7501229241019,266239.0107986554,False,False
2021-09-03,2573085,2572065,2573062,497280,8,7,16,11,65844.7304,62372.4486,50687.3808,69377.0,248281.5598,19024.26182157948,87.1161764467028,267218.70544513274,False,False
2021-09-04,2573085,2572065,2573062,497280,8,7,16,11,65844.7304,62372.4486,50687.3808,69377.0,248281.5598,19024.26182157948,87.4822294678605,267218.3393921116,False,False
2021-09-05,2573085,2572065,2573062,497280,8,7,16,11,65844.7304,62372.4486,50687.3808,69377.0,248281.5598,19024.26182157948,87.84828198757573,267217.9733395919,False,False
2021-09-06,2573085,2572065,2573062,497280,8,7,16,11,65844.7304,62372.4486,50687.3808,69377.0,248281.5598,19024.26182157948,88.21433400584914,267217.6072875736,False,False
2021-09-07,2573085,2572065,2573062,497280,8,7,16,11,67913.1088,62038.310600000004,52206.39200000001,68981.0,251138.8114,19024.26182157948,88.5842995659691,270074.4889220135,False,False
2021-09-08,2573085,2572065,2573062,497280,8,7,16,11,67066.59120000001,61697.2111,51492.3872,67353.0,247609.1895,19024.26182157948,88.94942952079379,266544.5018920587,False,False
2021-09-09,2573085,2572065,2573062,497280,8,7,16,11,67753.3888,61091.5858,51240.38399999999,67353.0,247438.35859999998,19024.26182157948,89.31432496050894,266373.30609661894,False,False
2021-09-10,2573085,2572065,2573062,497280,8,7,16,11,67984.9832,60478.999,50974.3824,66220.0,245658.3646,19024.26182157948,89.67678155242211,264592.9496400271,False,False
2021-09-11,2573085,2572065,2573062,497280,8,7,16,11,67984.9832,60478.999,50974.3824,66220.0,245658.3646,19024.26182157948,90.0392376478194,264592.58718393167,False,False
2021-09-12,2573085,2572065,2573062,497280,8,7,16,11,67984.9832,60478.999,50974.3824,66220.0,245658.3646,19024.26182157948,90.4016932467015,264592.22472833283,False,False
2021-09-13,2573085,2572065,2573062,497280,8,7,16,11,66850.9688,60207.5117,50904.382399999995,65835.0,243797.8629,19024.26182157948,90.76159971660333,262731.3631218629,False,False
2021-09-14,2573085,2572065,2573062,497280,8,7,16,11,68559.9768,60235.357,51086.384,66077.0,245958.7178,19024.26182157948,91.12446576868807,264891.85515581083,False,False
2021-09-15,2573085,2572065,2573062,497280,8,7,16,11,69494.34079999999,60590.3788,50386.3776,66495.0,246966.0972,19024.26182157948,91.48871129547685,265898.870310284,False,False
2021-09-16,2573085,2572065,2573062,497280,8,7,16,11,67162.4232,60506.844300000004,50134.376,67573.0,245376.6435,19024.26182157948,91.85077898946354,264309.05454259005,False,False
2021-09-17,2573085,2572065,2573062,497280,8,7,16,11,66723.192,60416.3483,52374.393599999996,67463.0,246976.9339,19024.26182157948,92.21503836609722,265908.9806832134,False,False
2021-09-18,2573085,2572065,2573062,497280,8,7,16,11,66723.192,60416.3483,52374.393599999996,67463.0,246976.9339,19024.26182157948,92.57929724374546,265908.61642433575,False,False
2021-09-19,2573085,2572065,2573062,497280,8,7,16,11,66723.192,60416.3483,52374.393599999996,67463.0,246976.9339,19024.26182157948,92.94355562240894,265908.25216595706,False,False
2021-09-20,2573085,2572065,2573062,497280,8,7,16,11,63448.924,59922.102100000004,51170.384,65747.0,240288.4101,19024.26182157948,93.29865114071846,259219.37327043878,False,False
2021-09-21,2573085,2572065,2573062,497280,8,7,16,11,64487.106400000004,60242.3178,51002.3824,66154.0,241885.8066,19024.26182157948,93.65593438697934,260816.41248719252,False,False
2021-09-22,2573085,2572065,2573062,497280,8,7,16,11,65900.632,60158.7833,52010.390400000004,66957.0,245026.8057,19024.26182157948,94.01751988230426,263957.0500016972,False,False
2021-09-23,2573085,2572065,2573062,497280,8,7,16,11,66803.0528,60659.990999999995,52024.390400000004,67903.0,247390.43420000002,19024.26182157948,94.38234272956686,266320.31367884995,False,False
2021-09-24,2573085,2572065,2573062,497280,8,7,16,11,66355.8352,60311.92999999999,51548.387200000005,67551.0,245767.1524,19024.26182157948,94.7449414033735,264696.66928017605,False,False
2021-09-25,2573085,2572065,2573062,497280,8,7,16,11,66355.8352,60311.92999999999,51548.387200000005,67551.0,245767.1524,19024.26182157948,95.10753958046963,264696.30668199895,False,False
2021-09-26,2573085,2572065,2573062,497280,8,7,16,11,66355.8352,60311.92999999999,51548.387200000005,67551.0,245767.1524,19024.26182157948,95.47013726085594,264695.9440843186,False,False
2021-09-27,2573085,2572065,2573062,497280,8,7,16,11,66331.87759999999,59511.3911,52290.392,66264.0,244397.66069999998,19024.26182157948,95.83085842850569,263326.091663151,False,False
2021-09-28,2573085,2572065,2573062,497280,8,7,16,11,64175.652,58460.248,51534.387200000005,63239.0,237409.2872,19024.26182157948,96.1820059876333,256337.36701559188,False,False
2021-09-29,2573085,2572065,2573062,497280,8,7,16,11,63672.5328,58669.0846,51100.384000000005,62865.0,236307.0014,19024.26182157948,96.5316430851889,255234.7315784943,False,False
2021-09-30,7634,497280,3695,1232815,17,11,14,2,61527.5662,63382.0,63765.5774,50980.9196,239656.0632,18836.224921579465,96.88560987488547,258395.4025117046,True,False
2021-10-01,7634,497280,3695,1232815,17,11,14,2,61442.817800000004,64064.0,64588.8726,51024.6852,241120.37560000003,18836.224921579465,97.24158208709329,259859.3589394924,False,False
2021-10-02,7634,497280,3695,1232815,17,11,14,2,61442.817800000004,64064.0,64588.8726,51024.6852,241120.37560000003,18836.224921579465,97.59755381166794,259859.00296776782,False,False
2021-10-03,7634,497280,3695,1232815,17,11,14,2,61442.817800000004,64064.0,64588.8726,51024.6852,241120.37560000003,18836.224921579465,97.95352504861009,259858.64699653088,False,False
2021-10-04,7634,497280,3695,1232815,17,11,14,2,60408.8829,61270.0,62185.380600000004,49695.8034,233560.0669,18836.224921579465,98.29913921066013,252297.99268236881,False,False
2021-10-05,7634,497280,3695,1232815,17,11,14,2,60815.677599999995,62227.0,63460.16039999999,50394.063,236896.90099999998,18836.224921579465,98.64932390488255,255634.47659767457,False,False
2021-10-06,7634,497280,3695,1232815,17,11,14,2,60273.2858,63118.0,64509.198599999996,50547.2426,238447.72699999998,18836.224921579465,99.001632538578,257184.95028904092,False,False
2021-10-07,7634,497280,3695,1232815,17,11,14,2,61324.169700000006,64250.99999999999,65531.6788,51175.8752,242282.7237,18836.224921579465,99.35919410979585,261019.58942746968,False,False
2021-10-08,7634,497280,3695,1232815,17,11,14,2,60917.375,63393.0,64615.43060000001,50678.5392,239604.34480000002,18836.224921579465,99.71308617901157,258340.85663540047,False,False
2021-10-09,7634,497280,3695,1232815,17,11,14,2,60917.375,63393.0,64615.43060000001,50678.5392,239604.34480000002,18836.224921579465,100.06697776344362,258340.50274381606,False,False
2021-10-10,7634,497280,3695,1232815,17,11,14,2,60917.375,63393.0,64615.43060000001,50678.5392,239604.34480000002,18836.224921579465,100.42086886309268,258340.1488527164,False,False
2021-10-11,7634,497280,3695,1232815,17,11,14,2,60408.8829,63063.0,63685.903399999996,50376.159,237533.94529999996,18836.224921579465,100.77192331426079,256269.3982982652,False,False
2021-10-12,7634,497280,3695,1232815,17,11,14,2,60527.531,64240.0,64190.504,49866.887,238824.92200000002,18836.224921579465,101.12474574576527,257560.02217583373,False,False
2021-10-13,7634,497280,3695,1232815,17,11,14,2,60747.8782,66451.0,65359.053199999995,50292.6066,242850.538,18836.224921579465,101.48308223641709,261585.27983934304,False,False
2021-10-14,7634,497280,3695,1232815,17,11,14,2,61968.2606,67727.0,67111.8756,51802.518599999996,248609.65480000002,18836.224921579465,101.84930743729291,267344.0304141421,False,False
2021-10-15,7634,497280,3695,1232815,17,11,14,2,62086.90870000001,67441.0,67961.7288,52236.1956,249725.83310000002,18836.224921579465,102.21706114786022,268459.8409604316,False,False
2021-10-16,7634,497280,3695,1232815,17,11,14,2,62086.90870000001,67441.0,67961.7288,52236.1956,249725.83310000002,18836.224921579465,102.58481435465534,268459.4732072248,False,False
2021-10-17,7634,497280,3695,1232815,17,11,14,2,62086.90870000001,67441.0,67961.7288,52236.1956,249725.83310000002,18836.224921579465,102.95256705767893,268459.1054545218,False,False
2021-10-18,7634,497280,3695,1232815,17,11,14,2,62120.8084,68244.0,68599.1194,52647.9898,251611.91760000002,18836.224921579465,103.32290293432897,270344.8196186451,False,False
2021-10-19,7634,497280,3695,1232815,17,11,14,2,62968.29410000001,69014.0,69581.7626,53250.7612,254814.81790000002,18836.224921579465,103.69762583832711,273547.3451957411,False,False
2021-10-20,7634,497280,3695,1232815,17,11,14,2,63324.240099999995,68838.0,69422.4146,53016.018599999996,254600.67330000002,18836.224921579465,104.0720548802391,273332.8261666992,False,False
2021-10-21,7634,497280,3695,1232815,17,11,14,2,63341.1891,69817.0,69528.64660000001,53620.779200000004,256307.61490000004,18836.224921579465,104.44882168539895,275039.3909998941,False,False
2021-10-22,7634,497280,3695,1232815,17,11,14,2,63086.9422,69080.0,68705.3514,53147.315200000005,254019.6088,18836.224921579465,104.8224537195084,272751.01126785995,False,False
2021-10-23,7634,497280,3695,1232815,17,11,14,2,63086.9422,69080.0,68705.3514,53147.315200000005,254019.6088,18836.224921579465,105.19608524179314,272750.63763633766,False,False
2021-10-24,7634,497280,3695,1232815,17,11,14,2,63086.9422,69080.0,68705.3514,53147.315200000005,254019.6088,18836.224921579465,105.56971625225388,272750.2640053272,False,False
2021-10-25,7634,497280,3695,1232815,17,11,14,2,63171.692299999995,69663.0,70152.7582,53415.8766,256403.3271,18836.224921579465,105.94661211842556,275133.605409461,False,False
2021-10-26,7634,497280,3695,1232815,17,11,14,2,63069.9932,69025.0,69568.4836,53720.246399999996,255383.7232,18836.224921579465,106.3221107506303,274113.6260108288,False,False
2021-10-27,7634,497280,3695,1232815,17,11,14,2,63002.1938,67716.0,67483.6862,53266.6758,251468.5558,18836.224921579465,106.69224562543965,270198.088475954,False,False
2021-10-28,7634,497280,3695,1232815,17,11,14,2,64493.7721,68563.0,68453.0504,54281.2414,255791.0639,18836.224921579465,107.06830123718754,274520.2205203423,False,False
2021-10-29,7634,497280,3695,1232815,17,11,14,2,64510.721099999995,68860.0,68267.1458,54436.4102,256074.2771,18836.224921579465,107.44474429707842,274803.05727728235,False,False
2021-10-30,7634,497280,3695,1232815,17,11,14,2,64510.721099999995,68860.0,68267.1458,54436.4102,256074.2771,18836.224921579465,107.82118684129387,274802.68083473813,False,False
2021-10-31,7634,497280,3695,1232815,17,11,14,2,64510.721099999995,68860.0,68267.1458,54436.4102,256074.2771,18836.224921579465,108.1976288698346,274802.3043927096,False,False
2021-11-01,7634,497280,3695,1232815,17,11,14,2,65307.3598,69432.0,68625.6774,55061.0642,258426.1014,18836.224921579465,108.57729205982461,277153.7490295196,False,False
2021-11-02,7634,497280,3695,1232815,17,11,14,2,65934.5,68618.0,68147.6348,55667.8142,258367.949,18836.224921579465,108.95687506890614,277095.21704651054,False,False
2021-11-03,7634,497280,3695,1232815,17,11,14,2,66273.4953,69168.0,68745.1884,56218.8624,260405.54609999998,18836.224921579465,109.33924878691506,279132.43177279254,False,False
2021-11-04,7634,497280,3695,1232815,17,11,14,2,66561.6402,70158.0,68798.30440000001,58546.395,264064.3396,18836.224921579465,109.72663402701478,282790.83788755245,False,False
2021-11-05,7634,497280,3695,1232815,17,11,14,2,67171.8314,69839.0,68931.093,59003.944,264945.8684,18836.224921579465,110.11522631014842,283671.97809526935,False,False
2021-11-06,7634,497280,3695,1232815,17,11,14,2,67171.8314,69839.0,68931.093,59003.944,264945.8684,18836.224921579465,110.50381806096385,283671.58950351854,False,False
2021-11-07,7634,497280,3695,1232815,17,11,14,2,67171.8314,69839.0,68931.093,59003.944,264945.8684,18836.224921579465,110.89240927946182,283671.20091230003,False,False
2021-11-08,7634,497280,3695,1232815,17,11,14,2,67578.6244,70719.0,69541.9256,60066.253800000006,267905.8038,18836.224921579465,111.28505467167045,286630.7436669078,False,False
2021-11-09,7634,497280,3695,1232815,17,11,14,2,67578.6244,71863.0,68692.0724,60145.8276,268279.5244,18836.224921579465,111.67821147203608,287004.0711101074,False,False
2021-11-10,7634,497280,3695,1232815,17,11,14,2,66053.1481,69146.0,66169.06940000001,58247.99339999999,259616.2109,18836.224921579465,112.05950018109102,278340.37632139836,False,False
2021-11-11,7634,497280,3695,1232815,17,11,14,2,66900.6355,69311.0,67018.9226,59296.37760000001,262526.93570000003,18836.224921579465,112.44477566207924,281250.7158459174,False,False
2021-11-12,7634,497280,3695,1232815,17,11,14,2,67578.6244,70631.0,67735.9872,59899.1488,265844.7604,18836.224921579465,112.8345955806353,284568.15072599886,False,False
2021-11-13,7634,497280,3695,1232815,17,11,14,2,67578.6244,70631.0,67735.9872,59899.1488,265844.7604,18836.224921579465,113.22441496519146,284567.7609066143,False,False
2021-11-14,7634,497280,3695,1232815,17,11,14,2,67578.6244,70631.0,67735.9872,59899.1488,265844.7604,18836.224921579465,113.61423381574846,284567.37108776375,False,False
2021-11-15,7634,497280,3695,1232815,17,11,14,2,67646.4238,69960.0,67377.45420000001,59819.5752,264803.4532,18836.224921579465,114.00262568408786,283525.6754958954,False,False
2021-11-16,7634,497280,3695,1232815,17,11,14,2,68375.2631,70642.0,67563.3602,60595.419200000004,267176.0425,18836.224921579465,114.39426714271238,285897.87315443676,False,False
2021-11-17,7634,497280,3695,1232815,17,11,14,2,68239.6643,69311.0,65876.9328,60235.348,263662.9451,18836.224921579465,114.78109560264997,282384.3889259768,False,False
2021-11-18,7634,497280,3695,1232815,17,11,14,2,68205.7646,68354.0,64230.34100000001,61717.4094,262507.515,18836.224921579465,115.16634075172665,281228.57358082774,False,False
2021-11-19,7634,497280,3695,1232815,17,11,14,2,67748.1229,67331.0,64588.8726,62107.3208,261775.3163,18836.224921579465,115.55058236115244,280495.9906392183,False,False
2021-11-20,7634,497280,3695,1232815,17,11,14,2,67748.1229,67331.0,64588.8726,62107.3208,261775.3163,18836.224921579465,115.93482344421986,280495.60639813525,False,False
2021-11-21,7634,497280,3695,1232815,17,11,14,2,67748.1229,67331.0,64588.8726,62107.3208,261775.3163,18836.224921579465,116.31906400092963,280495.22215757857,False,False
2021-11-22,7634,497280,3695,1232815,17,11,14,2,67154.8807,63580.0,61587.827,61170.3398,253493.0475,18836.224921579465,116.69195845758385,272212.5804631219,False,False
2021-11-23,7634,497280,3695,1232815,17,11,14,2,66222.6449,62084.0,61640.94300000001,60726.716,250674.3039,18836.224921579465,117.060991110821,269393.46783046867,False,False
2021-11-24,7634,497280,3695,1232815,17,11,14,2,65849.7516,63140.0,62172.1016,61339.43400000001,252501.28720000002,18836.224921579465,117.4325259753833,271220.0795956041,False,False
2021-11-25,7634,497280,3695,1232815,17,11,14,2,65849.7516,63140.0,62172.1016,61339.43400000001,252501.28720000002,18836.224921579465,117.80406033099372,271219.7080612485,False,False
2021-11-26,7634,497280,3695,1232815,17,11,14,2,63697.1334,62843.0,61335.5274,59560.960399999996,247436.6212,18836.224921579465,118.16865627902283,266154.6774653004,False,False
2021-11-27,7634,497280,3695,1232815,17,11,14,2,63697.1334,62843.0,61335.5274,59560.960399999996,247436.6212,18836.224921579465,118.53325172760543,266154.3128698519,False,False
2021-11-28,7634,497280,3695,1232815,17,11,14,2,63697.1334,62843.0,61335.5274,59560.960399999996,247436.6212,18836.224921579465,118.89784667674222,266153.9482749027,False,False
2021-11-29,7634,497280,3695,1232815,17,11,14,2,64934.4648,63425.99999999999,61760.454,61952.152,252073.0708,18836.224921579465,119.26879242725579,270790.0269291522,False,False
2021-11-30,7634,497280,3695,1232815,17,11,14,2,64086.9774,61919.0,60605.1838,60655.09960000001,247266.26080000002,18836.224921579465,119.63315299839161,265982.85256858106,False,False
2021-12-01,7634,497280,3695,1232815,17,11,14,2,63968.3293,57849.00000000001,58188.412800000006,60440.250400000004,240445.99250000005,18836.224921579465,119.9881702371157,259162.22925134236,False,False
2021-12-02,7634,497280,3695,1232815,17,11,14,2,64358.173299999995,58828.0,58467.2718,60597.4086,242250.8537,18836.224921579465,120.34565940211753,260966.73296217737,False,False
2021-12-03,7634,497280,3695,1232815,17,11,14,2,63375.0888,56089.0,56276.2424,59909.0956,235649.42680000002,18836.224921579465,120.69410502686024,254364.9576165526,False,False
2021-12-04,7634,497280,3695,1232815,17,11,14,2,63375.0888,56089.0,56276.2424,59909.0956,235649.42680000002,18836.224921579465,121.04255017428018,254364.60917140517,False,False
2021-12-05,7634,497280,3695,1232815,17,11,14,2,63375.0888,56089.0,56276.2424,59909.0956,235649.42680000002,18836.224921579465,121.390994844378,254364.26072673508,False,False
2021-12-06,7634,497280,3695,1232815,17,11,14,2,64171.72580000001,56331.0,57033.14259999999,59680.321,237216.1894,18836.224921579465,121.74158528729133,255930.67273629218,False,False
2021-12-07,7634,497280,3695,1232815,17,11,14,2,66188.7452,59488.0,59649.0986,62574.8166,247900.6604,18836.224921579465,122.10681151158762,266614.7785100679,False,False
2021-12-08,7634,497280,3695,1232815,17,11,14,2,66680.2883,60907.0,59874.8416,62304.265799999994,249766.3957,18836.224921579465,122.47459303735484,268480.14602854213,False,False
2021-12-09,7634,497280,3695,1232815,17,11,14,2,65951.449,58674.00000000001,57936.11320000001,60796.343,243357.90519999998,18836.224921579465,122.83359530520215,262071.29652627424,False,False
2021-12-10,7634,497280,3695,1232815,17,11,14,2,65934.5,57475.0,57351.838599999995,61182.2758,241943.6144,18836.224921579465,123.19065969660801,260656.64866188285,False,False
2021-12-11,7634,497280,3695,1232815,17,11,14,2,65934.5,57475.0,57351.838599999995,61182.2758,241943.6144,18836.224921579465,123.54772359888456,260656.29159798057,False,False
2021-12-12,7634,497280,3695,1232815,17,11,14,2,65934.5,57475.0,57351.838599999995,61182.2758,241943.6144,18836.224921579465,123.90478701203247,260655.93453456744,False,False
2021-12-13,7634,497280,3695,1232815,17,11,14,2,65036.16389999999,57288.0,56541.820999999996,59594.779200000004,238460.76409999997,18836.224921579465,124.25707890824421,257172.7319426712,False,False
2021-12-14,7634,497280,3695,1232815,17,11,14,2,64002.229,55781.0,55559.177800000005,59250.6228,234593.0296,18836.224921579465,124.60407205542595,253304.65044952405,False,False
2021-12-15,7634,497280,3695,1232815,17,11,14,2,65646.35339999999,57211.0,56674.611,61701.4946,241233.459,18836.224921579465,124.96016120590474,259944.72376037357,False,False
2021-12-16,7634,497280,3695,1232815,17,11,14,2,64120.8771,54989.0,54961.62560000001,59019.858799999995,233091.3615,18836.224921579465,125.305096310371,251802.2813252691,False,False
2021-12-17,7634,497280,3695,1232815,17,11,14,2,64070.028399999996,56694.0,54895.230599999995,58743.340000000004,234402.599,18836.224921579465,125.65182715807684,253113.17209442137,False,False
2021-12-18,7634,497280,3695,1232815,17,11,14,2,64070.028399999996,56694.0,54895.230599999995,58743.340000000004,234402.599,18836.224921579465,125.99855753080892,253112.82536404865,False,False
2021-12-19,7634,497280,3695,1232815,17,11,14,2,64070.028399999996,56694.0,54895.230599999995,58743.340000000004,234402.599,18836.224921579465,126.3452874285679,253112.4786341509,False,False
2021-12-20,7634,497280,3695,1232815,17,11,14,2,63324.240099999995,55902.0,53500.9398,58302.0,231029.1799,18836.224921579465,126.68739572929961,249738.71742585016,False,False
2021-12-21,7634,497280,3695,1232815,17,11,14,2,64748.0173,58355.0,55864.5948,60408.00000000001,239375.6121,18836.224921579465,127.04093703015694,258084.79608454934,False,False
2021-12-22,7634,497280,3695,1232815,17,11,14,2,65527.7053,58322.0,56302.80039999999,61126.0,241278.50569999998,18836.224921579465,127.39708455027277,259987.33353702922,False,False
2021-12-23,7634,497280,3695,1232815,17,11,14,2,66256.5446,58432.0,56701.169,61652.0,243041.7136,18836.224921579465,127.75564693580294,261750.18287464365,False,False
2021-12-24,7634,497280,3695,1232815,17,11,14,2,66256.5446,58432.0,56701.169,61652.0,243041.7136,18836.224921579465,128.11420883015177,261749.82431274932,False,False
2021-12-25,7634,497280,3695,1232815,17,11,14,2,66256.5446,58432.0,56701.169,61652.0,243041.7136,18836.224921579465,128.47277023331992,261749.46575134614,False,False
2021-12-26,7634,497280,3695,1232815,17,11,14,2,66256.5446,58432.0,56701.169,61652.0,243041.7136,18836.224921579465,128.83133114530807,261749.10719043415,False,False
2021-12-27,7634,497280,3695,1232815,17,11,14,2,67188.7804,58553.0,57272.164600000004,63312.0,246325.945,18836.224921579465,129.19439051324017,265032.97553106624,False,False
2021-12-28,7634,497280,3695,1232815,17,11,14,2,66748.0877,57552.0,56170.01040000001,62688.0,243158.0981,18836.224921579465,129.5531098675293,261864.76991171195,False,False
2021-12-29,7634,497280,3695,1232815,17,11,14,2,66832.8361,57255.0,55771.6418,62678.0,242537.4779,18836.224921579465,129.9109785657645,261243.7918430137,False,False
2021-12-30,7634,497280,3695,1232815,17,11,14,2,66691.0,58058.0,56630.00000000001,61966.0,243345.0,18836.224921579465,130.26995296842617,262050.95496861104,False,False
2021-12-31,7634,497280,3695,1232815,17,11,14,2,66538.0,57046.0,56042.0,61758.00000000001,241384.0,18705.598681001495,0.0,260089.5986810015,False,True
